/*
 Navicat Premium Data Transfer

 Source Server         : mysql-127
 Source Server Type    : MySQL
 Source Server Version : 80036 (8.0.36)
 Source Host           : localhost:3306
 Source Schema         : coflxl_api_platform

 Target Server Type    : MySQL
 Target Server Version : 80036 (8.0.36)
 File Encoding         : 65001

 Date: 20/04/2026 22:55:13
*/

SET NAMES utf8mb4;
SET FOREIGN_KEY_CHECKS = 0;

-- ----------------------------
-- Table structure for act_evt_log
-- ----------------------------
DROP TABLE IF EXISTS `act_evt_log`;
CREATE TABLE `act_evt_log`  (
  `LOG_NR_` bigint NOT NULL AUTO_INCREMENT,
  `TYPE_` varchar(64) CHARACTER SET utf8mb3 COLLATE utf8mb3_bin NULL DEFAULT NULL,
  `PROC_DEF_ID_` varchar(64) CHARACTER SET utf8mb3 COLLATE utf8mb3_bin NULL DEFAULT NULL,
  `PROC_INST_ID_` varchar(64) CHARACTER SET utf8mb3 COLLATE utf8mb3_bin NULL DEFAULT NULL,
  `EXECUTION_ID_` varchar(64) CHARACTER SET utf8mb3 COLLATE utf8mb3_bin NULL DEFAULT NULL,
  `TASK_ID_` varchar(64) CHARACTER SET utf8mb3 COLLATE utf8mb3_bin NULL DEFAULT NULL,
  `TIME_STAMP_` timestamp(3) NOT NULL DEFAULT CURRENT_TIMESTAMP(3),
  `USER_ID_` varchar(255) CHARACTER SET utf8mb3 COLLATE utf8mb3_bin NULL DEFAULT NULL,
  `DATA_` longblob NULL,
  `LOCK_OWNER_` varchar(255) CHARACTER SET utf8mb3 COLLATE utf8mb3_bin NULL DEFAULT NULL,
  `LOCK_TIME_` timestamp(3) NULL DEFAULT NULL,
  `IS_PROCESSED_` tinyint NULL DEFAULT 0,
  PRIMARY KEY (`LOG_NR_`) USING BTREE
) ENGINE = InnoDB CHARACTER SET = utf8mb3 COLLATE = utf8mb3_bin ROW_FORMAT = Dynamic;

-- ----------------------------
-- Records of act_evt_log
-- ----------------------------

-- ----------------------------
-- Table structure for act_ge_bytearray
-- ----------------------------
DROP TABLE IF EXISTS `act_ge_bytearray`;
CREATE TABLE `act_ge_bytearray`  (
  `ID_` varchar(64) CHARACTER SET utf8mb3 COLLATE utf8mb3_bin NOT NULL,
  `REV_` int NULL DEFAULT NULL,
  `NAME_` varchar(255) CHARACTER SET utf8mb3 COLLATE utf8mb3_bin NULL DEFAULT NULL,
  `DEPLOYMENT_ID_` varchar(64) CHARACTER SET utf8mb3 COLLATE utf8mb3_bin NULL DEFAULT NULL,
  `BYTES_` longblob NULL,
  `GENERATED_` tinyint NULL DEFAULT NULL,
  PRIMARY KEY (`ID_`) USING BTREE,
  INDEX `ACT_FK_BYTEARR_DEPL`(`DEPLOYMENT_ID_` ASC) USING BTREE,
  CONSTRAINT `ACT_FK_BYTEARR_DEPL` FOREIGN KEY (`DEPLOYMENT_ID_`) REFERENCES `act_re_deployment` (`ID_`) ON DELETE RESTRICT ON UPDATE RESTRICT
) ENGINE = InnoDB CHARACTER SET = utf8mb3 COLLATE = utf8mb3_bin ROW_FORMAT = Dynamic;

-- ----------------------------
-- Records of act_ge_bytearray
-- ----------------------------
INSERT INTO `act_ge_bytearray` VALUES ('0383b1cb-3bf3-11f1-8094-52284ac9a333', 1, 'process_4.bpmn20.xml', '0383b1ca-3bf3-11f1-8094-52284ac9a333', 0x3C3F786D6C2076657273696F6E3D22312E302220656E636F64696E673D225554462D38223F3E0A3C646566696E6974696F6E7320786D6C6E733D22687474703A2F2F7777772E6F6D672E6F72672F737065632F42504D4E2F32303130303532342F4D4F44454C2220786D6C6E733A7873693D22687474703A2F2F7777772E77332E6F72672F323030312F584D4C536368656D612D696E7374616E63652220786D6C6E733A62706D6E64693D22687474703A2F2F7777772E6F6D672E6F72672F737065632F42504D4E2F32303130303532342F44492220786D6C6E733A6F6D6764633D22687474703A2F2F7777772E6F6D672E6F72672F737065632F44442F32303130303532342F44432220786D6C6E733A62696F633D22687474703A2F2F62706D6E2E696F2F736368656D612F62706D6E2F62696F636F6C6F722F312E302220786D6C6E733A64693D22687474703A2F2F7777772E6F6D672E6F72672F737065632F44442F32303130303532342F44492220786D6C6E733A666C6F7761626C653D22687474703A2F2F666C6F7761626C652E6F72672F62706D6E2220786D6C6E733A7873643D22687474703A2F2F7777772E77332E6F72672F323030312F584D4C536368656D6122207461726765744E616D6573706163653D22687474703A2F2F7777772E666C6F7761626C652E6F72672F70726F63657373646566223E0A20203C70726F636573732069643D2270726F636573735F66796A797072677022206E616D653D226E616D655F6962693375306C672220666C6F7761626C653A70726F6365737343617465676F72793D224C45415645223E0A202020203C73746172744576656E742069643D2273746172744E6F64653122206E616D653D22E5BC80E5A78B223E0A2020202020203C6F7574676F696E673E466C6F775F30777A396C6D373C2F6F7574676F696E673E0A202020203C2F73746172744576656E743E0A202020203C73657175656E6365466C6F772069643D22466C6F775F30777A396C6D372220736F757263655265663D2273746172744E6F64653122207461726765745265663D2241637469766974795F30636F73686A6E22202F3E0A202020203C6578636C7573697665476174657761792069643D22476174657761795F30667564733066223E0A2020202020203C696E636F6D696E673E466C6F775F303374307078643C2F696E636F6D696E673E0A2020202020203C6F7574676F696E673E466C6F775F3169687569787A3C2F6F7574676F696E673E0A2020202020203C6F7574676F696E673E466C6F775F306D6A687A75773C2F6F7574676F696E673E0A202020203C2F6578636C7573697665476174657761793E0A202020203C73657175656E6365466C6F772069643D22466C6F775F303374307078642220736F757263655265663D2241637469766974795F30636F73686A6E22207461726765745265663D22476174657761795F3066756473306622202F3E0A202020203C73657175656E6365466C6F772069643D22466C6F775F3169687569787A2220736F757263655265663D22476174657761795F3066756473306622207461726765745265663D2241637469766974795F31396A36367864223E0A2020202020203C636F6E646974696F6E45787072657373696F6E207873693A747970653D2274466F726D616C45787072657373696F6E223E247B6F7574636F6D653D3D2027415050524F5645277D3C2F636F6E646974696F6E45787072657373696F6E3E0A202020203C2F73657175656E6365466C6F773E0A202020203C6578636C7573697665476174657761792069643D22476174657761795F30646F6F377477223E0A2020202020203C696E636F6D696E673E466C6F775F31336E716F77703C2F696E636F6D696E673E0A2020202020203C6F7574676F696E673E466C6F775F30743879796C683C2F6F7574676F696E673E0A2020202020203C6F7574676F696E673E466C6F775F3066306D7669763C2F6F7574676F696E673E0A202020203C2F6578636C7573697665476174657761793E0A202020203C73657175656E6365466C6F772069643D22466C6F775F31336E716F77702220736F757263655265663D2241637469766974795F31396A3636786422207461726765745265663D22476174657761795F30646F6F37747722202F3E0A202020203C73657175656E6365466C6F772069643D22466C6F775F306D6A687A75772220736F757263655265663D22476174657761795F3066756473306622207461726765745265663D2241637469766974795F30726338636C69223E0A2020202020203C636F6E646974696F6E45787072657373696F6E207873693A747970653D2274466F726D616C45787072657373696F6E223E247B6F7574636F6D653D3D202752454A454354277D3C2F636F6E646974696F6E45787072657373696F6E3E0A202020203C2F73657175656E6365466C6F773E0A202020203C73657175656E6365466C6F772069643D22466C6F775F317134306778632220736F757263655265663D2241637469766974795F30726338636C6922207461726765745265663D2241637469766974795F30636F73686A6E22202F3E0A202020203C73657175656E6365466C6F772069643D22466C6F775F30743879796C682220736F757263655265663D22476174657761795F30646F6F37747722207461726765745265663D2241637469766974795F30726338636C69223E0A2020202020203C636F6E646974696F6E45787072657373696F6E207873693A747970653D2274466F726D616C45787072657373696F6E223E247B6F7574636F6D653D3D202752454A454354277D3C2F636F6E646974696F6E45787072657373696F6E3E0A202020203C2F73657175656E6365466C6F773E0A202020203C656E644576656E742069643D224576656E745F31796965717068223E0A2020202020203C696E636F6D696E673E466C6F775F3066306D7669763C2F696E636F6D696E673E0A202020203C2F656E644576656E743E0A202020203C73657175656E6365466C6F772069643D22466C6F775F3066306D7669762220736F757263655265663D22476174657761795F30646F6F37747722207461726765745265663D224576656E745F31796965717068223E0A2020202020203C636F6E646974696F6E45787072657373696F6E207873693A747970653D2274466F726D616C45787072657373696F6E223E247B6F7574636F6D653D3D2027415050524F5645277D3C2F636F6E646974696F6E45787072657373696F6E3E0A202020203C2F73657175656E6365466C6F773E0A202020203C757365725461736B2069643D2241637469766974795F30636F73686A6E22206E616D653D22E4B880E7BAA7E5AEA1E689B92220666C6F7761626C653A666F726D4B65793D22417070726F76653A4C6576656C312220666C6F7761626C653A63616E64696461746547726F7570733D2241444D494E2220666C6F7761626C653A61737369676E65653D2232223E0A2020202020203C646F63756D656E746174696F6E3EE4B880E7BAA7E5AEA1E689B93C2F646F63756D656E746174696F6E3E0A2020202020203C696E636F6D696E673E466C6F775F30777A396C6D373C2F696E636F6D696E673E0A2020202020203C696E636F6D696E673E466C6F775F317134306778633C2F696E636F6D696E673E0A2020202020203C6F7574676F696E673E466C6F775F303374307078643C2F6F7574676F696E673E0A202020203C2F757365725461736B3E0A202020203C757365725461736B2069643D2241637469766974795F31396A3636786422206E616D653D22E4BA8CE7BAA7E5AEA1E689B92220666C6F7761626C653A666F726D4B65793D22417070726F76653A4C6576656C322220666C6F7761626C653A63616E64696461746555736572733D22312C32223E0A2020202020203C696E636F6D696E673E466C6F775F3169687569787A3C2F696E636F6D696E673E0A2020202020203C6F7574676F696E673E466C6F775F31336E716F77703C2F6F7574676F696E673E0A202020203C2F757365725461736B3E0A202020203C757365725461736B2069643D2241637469766974795F30726338636C6922206E616D653D22E8BF94E59B9EE5A1ABE58699223E0A2020202020203C696E636F6D696E673E466C6F775F306D6A687A75773C2F696E636F6D696E673E0A2020202020203C696E636F6D696E673E466C6F775F30743879796C683C2F696E636F6D696E673E0A2020202020203C6F7574676F696E673E466C6F775F317134306778633C2F6F7574676F696E673E0A202020203C2F757365725461736B3E0A20203C2F70726F636573733E0A20203C62706D6E64693A42504D4E4469616772616D2069643D2242504D4E4469616772616D5F666C6F77223E0A202020203C62706D6E64693A42504D4E506C616E652069643D2242504D4E506C616E655F666C6F77222062706D6E456C656D656E743D2270726F636573735F66796A7970726770223E0A2020202020203C62706D6E64693A42504D4E456467652069643D22466C6F775F3066306D7669765F6469222062706D6E456C656D656E743D22466C6F775F3066306D766976223E0A20202020202020203C64693A776179706F696E7420783D223733352220793D2232313022202F3E0A20202020202020203C64693A776179706F696E7420783D223830392220793D2232313022202F3E0A20202020202020203C64693A776179706F696E7420783D223830392220793D2232323022202F3E0A20202020202020203C64693A776179706F696E7420783D223930322220793D2232323022202F3E0A2020202020203C2F62706D6E64693A42504D4E456467653E0A2020202020203C62706D6E64693A42504D4E456467652069643D22466C6F775F30743879796C685F6469222062706D6E456C656D656E743D22466C6F775F30743879796C68223E0A20202020202020203C64693A776179706F696E7420783D223731302220793D2232333522202F3E0A20202020202020203C64693A776179706F696E7420783D223731302220793D2234363022202F3E0A20202020202020203C64693A776179706F696E7420783D223430302220793D2234363022202F3E0A2020202020203C2F62706D6E64693A42504D4E456467653E0A2020202020203C62706D6E64693A42504D4E456467652069643D22466C6F775F317134306778635F6469222062706D6E456C656D656E743D22466C6F775F31713430677863223E0A20202020202020203C64693A776179706F696E7420783D223330302220793D2234363022202F3E0A20202020202020203C64693A776179706F696E7420783D223137302220793D2234363022202F3E0A20202020202020203C64693A776179706F696E7420783D223137302220793D2232373022202F3E0A2020202020203C2F62706D6E64693A42504D4E456467653E0A2020202020203C62706D6E64693A42504D4E456467652069643D22466C6F775F306D6A687A75775F6469222062706D6E456C656D656E743D22466C6F775F306D6A687A7577223E0A20202020202020203C64693A776179706F696E7420783D223335302220793D2232323522202F3E0A20202020202020203C64693A776179706F696E7420783D223335302220793D2234323022202F3E0A2020202020203C2F62706D6E64693A42504D4E456467653E0A2020202020203C62706D6E64693A42504D4E456467652069643D22466C6F775F31336E716F77705F6469222062706D6E456C656D656E743D22466C6F775F31336E716F7770223E0A20202020202020203C64693A776179706F696E7420783D223537302220793D2232313022202F3E0A20202020202020203C64693A776179706F696E7420783D223638352220793D2232313022202F3E0A2020202020203C2F62706D6E64693A42504D4E456467653E0A2020202020203C62706D6E64693A42504D4E456467652069643D22466C6F775F3169687569787A5F6469222062706D6E456C656D656E743D22466C6F775F3169687569787A223E0A20202020202020203C64693A776179706F696E7420783D223337352220793D2232303022202F3E0A20202020202020203C64693A776179706F696E7420783D223432332220793D2232303022202F3E0A20202020202020203C64693A776179706F696E7420783D223432332220793D2232313022202F3E0A20202020202020203C64693A776179706F696E7420783D223437302220793D2232313022202F3E0A2020202020203C2F62706D6E64693A42504D4E456467653E0A2020202020203C62706D6E64693A42504D4E456467652069643D22466C6F775F303374307078645F6469222062706D6E456C656D656E743D22466C6F775F30337430707864223E0A20202020202020203C64693A776179706F696E7420783D223234302220793D2232333022202F3E0A20202020202020203C64693A776179706F696E7420783D223238332220793D2232333022202F3E0A20202020202020203C64693A776179706F696E7420783D223238332220793D2232303022202F3E0A20202020202020203C64693A776179706F696E7420783D223332352220793D2232303022202F3E0A2020202020203C2F62706D6E64693A42504D4E456467653E0A2020202020203C62706D6E64693A42504D4E456467652069643D22466C6F775F30777A396C6D375F6469222062706D6E456C656D656E743D22466C6F775F30777A396C6D37223E0A20202020202020203C64693A776179706F696E7420783D2233352220793D2232323022202F3E0A20202020202020203C64693A776179706F696E7420783D2238332220793D2232323022202F3E0A20202020202020203C64693A776179706F696E7420783D2238332220793D2232333022202F3E0A20202020202020203C64693A776179706F696E7420783D223134302220793D2232333022202F3E0A2020202020203C2F62706D6E64693A42504D4E456467653E0A2020202020203C62706D6E64693A42504D4E53686170652069643D2242504D4E53686170655F73746172744E6F646531222062706D6E456C656D656E743D2273746172744E6F646531222062696F633A7374726F6B653D22223E0A20202020202020203C6F6D6764633A426F756E647320783D22352220793D22323035222077696474683D22333022206865696768743D22333022202F3E0A20202020202020203C62706D6E64693A42504D4E4C6162656C3E0A202020202020202020203C6F6D6764633A426F756E647320783D22382220793D22323432222077696474683D22323222206865696768743D22313422202F3E0A20202020202020203C2F62706D6E64693A42504D4E4C6162656C3E0A2020202020203C2F62706D6E64693A42504D4E53686170653E0A2020202020203C62706D6E64693A42504D4E53686170652069643D22476174657761795F306675647330665F6469222062706D6E456C656D656E743D22476174657761795F30667564733066222069734D61726B657256697369626C653D2274727565223E0A20202020202020203C6F6D6764633A426F756E647320783D223332352220793D22313735222077696474683D22353022206865696768743D22353022202F3E0A2020202020203C2F62706D6E64693A42504D4E53686170653E0A2020202020203C62706D6E64693A42504D4E53686170652069643D22476174657761795F30646F6F3774775F6469222062706D6E456C656D656E743D22476174657761795F30646F6F377477222069734D61726B657256697369626C653D2274727565223E0A20202020202020203C6F6D6764633A426F756E647320783D223638352220793D22313835222077696474683D22353022206865696768743D22353022202F3E0A2020202020203C2F62706D6E64693A42504D4E53686170653E0A2020202020203C62706D6E64693A42504D4E53686170652069643D224576656E745F317969657170685F6469222062706D6E456C656D656E743D224576656E745F31796965717068223E0A20202020202020203C6F6D6764633A426F756E647320783D223930322220793D22323032222077696474683D22333622206865696768743D22333622202F3E0A2020202020203C2F62706D6E64693A42504D4E53686170653E0A2020202020203C62706D6E64693A42504D4E53686170652069643D2241637469766974795F31777274346D645F6469222062706D6E456C656D656E743D2241637469766974795F30636F73686A6E223E0A20202020202020203C6F6D6764633A426F756E647320783D223134302220793D22313930222077696474683D2231303022206865696768743D22383022202F3E0A2020202020203C2F62706D6E64693A42504D4E53686170653E0A2020202020203C62706D6E64693A42504D4E53686170652069643D2241637469766974795F316B32637378685F6469222062706D6E456C656D656E743D2241637469766974795F31396A36367864223E0A20202020202020203C6F6D6764633A426F756E647320783D223437302220793D22313730222077696474683D2231303022206865696768743D22383022202F3E0A2020202020203C2F62706D6E64693A42504D4E53686170653E0A2020202020203C62706D6E64693A42504D4E53686170652069643D2241637469766974795F306170737671345F6469222062706D6E456C656D656E743D2241637469766974795F30726338636C69223E0A20202020202020203C6F6D6764633A426F756E647320783D223330302220793D22343230222077696474683D2231303022206865696768743D22383022202F3E0A2020202020203C2F62706D6E64693A42504D4E53686170653E0A202020203C2F62706D6E64693A42504D4E506C616E653E0A20203C2F62706D6E64693A42504D4E4469616772616D3E0A3C2F646566696E6974696F6E733E0A, 0);
INSERT INTO `act_ge_bytearray` VALUES ('03c3a0fc-3bf3-11f1-8094-52284ac9a333', 1, 'process_4.process_fyjyprgp.png', '0383b1ca-3bf3-11f1-8094-52284ac9a333', 0x89504E470D0A1A0A0000000D49484452000003B4000001FE0806000000AC9B428D00002ED349444154785EEDDD0DBC64657D1FF0C526C698B4314DD336B5364D4D9AB7A6499B364DD2B46C5293D458B449999D9DBB2EECEA226040494334A51A17B16930B649E35B494C8D460CD516051A04619775832C41886FA022610179D9AC808018771781E9F3E08E9FEB73CFBDF7DCB933E7FCCFCCF7FBF9FC3F977DE6CCCCD93B3BFFE7FFE3DC970D1B00000000000000000000000000000000000000000000000000000000000000000000000000000000000000000000000000000000000000000000000000000000000000000000000000000000000000000000000000000000000000000000000000000000000000000000000000000000000000000000000000000000000000000000000000000000000000000000000000000000000000000000000000000000000000000000000000000000000000000000000000000000000000000000000000000000000000000000000000000000000000000000000000000000000000000000000000000000000000000000000000000000000000000000000000000000000000000000000000000000000000000000000000000000000000000000000000000000000000000000000000000000000000000000000000000000000000000000000000000000000000000000000000000000000000000000000000000000000000000000000000000000000000000000000000000000000000000000000000000000000000000000000000000000000000000000000000000000000000000000000000000000000000000000000000000000000000000000000000000000000000000000000000000000000000000000000000000000000000000000000000000000000000000000000000000000000000000000000000000000000000000000000000000000000000000000000000000000000000000000000000000000000000000000000000000000000000000000000000000000000000000000000000000000000000000000000000000000000000000000000000000000000000000000000000000000000000000000000000002094E170F8E4FDFBF7BF6BDFBE7D8FECDAB56B78C51557A8862B7DDE1FDFBB77EF3DBB77EF7E5EF9FA000000B08C1466DF9DC2D4F0E0C183C343870E0D8F1C39A21AAEFC79CF9FFF3D7BF63C9402EE73CAD7080000800AF9CA6C0E5365C852CDD7810307EE4B81F6BAF235020000A042FE3263576663547E1D52A03D5CBE460000C0F89E5A2E303BF2F77096C14AB557F9F5285F230000603CC7A63A78F42333A86EA0FDC2830786FB3FF4D6E14D57BEFA89CAFF9DD7CAE3D4FA4AA0050080C91885D9338F7E146A67509D40FBF003770F6FBCFC95C38FFEF1AF7C55E5B57C5B79BC1ABF045A000058BFF2CA6CF96766449D407BE74D172F09B3A3BAEBA64B961CAFC62F81160000D667B9F0BADC3A1D5627D07EF2AA739704D951E5DBCAE3D5F825D00200C0F8560BADABDD4EC7D409B4375EB17349901D55BEAD3C5E8D5F022D00008CA76E58AD7B1C1D20D0C62A81160000D66EAD2175ADC713549D409B7FAA71196447956F2B8F57E397400B00006B336E381DF77E045227D0DEF2C1372C09B2A3CAB795C7ABF14BA0050080FAD61B4AD77B7F5A5627D0DE7FF7C78637BEFF554BC26C5ECBB795C7ABF14BA00500807A26154627F538B4A04EA0CD75DBF56F5F1268F35A799C5A5F09B4ACD153CB0500807930E9103AE9C7A321B502EDE1C3C35BAE79F392409BD7F26D4B8E57639740CB1AE8BB00C05C9AD61034ADC7658A560BB40F3F70F7F0D31F7CFD92303BAA7C5B3EA6BC9F1AAF045A6A1AF5DB338F7ED4770180B930EDD039EDC767C2960DB4870F0F0FDCB27BF8F1CBCE5A1262CBCAC7E4635DAD5D7F09B4D450F6D9F2CF00003369F1D0734CAA138F7E5C8FAAC7315C754855A05DEDAAEC72E56AEDFA4BA06515CBF5D7E5D60100664219667F3F551E9CF3C77143ED4A8F63B8EA88AA405BE7AAEC7295EF5B3E9EAA5F022D2B58ADAFAE763B005D331C0E9FBC7FFFFE77EDDBB7EF915DBB763D3128A8662B7DDE1FDFBB77EF3DBB77EF7E5EF9FAD09872C83971C39743E8A8CA305AC7E2303BAA13BEEA88A5CF4B40F97D5A86AA32A4AEB5CAC753F52BBF1EE56B041BEAF7D3BAC701D00529CCBE3B85A9E1C1830787870E1D5A3238A8E957FEBCE7CFFF9E3D7B1E4A83DA73CAD788A9AB1A6EAAC2E85A426DD5FDDF7274BD54F5FC04521568557B25D05261AD7D74ADC7031055BE329BC3543930A8E6EBC08103F7A541EDBAF23562AA561A6AAA42699D505B75BFE5C2ECC84AE741CB04DA5825D05218B77F8E7B3F0022C95F66ECCA6C8CCAAF431AD40E97AF1153536798A90AA72B85DAAAE3570BB32375CE871608B4B14AA06591F5F6CDF5DE1F80B619D4629541AD316B1962AA426A55A8AD3AAE6E981D59CB79D1107D3256E9931C35A97E39A9C701A00D7507B52F3C7860B8FF436F1DDE74E5AB9FA8FCDF79AD3C4EADAF0C6AF56DDEBCF9AA541BCBF51AC6195EAAC2EAE2505B75FB5AC3ECC838E7C714D5ED93AA99D227D930F93E39E9C703A0297506B5FC3B136FBCFC954B7E4A675EF3FB14275B06B5FA52981D1EADB504DBF50C2D55A135FFF94915EBE386D991F59C271356A74FAAE64A9F9C7BD3EA8FD37A5C00A6A9CEA076E74D172F09B3A3BAEBA64B961CAFC62F835A7D8B026DDD603B8961A52AD4DE5CFC79BD61766412E7CB04D4E993AAB9D227E7DAB4FBE2B41F1F8049AB33A87DF2AA739704D951E5DBCAE3D5F86550ABAF22D0AE146C2739A45485DA4987D991499E3763AAD3275573A54FCEADC5FD30F7D9138F7E5C8FAAC7D17701BAA4CEA076E3153B9704D951E5DBCAE3D5F86550ABAF22C896350AB6D3184EF29719975766F39FF3FAA44DE3FC59833A7D523557FAE45C2AC3ECE87F2A56FD80BEBA567A1C7D17A02BEA0C6A026D73D5A541AD224086AD74BA6796E7BF0E2B5DA12D87A24939B3FC3B75B1CABF5457D4E993AAB9EA529F6422CA7079E286F5F7DDAA3E7EC2571DB1F4790188A8CEA0967FAA71196447956F2B8F57E3579706B5B6034A199616D5559BBFFA4B8E273994540D41E595DA7186AB954CF2FC5BD3F6BF97F5A8D3275573D5A53EC9BA55F5BFAA3EBC96BE5B75FFE5BE5DA4EAF961666DDBB6ED6969BF3EBEDFEFFF4EFAB82BD56DA9BE7874BECA1FF39F771DBDFDF87C7CF918D0B83A83DA2D1F7CC392203BAA7C5B79BC1ABFBA34A8B51D508A105B1564179BC450B2DC1054F5538ED7325CAD6412E71D42DBFF5ED6A34E9F54CD5597FA24EBB252FFABEAC775FA6ED5FD960BB3232B9D07CC84C160F0D3699FBE30D5918AF96AA5CAC75F98EF5F3E2634A6CEA076FFDD1F1BDEF8FE572D09B3792DDF561EAFC6AF2E0D6A6D079445CD74A520BBD87A8692D586A0AADBEB0C572B59CFF986D3F6BF97F5A8D3275573D5A53EC9D8EAF4BFB5F6DDAAE3570BB32375CE073A2705D11F4BFBF3B51541759CBA363F5EF91C30757507B5DBAE7FFB92409BD7CAE3D4FAAA4B835A6E5EE55A9336D70FB28B8D3394D41D82AA8E5B69B85AC938E7195ADBFF5ED6A36E9F54CD5497FA2463594BFFABDB77AB8EABEAE32B59CB794168DBB66D7B4ABFDF7F63DA9B1F2F83E919679C313CFFFCF38737DC70C3F0D65B6F1DDE7FFFFDC32C7FCC7FCEEBF9F67C5C79DFFC78F971F3E397CFD988749E4FDAB76FDF2FBCFDED6F7FFFD9679F7DDFCB5FFEF243A79E7AEA137FC9534E39E54B679E79E6E7D3DA9F9F73CE39AFDBBE7DFB33CAFBD34DB506B5C38787B75CF3E6258136AFE5DB961CAFC6AE2E0D6A1D0E286B194AD63A04551D5F355CAD642DE7D71911FFBDD4FD9F22B5FAA46AACBAD427E755DDF7568571FADF6A7DB7EAF695FAF84AC6393F0825BD379F31180C3EBA38882E2C2C0CCF3BEFBCE15D77DDF54478AD2B1F9FEF97EF5F04DB8FE4E7299F7B6AD2B93CE5B2CB2EFBDD57BEF2958FECD8B163F8A637BD6978EDB5D75626F2BC9E6F7FE10B5FF8D8E9A79FBEFFA4934EFAD9F2F1E896D506B5871FB87BF8E90FBE7E49981D55BE2D1F53DE4F8D575D1AD422069435A833948C3B0455DDAF6EA8AD735E9D14F1DFCBA28D77C5E17BB53EA99AAD2EF5C97955F7BD55584FFF5BAEEF56FD8C833A7D7C25EB394F68550AB2DF93EAEEC5E1F3DC73CF1DDE79E79D5F9D54D728DF3F3FCEE2C74D75677EBEF21C262E05D45F3CE79C730EE54BC6FBF6ED1B3EF6D863E5F955CAC7E5E35FF292977CE9C52F7EF19FF5FBFD67968F4D372C3BA81D3E3C3C70CBEEE1C72F3B6B49882D2B1F938F75B576FDD5A5412D624059A3958692AAE1682D4350D5FD570BB52B9D4FE745FCF7526CBCCB0EDFCBF649D54A75A94FCEABBAEFAD4526D1FFAAFA6EF953E8D7D2C7573289F385466DFEF295D9AF84D97C55F5E28B2F2E63DEBAE4C72BAED6DE999FB73C978948CF77CCE5975F7EFEC9279F3CBCF4D24B878F3EFA68793EB5E4FBE5FB6FDBB6ED0B7EBA5537550D6AAB5D955DAE5CAD5D7F756950CB8DAA5CEBA0E586921337AC7F08AA1AAECADF7338B2DC79CC8C88FF5E2A86EECAE1BBAA4FAAF6AA4B7D725E55BCA72ADF5B474DB2FF55F5DDF5F4F1954CF2BC61AAF2F7B42EFE32E3EDDBB70F3FFCE10F97D16E22F2E3E6C75FF4BEFFC8C4BFA7363DCF31175E78E19F9E7AEAA9C34F7DEA53E5398C253FCE8E1D3BBE9812F90BCBE723B6AA41ADCE55D9E52ADFB77C3C55BFBA34A8E52655AE7554D550B278285ACF1054E771AA9E7FE644FCF752316C97F5C4F05DD527557BD5A53E39AF2ADE4B653DF1DEDA309DFE97BFCCB8BC329BFF9CD7276D1AE70F1377F407403DF1FECB5750A7156647F2E32FBE529B9FBF3CA775C957664F39E594E1C18307CBE75E97FC78298D3FBC69D3A66795CF495C55835A1952D75AE5E3A9FAD5A5412D37A872ADC3AA86921C3EF315D5AA10BA162B3D4ED5F3CEA48A81B63355D527557B55BE3EAADB95DAC39965BF588795AED0AEF66D1FE33AB3FC3BA9E5ABFCE4317D477F35CF63A3D7E0924B2E2963DC54E4E759F4DA3F36B15FE973CD35D7FC620EB393BA325B4A8FFBF809279CF040AFD7FBCEF2B989C9A016AB04DA56351D2E9B7E3E0AE5A0B5A8AEDAEC4B8EC35697FAE4BCAA784F55BEB7364CB60F5685D9F24AEDA443ED24CF7FE6E57F03E51AD3B779D1EF99CD3FB8A949C50F8ABAB63CB7354B8FF994D7BCE63587F2F7BC4ED345175DF4C0C2C2C265E5F31393412D567569509BD18DA9A9E1A4A9E761053586ED2744EB931B965E797AA29ABABDEDEA529F9C5775DF5B471DBB61FDFDB02ACCE66FF3A8FA29C7930AB59338EFB932A3734368F92B6747EFC3FC25C0EBFD69C66B959F6FF1971EAFFB2B79DFF7BEF79D977F9AF1B83F00AAAEFCF83B76ECB8379DF04F96E7403CD106B579AF2E0D6A33BC314D7B4899F6E35353CD613B5C9FDC50112E17AF4DFBF6B6AB4B7D725ED57D6F2DB29EBEB85C981D85D6AADBD71B6AD773BE736B86E786B0D2E7FCC2D1FB31FFBED836E4E75DD4132E2CCFB1B6F4584F7AC52B5EF148FE553B4DB8FAEAAB1F4C27FC27E579104FB4416DDEAB4B83DA8C6F4CD31A56A6F5B88CA1EEB01DAD4F6EA808978BD7A67D7BDBD5A53E39AFEABEB70AE3F4C7AAB05AF503F8AA8E1B37D48E739E6C98F9B9219C8585856F4E9FF323A330D9F4D5D991FCBC8B02ED917C5EE5B9D672CD35D7FCFC49279D54FBF7CCAE577E9E2D5BB63CD8EBF59E5E9E0BB1441BD4E6BDBA34A8CDC1C634E9A165D28F4743A2F5C90D15E172F1DAB46F6FBBBAD42759B3B5F4C9AA905A156647AA8E5F6BA85DCBF9519883B9A13175FEA751BAFDF85190CC5FA5DBA6FCFC8B42EDF1E5B9D6F2B6B7BDED8A37BDE94DE5634FD5D9679F7D63BFDF3FB53C17628936A8CD7B7569509B938D6952C3CBA41E871644EB931B2AC2E5E2B569DFDE7675A94F32963AFDB22A9CAE146647AAEE5737D4D6392F5630277343231685C365836D5A7FFDE8B877BCE31D65546B547EFE45E7FCFAF25C6B39E79C73EE6DEACB8D47AEBCF2CA9B36AFE7EBA46944B4416DDEAB4B83DA1C6D4CEB1D62D67B7F5A16AD4F6EA808978BD7A67D7BDBD5A53EC9D856EA9B55A1B44E981DA9BAFF6AA176A5F3A1A6399A1BA66E51385C36D80E0683DDA3DBAFBFFEFA32AA352A3FFFE85CF2792D3ECFDA5EF6B2971DDABF7F7FF9D85375F3CD37DF9E4EFA43E5B9104BB4416DDEAB4B83DA9C6D4CE30E33E3DE8F40A2F5C90D15E172F1DAB46F6FBBBAD4275997E5FAE7891BC60FB32355A136FFBEF02ACB9D076B346773C3545504DA25C1367DFCCC68BDE91C58CACFBFE81C3F53FC75EA39E594531EFFDCE73E573EF654DD7FFFFD0FA713BEBB3C17628936A8CD7B7569509BC38D69AD43CD5A8F27A8687D72C3570FE15FA9A66E6FBBBAD42759B763372CEDA38BC3E8386176A4CEE3543D3F639AC3B9616A2A826C5939D8FEE5E8CF4DE7C0527EFED1B90C0683CF977F9F5AB66EDD3AFCD297BE543EF654A5E7FB7CC527B773557E2E674DB4416DDEAB4B83DA3CBC3F2AD41D6EEA1E4707E893B1AA4B7D9289A8EAA7397CE62BAA5521742D567A9CAAE7651DCA195B35574DE7C0527EFE45E7F368F96FA396934F3EF94B4D27F37BEFBDF7CF3777FC0A6DFEA4976BB3C6A016ABBA34A8CDC3FB6319AB0D39ABDD4EC7E893B1AA4B7D928969BAAF36FD7CB02665605D54576D3EFA25C7F94AE868BDE91C589AC815DA5FFEE55FFE7CD35F3BFD894F7CE2FACD1DFF1EDA7918D80D6AB1AA4B83DA3CBC3F56B0DCB0B3DC3A1DA64FC6AA2EF54926AAA9FEDAD4F3C0D8560AB28B8E99ADEFA13DEBACB33EDDF44F397ECF7BDE73F1E68EFF94E37918D80D6AB1AA4B83DA3CBC3F56510E3DE59F9911FA64ACEA529F64E2A6DD67A7FDF830112B05D99199FB29C7679F7DF6EB9AFE3DB4A79D76DAA55DFF3DB4F330B01BD462559706B579787FD4301A7ECE3CFAD1103483F4C958D5A53EC9544C2B744EEB7161E2560AB2239B67EDF7D06EDFBEFD193B76EC782C291F7F2AD2F3FC453AD97B7BBDDED3CB73E9922E0FEC75FEA16706B558D5A541ADCBEF8F093BF6E8E7C21034A3F4C958D5A53EC9D44C3A7C4EFAF1A0756936397E1422CF38E38C32AE35EAA52F7DE9E38B02EDF1E5B9D676FAE9A7DFD6D4971D5F70C105EF4827FB27E539744D9707F645FF68560CB606B558D5A541ADCBEF8F49F3B9986DFA64ACEA529F64AA26154227F53810CAC2C2C237A7F9E4C82813DC79E79D65646B447EDE45B9E4483EAFF25C6B3BE9A4937EF6252F79C9971E7DF4D1F279262A3DFE9DE9646FD9B469D34F96E7D0355D1E5217FDC35931D81AD462559706B52EBF3F26CDE762B6E993B1AA4B7D92A95B6F185DEFFD21B4349F5C38CA02E79D775E19DB1A919F77511E59FFCF573AEDB4D3FEECD24B2F7DBC7CA2097AFCB5AF7DED5BD3C95E5A3E7717757948AD08B495C1D6A016ABBA34A875F9FD31693E17B34D9F8C555DEA933462DC503AEEFDA033366DDAF4AC510658585868FC2A6D7EBEC160F0952F37CEE7539EE39AF57ABDEFDCBE7DFBC39FFAD4A7CAE79B880F7CE0036F4B277B203F4FF9DC5DD4E521B522C896F544B035A8C5AA2E0D6A5D7E7F4C9ACFC56CD327635597FA248D596B385DEBF1D0596946B97634FF9F7BEEB9657C9BAAFC7C8BB2C7B5E5B98D2DA5E49F7EC10B5EF0C583070F96CFB92EB7DF7EFB25E944EF9948F20EA22204CE5C19D46255F9FA44AFF23D33AF7C2E669B3E19AB045A965137A4D63D0E6642CA7E3F96E694C746B3DB25975C52C6B8A9C8CFB368667C2C9F47796EEBB2B0B0F0C2EDDBB77F7E52576A8F5E99BD3BD50BCAE7A21D65F05854576DF625C761CBA0D64DF9BD55AE313BF4C958A54FB282D5C2EA6AB7C34CEAF7FB6F1C6581FCA5C71FFEF087CB383751F9F1177FA9717EFEF29C26225F49DDBA75EB03175D74D103E3FEA0A8FC03A08E7ECFEC5FCCD295D959B05A901D8936A8A553AAACA66E6FBB0C6ADD24D0CEB6687D72DE4B9F6415C76EA80EADCBADC3CCDBB66DDB53D2ACF291512ED8BE7DFBD4426D7EDCF47C5FB9229C9F373F7F794E1393D2F233534ABF7CC78E1DF75E7DF5D50FD6FD3DB5E9B883175C70C1F9E9046F49F5BEFC38E563D3AED582EC48B4416D4345B85CBC36EDDBDB2E835A3709B4B32D5A9F9CF7D227A9A10CAFE59F61EEA459E519A9F26FA3F9CA95DA8B2FBEB88C79EB921F6FF195D9A3CFF78CF25CA622FF8A9DF4647BB76CD9F2D0CE9D3B3FBE6BD7AE1B6FBEF9E6CFDC77DF7D5F48E7F6F0673FFBD9FD37DD74D3F5EF7DEF7B2F3AFDF4D3DF978EBD2F1F3F0BBF9A6756AD166447A20D6A1B2AC2E5E2B569DFDE7619D4BA49A09D6DD1FAE4BC973E494DA3107BE6D18FC22C732F85CDEF591C6A73E51FDCB4DE9F7E9CEF5FFC00A827C26C7EBEF21CA6AED7EB3D3D3DF929FD7EFFE2F4F1BA457FE1FCF1BAA3EBA7E4E3CAFBD24DD106B50D15E172F1DAB46F6FBB0C6ADD24D0CEB6687D72DE4B9F640D8E3DDA9F8559386AF397AFD47EE5CB8F73E5ABB5F9F7C5DE75D75D65565D513E3EDFAFB82A9B2B3F7E33576621DAA0B6A1225C2E5E9BF6ED6D9741AD9B04DAD916AD4FCE7BE993AC85FE0C4BE5EF693DFA83A2CA203A3CE38C3386E79F7FFEF0861B6E18DE7AEBADC3FBEFBFFF89F09A3FE63FE7F57CFB4B5FFAD225F7CD8F971F77AADF330BA56883DA868A70B9786DDAB7B75D06B56E3230CDB6687D72DE4B9F642DF46758DED15FE9F395DF53BBCEBA76E2BF9A07EA8836A86DA808978BD7A67D7BDB6550EBA6DCC8CB356647B43E39EFA54FB216FA33AC2E05D19F4EEF950B531DA908AA2B553EFEC27CFFF231A131D106B5744A95D5D4ED6D9741AD9B0C4CB32D5A9F9CF7D227590BFD19EADBB66DDBD3D27BE6F87EBFFF3BE9E3AE54B7A5FAE2D1F09A3FE63FEF3A7AFBF1F9F8F231A07106B5586550EB2603D36CD32763953EC95AE8CF0033CEA016AB0C6ADD64609A6DFA64ACD227590BFD1960C619D4629541AD9B0C4CB34D9F8C55FA246BA13F03CC38835AAC32A875938169B6E993B14A9F642DF467801967508B5506B56E3230CD367D3256E993AC85FE0C30E30C6AB1CAA0D64D06A6D9A64FC62A7D92B5D09F01669C412D5619D4BAC9C034DBF4C958A54FB216FA33C08C33A8C52A835A37199866DBAE5DBB1E3F74E8D092F7AB6ABED2EB704FEA9387CBD70896A33F03CC3881365609B4DD64609A6D7BF7EEBDE7E0C1834BDEAFAAF9BAE38E3B2E487DF2BAF23582E5E8CF00334EA08D55026D37199866DBEEDDBB9FB767CF9E870E1C38709F2BB5ED54FABC1FB8FDF6DBDF997AE467523DA77C8D6039FA33C08C1368639540DB4D06A6D9974354BE3298EA487E9FAAC62B7FDEF3E75F98654DF46780199707853254A9F62ABF1EE56B447C06268098F467801927D0C62A81B69B0C4C0031E9CF00334EA08D55026D3719980062D29F01669C401BAB04DA6E323001C4A43F03CC3881365609B4DD64600288497F069871026DAC1268BBC9C0041093FE0C30E304DA5825D0769381092026FD1960C609B4B14AA0ED260313404CFA33C08C1368639540DB4D06268098F467801927D0C62A81B69B0C4C0031E9CF00334EA08D55026D3719980062D29F01669C401BAB04DA6E323001C4A43F03CC3881365609B4DD64600288497F069871026DAC1268BBC9C0041093FE0C30E304DA5825D0769381092026FD1960C609B4B14AA0ED260313404CFA33C08CDBB56BD7E3870E1D5A12AC54F3955E877B52A03D5CBE46C467600288497F0698717BF7EEBDE7E0C1834BC2956ABEEEB8E38E0B52A0BDAE7C8D88CFC0041093FE0C30E376EFDEFDBC3D7BF63C74E0C081FBBA76A5F6F0E1C34BD6BA58E9F37EE0F6DB6F7F670AB39F49F59CF235223E0313404CFA33C01CC8212A5F194C75247F0F6717EA2D6F79CB70616161C97A472B7FDEF3E75F98ED280313404CFA3300E16CDDBAF51BD2067567AA2F96B7411B0C4C0031E9CF008433180C5E9B37A8548F1E77DC714F2D6F87A619980062D29F010865CB962D3F9036A7478E06DA610AB72796C740D30C4C0031E9CF0044724CDA98AE1E85D9A37575791034CDC0041093FE0C401883C160471166733DDEEFF7BFB73C169A64600288497F0620845EAFF7AD6953BAAF22D0E62F3BFE6FE5F1D0240313404CFA330021A40DE90FCA20BBA8EE4D81F7C9E57DA02906268098F467005A37180C8E4D1BD2E3154176F155DA4DE5FDA02906268098F467005A9736A39352BD35D5AE541FD9FCE5DF415B06DA2BCAFB41530C4C0031E9CF00849436A8BB7BBDDE0FA520FBFDE9BF37A68FCF4FCBC794C741130C4C0031E9CF0044947F7DCF232F7AD18BBEB6BC01DA60600288497F06209C134E38E15BD206757FB90E6D313001C4A43F03104EAFD7FBBEB4417DA25C87B618980062D29F010867D3A64D3F9936A8ABCA75688B81092026FD198070FAFD7EDA9F365F50AE435B0C4C0031E9CF00849302ED4BD306F53FCA75688B81092026FD198070D2E6F4EBA9CE2AD7A12D06268098F46700C2499BD3EFA77A61B90E6D313001C4A43F03104EDA9C2E190C06C795EBD0160313404CFA3300E1A4CDE9BA8585851F29D7A12D06268098F46700C2499BD31D29D07E7BB90E6D313001C4A43F03104EDA9C0E6FDBB6ED29E53AB4C5C0041093FE0C4028BD5EEF9BD2E6F450B90E6D323001C4A43F03104ABFDFFF876973FA74B90E6D323001C4A43F03104ADA98FE55AA3F29D7A14D06268098F4670042491BD3F1FD7EFFFF94EBD0260313404CFA3300A1A48DE91753A07D63B90E6D323001C4A43F03104ADA985E9D02EDAF95EBD0260313404CFA3300A1A48DE9BCC1607072B90E6D323001C4A43F03104ABFDF7F4FDA9C7EBE5C873619980062D29F0108256D4CD7A4FAF1721DDA64600288497F062094B431DDDAEFF79F59AE439B0C4C0031E9CF00849236A62FF47ABD6F2CD7A14D06268098F46700C2D8BA75EB37A48DE92FCB75689B81092026FD198030161616FE41DA98F697EBD0360313404CFA3300610C06831F4B1BD3BE721DDA66600288497F06208C1468FF7DDA98DE5BAE43DB0C4C0031E9CF00849102EDC969633AAF5C87B619980062D29F0108A3DFEFFF5ADA985E5DAE43DB0C4C0031E9CF00849102ED1B539D56AE43DB0C4C0031E9CF00849136A577A740DB2BD7A16D06268098F46700C2489BD2DE4D9B36FDEB721DDA66600288497F06208CB429DDDCEBF5BEBB5C87B619980062D29F0108236D4A0F6EDBB6ED69E53AB4CDC0041093FE0C4008CF7EF6B3BF2E6D4A87CB7588C0C0041093FE0C4008BD5EEFEFA54DE933E53A4460600288497F0620847EBFFFCFD3A6F4A1721D22303001C4A43F0310420AB4FF2E6D4AFFAF5C87080C4C0031E9CF00849036A417A6FAFD721D22303001C4A43F031042DA90CE4AF5EBE53A4460600288497F062084C160F0DBA9CE28D721020313404CFA330021A430FB47A906E53A4460600288497F062084946577A7FAA9721D22303001C4A43F0310420AB337A5FAFE721D22303001C4A43F031042DA90EE4B81F66F94EB108181092026FD1980D66DDCB8F16BD286F448FACF63CADB20020313404CFA3300AD4B9BD1DF49754FB90E5118980062D29F01685DDA8CFE49BFDFFF70B90E5118980062D29F0168DD6030F8B729D05E56AE431406268098F467005A9702ED89A9DE56AE431406268098F467005A97C2ECCBD286F49BE53A4461600288497F06A075FD7EFF7569433AB35C87280C4C0031E9CF00B42E6D467F986A6BB90E5118980062D29F01685DDA8CDEDFEFF77FA65C87280C4C0031E9CF00B42E6D461F4D81F607CB7588C2C0041093FE0C40EBD266F417BD5EEF6F97EB108581092026FD198056EDDCB9F34969337A2405DABF52DE065118980062D29F0168D5D6AD5BFF66DA8C3E5BAE432406268098F467005AB565CB961F489BD1C7CB7588C4C0041093FE0C40AB366DDAF4ACB4195D59AE432406268098F467005AD5EFF7B7A4CDE8FC721D22313001C4A43F03D0AAB411FD520AB5BF55AE432406268098F467005A9536A2DF4881F657CB7588C4C0041093FE0C40ABD246F4D61468B797EB108981092026FD198056A58DE8D28585859F2BD721120313404CFA3300AD4A1BD10D29D0FE70B90E9118980062D29F016855DA88EEDAB265CBDF2DD721120313404CFA33006D3A266D44477ABDDE93CB1B20120313404CFA3300AD4941F6AFA78DE873E53A4463600288497F06A035FD7EFF7BD346F4C9721DA2313001C4A43F03D09AB4096D4CB5A75C87680C4C0031E9CF00B4266D42FDC160F0AE721DA2313001C4A43F03D09A14664F4F1BD1EBCB7588C6C0041093FE0C406B52A07D4DDA885E51AE433406268098F467005AD3EFF77F2F6D442795EB108D81092026FD1980D6A4407B71DA889E5BAE433406268098F467005A9336A13F4DF52FCA7588C6C0041093FE0C406BD226747BAABF5FAE433406268098F467005A9336A143BD5EEFEBCB7588C6C0041093FE0C402BB66CD9F2D70683C1E7CB7588C8C0041093FE0C402B161616BE2B6D42B794EB109181092026FD1980560C06839F489BD0D5E53A4464600288497F06A015FD7EFF17D2267461B90E1119980062D29F0168450AB4A7A64DE8CDE53A4464600288497F06A0156903DA99AB5C87880C4C0031E9CF00B4225F9DCD5769CB7588C8C0041093FE0C402BF2F7CFE6EFA32DD721220313404CFA3300AD481BD007376DDAF42FCB7588C8C0041093FE0C402BD206F4E7BD5EEF3BCB7588C8C0041093FE0C402BD206F4F0739FFBDCBF5AAE434406268098F467001A77DC71C73D356D405F2CD7212A0313404CFA33008DEBF57ADF9136A0DBCA7588CAC0041093FE0C40E3FAFDFE8FA60DE8DA721DA2323001C4A43F03D0B8B4F93C3785DA8BCB7588CAC0041093FE0C40E3D2E673520AB4BF57AE435406268098F467001A97369F570C0683D794EB109581092026FD1980C6A5CDE7F529D09E5EAE435406268098F467001A97C2ECBB526D2AD7212A0313404CFA33008D4B61F603A98E2DD7212A0313404CFA33008D4B61F653A9BEA75C87A80C4C0031E9CF0034AEDFEF3FB0B0B0F0CDE53A4465600288497F06A051BD5EEFC969F33952AE436406268098F467001A95369E67A4BAB35C87C80C4C0031E9CF00346A6161E187D3E67343B90E9119980062D29F0168540AB43F97369F4BCB7588CCC0041093FE0C40A3FAFDFEF6B4F9BCB55C87C80C4C0031E9CF00342A05DA5F4D9BCF6F94EB109981092026FD198046A540FB5B69F3F9A5721D22333001C4A43F03D0A8B4F1BC33D542B90E9119980062D29F016854DA7876A5FA37E53A4466600288497F06A05169E3B9B1DFEFFFA3721D22333001C4A43F03D0A8B4F1DCDBEBF5BEB55C87C80C4C0031E9CF003466E3C68D5F93369E4776EEDCF9A4F23688CCC0041093FE0C40639EFFFCE77F5BDA780E94EB109D81092026FD1980C6F4FBFD1F4C1BCF47CB7588CEC0041093FE0C406352A0FD99B4F1BCBF5C87E80C4C0031E9CF0034266D3A5B53FD61B90ED119980062D29F01684CDA74CEECF7FBAF2BD7213A0313404CFA33008D499BCE6FA640FB2BE53A4467600288497F06A03169D3797B0AB42794EB109D81092026FD1980C6A44DE7F28585859F2DD7213A0313404CFA33008D499BCE4752A0FDA1721DA2333001C4A43F03D098B4E91C78FEF39FFF6DE53A4467600288497F06A029C7A44DE7918D1B377E4D79034467600288497F06A011BD5EEF5BD3A6735FB90E5D60600288497F06A01183C1E0FB53DD54AE431718980062D29F0168440AB33F956A77B90E5D60600288497F06A011832FFBA3721DBAC0C0041093FE0C402352983D23D56F97EBD00506268098F467001A91C2EC7F4DF59FCA7588260D4757E5016995BAAABC1F00CD13680168440AB3FF2B6D3A2F28D7219AF4EF746345802D6B63793F009A27D002D0887EBFFFC769D3794EB90E11E52BB01521D6D5598060045A001A91369CEB53FDB3721D22CA57602B82ACABB300C108B40034226D3877A67A46B90E51E52BB11561D6D5598040045A001A91369CC3CF7EF6B3BFAE5C87A8F295D88A40BBB13C0E80F608B4004CDDB66DDB9E96369C07CB7588AEB84AEBEA2C4030022D0053D7EBF5BE3B6D383797EB105D71957663793B00ED12680198BA4D9B36FDEBB4E1EC2DD7A10B465769CB7500DAA73F033075FD7EBF97369C7797EBD005A3ABB4E53A00EDD39F0198BA14684F4B1BCE1BCA7566DF70387CF2FEFDFBDFB56FDFBE4776EDDA35BCE28A2B54C3953EEF8FEFDDBBF79EDDBB773FAF7C7D00BA4EA00560EAD266734EAA5796EBCCBE1466DF9DC2D4F0E0C183C343870E0D8F1C39A21AAEFC79CF9FFF3D7BF63C9402EE73CAD708A0CB045A00A62E6D36BF9BEA45E53AB32F5F99CD61AA0C59AAF93A70E0C07D29D05E57BE46005D26D002307569B3B9A8DFEFFB72C73994BFCCD895D918955F8714680F97AF11409709B4004C5DDA6CAE4D81F647CB75665FFE1ECE3258A9F62ABF1EE56B04D065022D005397369BDB7ABDDE7794EBCCBEBA81F60B0F1E18EEFFD05B87375DF9EA272AFF775E2B8F53EB2B81169835022D005397369BBFDCBA75EB3794EBCCBE3A81F6E107EE1EDE78F92B871FFDE35FF9AACA6BF9B6F278357E09B4C0AC11680198AA5EAFF78D69B3F942B9CE7CA81368EFBCE9E22561765477DD74C992E3D5F825D002B346A00560AAFAFDFE33D366736BB9CE7CA813683F79D5B94B82ECA8F26DE5F16AFC1268815923D002305569A3F9F154D794EBCC873A81F6C62B762E09B2A3CAB795C7ABF14BA005668D400BC054A58DE6E7FBFDFE7BCA75E683401BAB045A60D608B4004C55DA684E4981F67F96EBCC873A8136FF54E332C88E2ADF561EAFC62F81169835022D005395369A570D0683B3CB75E6439D407BCB07DFB024C88E2ADF561EAFC62F81169835022D005395369A37A540FBE2729DF95027D0DE7FF7C78637BEFF554BC26C5ECBB795C7ABF14BA005668D400BC054A58DE6FFA640FB1FCA75E6439D409BEBB6EBDFBE24D0E6B5F238B5BE1268815923D002305569A3B93A05DA9F28D7990FB502EDE1C3C35BAE79F392409BD7F26D4B8E576397400BCC1A811680A94A1BCD2D0B0B0BDF55AE331F560BB40F3F70F7F0D31F7CFD92303BAA7C5B3EA6BC9F1AAF045A60D608B4004C55DA681EEAF57ADF54AE331F960DB4870F0F0FDCB27BF8F1CBCE5A1262CBCAC7E4635DAD5D7F09B4C0AC116801989A1464BF3E6D3487CA75E64755A05DEDAAEC72E56AEDFA4BA005668D400BC0D42C2C2C7C7BDA68EE28D7991F5581B6CE55D9E52ADFB77C3C55BF045A60D608B4004C4D0AB43F92369AEBCA75E64755A02D43EA5AAB7C3C55BF045A60D608B4004CCD6030382E6D349794EBCC8FAA40ABDA2B81169835022D00539302ED8EB4D1BCA55C677E08B4B14AA005668D400BC0D4F4FBFDFF9C369AFF52AE333F04DA5825D002B346A005606A52A0FD9DB4D1BCA45C677E08B4B14AA005668D400BC0D4A44DE67FA7EA97EBCC0F81365609B4C0AC116801989AB4C9EC49B5B15C677E08B4B14AA005668D400BC0D4A44DE693BD5EEFFBCA75E687401BAB045A60D608B4004C4DDA64EE3FE18413BEA55C677E08B4B14AA005668D400BC054BCE8452FFADAB4C91C49FF794C791BF343A08D55022D306B045A00A6A2D7EB3D3D6D327797EBCC1781365609B4C0AC116801988A7EBFFF4FD326F367E53AF345A08D55022D306B045A00A62205DA67A74DE67DE53AF345A08D55022D306B045A00A6226D30DB52FD41B9CE7C11686395400BCC1A811680A9481BCCCBFBFDFEB9E53AF345A08D55022D306B045A00A6226D30FF3D05DAFF58AE335F04DA58B55AA04DEFDB8DA9AE2AD701A2126801988AB4C19C9F02ED96729DF922D0C6AAE502ED28C8E6C1D0700874899E05C054A40DE6CA4D9B363DAB5C67BE08B4B1AA0CB46590156881AED1B300988A7EBFFFB1C160F08FCB75E68B401BAB468176B9202BD0025DA3670130156983399802EDDF2AD7992F026DACCAAFC74A4156A005BA46CF0260E276EEDCF9A4724056F35B65A852EDD5D140AB94523355E51C0200EB96436DB9C6FC71853656F992630000809AA205DA744A95D5D4ED6D971F0A0500005053C440BBD2DAB46F6FBBCA403B5206DBF276000080B923D056AFB555CB05DA9151B02DD7010000E68E405BBDD656AD1668010000384AA0AD5E6BAB045A0000809A04DAEAB5B64AA0050000A849A0AD5E6BAB045A0000809A2206DAAA6AEAF6B64BA0050000A8295AA09DF712680100006A12686395400B00005093401BAB045A0000809A04DA5825D0020000D424D0C62A81160000A02681365609B40000003509B4B14AA0050000A849A08D55022D0000404D026DAC12680100006A12686395400B00005093401BAB045A0000809A04DA5825D0020000D424D0C62A81160000A02681365609B40000003509B4B14AA0050000A849A08D55022D0000404D026DAC12680100006A12686395400B00005093401BAB045A0000809A04DA5825D0020000D424D0C62A81160000A02681365609B40000003509B4B14AA0050000A849A08D55022D0000404D026DAC12680100006A12686395400B00005093401BAB045A0000809A76EDDAF5F8A1438796042BD57CA5D7E19E14680F97AF1100000015F6EEDD7BCFC1830797842BD57CDD71C71D17A4407B5DF91A0100005061F7EEDDCFDBB367CF43070E1CB8CF95DA762A7DDE0FDC7EFBEDEF4C61F633A99E53BE460000002C2387A87C6530D591FC3D9CAAF1CA9FF7FCF917660100000000000000000000000000000000000000000000000000000000000000000080D9F3FF01F504E90D59A0EDCC0000000049454E44AE426082, 1);
INSERT INTO `act_ge_bytearray` VALUES ('61701d39-3c00-11f1-94b8-52284ac9a333', 1, 'process_4.bpmn20.xml', '61701d38-3c00-11f1-94b8-52284ac9a333', 0x3C3F786D6C2076657273696F6E3D22312E302220656E636F64696E673D225554462D38223F3E0A3C646566696E6974696F6E7320786D6C6E733D22687474703A2F2F7777772E6F6D672E6F72672F737065632F42504D4E2F32303130303532342F4D4F44454C2220786D6C6E733A7873693D22687474703A2F2F7777772E77332E6F72672F323030312F584D4C536368656D612D696E7374616E63652220786D6C6E733A62706D6E64693D22687474703A2F2F7777772E6F6D672E6F72672F737065632F42504D4E2F32303130303532342F44492220786D6C6E733A6F6D6764633D22687474703A2F2F7777772E6F6D672E6F72672F737065632F44442F32303130303532342F44432220786D6C6E733A62696F633D22687474703A2F2F62706D6E2E696F2F736368656D612F62706D6E2F62696F636F6C6F722F312E302220786D6C6E733A64693D22687474703A2F2F7777772E6F6D672E6F72672F737065632F44442F32303130303532342F44492220786D6C6E733A666C6F7761626C653D22687474703A2F2F666C6F7761626C652E6F72672F62706D6E2220786D6C6E733A7873643D22687474703A2F2F7777772E77332E6F72672F323030312F584D4C536368656D6122207461726765744E616D6573706163653D22687474703A2F2F7777772E666C6F7761626C652E6F72672F70726F63657373646566223E0A20203C70726F636573732069643D2270726F636573735F66796A797072677022206E616D653D226E616D655F6962693375306C672220666C6F7761626C653A70726F6365737343617465676F72793D224C45415645223E0A202020203C73746172744576656E742069643D2273746172744E6F64653122206E616D653D22E5BC80E5A78B223E0A2020202020203C6F7574676F696E673E466C6F775F30777A396C6D373C2F6F7574676F696E673E0A202020203C2F73746172744576656E743E0A202020203C73657175656E6365466C6F772069643D22466C6F775F30777A396C6D372220736F757263655265663D2273746172744E6F64653122207461726765745265663D2241637469766974795F30636F73686A6E22202F3E0A202020203C6578636C7573697665476174657761792069643D22476174657761795F30667564733066223E0A2020202020203C696E636F6D696E673E466C6F775F303374307078643C2F696E636F6D696E673E0A2020202020203C6F7574676F696E673E466C6F775F3169687569787A3C2F6F7574676F696E673E0A2020202020203C6F7574676F696E673E466C6F775F306D6A687A75773C2F6F7574676F696E673E0A202020203C2F6578636C7573697665476174657761793E0A202020203C73657175656E6365466C6F772069643D22466C6F775F303374307078642220736F757263655265663D2241637469766974795F30636F73686A6E22207461726765745265663D22476174657761795F3066756473306622202F3E0A202020203C73657175656E6365466C6F772069643D22466C6F775F3169687569787A2220736F757263655265663D22476174657761795F3066756473306622207461726765745265663D2241637469766974795F31396A36367864223E0A2020202020203C636F6E646974696F6E45787072657373696F6E207873693A747970653D2274466F726D616C45787072657373696F6E223E247B6F7574636F6D653D3D2027415050524F5645277D3C2F636F6E646974696F6E45787072657373696F6E3E0A202020203C2F73657175656E6365466C6F773E0A202020203C6578636C7573697665476174657761792069643D22476174657761795F30646F6F377477223E0A2020202020203C696E636F6D696E673E466C6F775F31336E716F77703C2F696E636F6D696E673E0A2020202020203C6F7574676F696E673E466C6F775F30743879796C683C2F6F7574676F696E673E0A2020202020203C6F7574676F696E673E466C6F775F3066306D7669763C2F6F7574676F696E673E0A202020203C2F6578636C7573697665476174657761793E0A202020203C73657175656E6365466C6F772069643D22466C6F775F31336E716F77702220736F757263655265663D2241637469766974795F31396A3636786422207461726765745265663D22476174657761795F30646F6F37747722202F3E0A202020203C73657175656E6365466C6F772069643D22466C6F775F306D6A687A75772220736F757263655265663D22476174657761795F3066756473306622207461726765745265663D2241637469766974795F30726338636C69223E0A2020202020203C636F6E646974696F6E45787072657373696F6E207873693A747970653D2274466F726D616C45787072657373696F6E223E247B6F7574636F6D653D3D202752454A454354277D3C2F636F6E646974696F6E45787072657373696F6E3E0A202020203C2F73657175656E6365466C6F773E0A202020203C73657175656E6365466C6F772069643D22466C6F775F317134306778632220736F757263655265663D2241637469766974795F30726338636C6922207461726765745265663D2241637469766974795F30636F73686A6E22202F3E0A202020203C73657175656E6365466C6F772069643D22466C6F775F30743879796C682220736F757263655265663D22476174657761795F30646F6F37747722207461726765745265663D2241637469766974795F30726338636C69223E0A2020202020203C636F6E646974696F6E45787072657373696F6E207873693A747970653D2274466F726D616C45787072657373696F6E223E247B6F7574636F6D653D3D202752454A454354277D3C2F636F6E646974696F6E45787072657373696F6E3E0A202020203C2F73657175656E6365466C6F773E0A202020203C656E644576656E742069643D224576656E745F31796965717068223E0A2020202020203C696E636F6D696E673E466C6F775F3066306D7669763C2F696E636F6D696E673E0A202020203C2F656E644576656E743E0A202020203C73657175656E6365466C6F772069643D22466C6F775F3066306D7669762220736F757263655265663D22476174657761795F30646F6F37747722207461726765745265663D224576656E745F31796965717068223E0A2020202020203C636F6E646974696F6E45787072657373696F6E207873693A747970653D2274466F726D616C45787072657373696F6E223E247B6F7574636F6D653D3D2027415050524F5645277D3C2F636F6E646974696F6E45787072657373696F6E3E0A202020203C2F73657175656E6365466C6F773E0A202020203C757365725461736B2069643D2241637469766974795F30636F73686A6E22206E616D653D22E4B880E7BAA7E5AEA1E689B92220666C6F7761626C653A666F726D4B65793D22417070726F76653A4C6576656C312220666C6F7761626C653A63616E64696461746547726F7570733D222220666C6F7761626C653A61737369676E65653D2232223E0A2020202020203C646F63756D656E746174696F6E3EE4B880E7BAA7E5AEA1E689B93C2F646F63756D656E746174696F6E3E0A2020202020203C696E636F6D696E673E466C6F775F30777A396C6D373C2F696E636F6D696E673E0A2020202020203C696E636F6D696E673E466C6F775F317134306778633C2F696E636F6D696E673E0A2020202020203C6F7574676F696E673E466C6F775F303374307078643C2F6F7574676F696E673E0A202020203C2F757365725461736B3E0A202020203C757365725461736B2069643D2241637469766974795F31396A3636786422206E616D653D22E4BA8CE7BAA7E5AEA1E689B92220666C6F7761626C653A666F726D4B65793D22417070726F76653A4C6576656C322220666C6F7761626C653A63616E64696461746555736572733D22312C32223E0A2020202020203C696E636F6D696E673E466C6F775F3169687569787A3C2F696E636F6D696E673E0A2020202020203C6F7574676F696E673E466C6F775F31336E716F77703C2F6F7574676F696E673E0A202020203C2F757365725461736B3E0A202020203C757365725461736B2069643D2241637469766974795F30726338636C6922206E616D653D22E8BF94E59B9EE5A1ABE58699223E0A2020202020203C696E636F6D696E673E466C6F775F306D6A687A75773C2F696E636F6D696E673E0A2020202020203C696E636F6D696E673E466C6F775F30743879796C683C2F696E636F6D696E673E0A2020202020203C6F7574676F696E673E466C6F775F317134306778633C2F6F7574676F696E673E0A202020203C2F757365725461736B3E0A20203C2F70726F636573733E0A20203C62706D6E64693A42504D4E4469616772616D2069643D2242504D4E4469616772616D5F666C6F77223E0A202020203C62706D6E64693A42504D4E506C616E652069643D2242504D4E506C616E655F666C6F77222062706D6E456C656D656E743D2270726F636573735F66796A7970726770223E0A2020202020203C62706D6E64693A42504D4E456467652069643D22466C6F775F3066306D7669765F6469222062706D6E456C656D656E743D22466C6F775F3066306D766976223E0A20202020202020203C64693A776179706F696E7420783D223733352220793D2232313022202F3E0A20202020202020203C64693A776179706F696E7420783D223830392220793D2232313022202F3E0A20202020202020203C64693A776179706F696E7420783D223830392220793D2232323022202F3E0A20202020202020203C64693A776179706F696E7420783D223930322220793D2232323022202F3E0A2020202020203C2F62706D6E64693A42504D4E456467653E0A2020202020203C62706D6E64693A42504D4E456467652069643D22466C6F775F30743879796C685F6469222062706D6E456C656D656E743D22466C6F775F30743879796C68223E0A20202020202020203C64693A776179706F696E7420783D223731302220793D2232333522202F3E0A20202020202020203C64693A776179706F696E7420783D223731302220793D2234363022202F3E0A20202020202020203C64693A776179706F696E7420783D223430302220793D2234363022202F3E0A2020202020203C2F62706D6E64693A42504D4E456467653E0A2020202020203C62706D6E64693A42504D4E456467652069643D22466C6F775F317134306778635F6469222062706D6E456C656D656E743D22466C6F775F31713430677863223E0A20202020202020203C64693A776179706F696E7420783D223330302220793D2234363022202F3E0A20202020202020203C64693A776179706F696E7420783D223137302220793D2234363022202F3E0A20202020202020203C64693A776179706F696E7420783D223137302220793D2232373022202F3E0A2020202020203C2F62706D6E64693A42504D4E456467653E0A2020202020203C62706D6E64693A42504D4E456467652069643D22466C6F775F306D6A687A75775F6469222062706D6E456C656D656E743D22466C6F775F306D6A687A7577223E0A20202020202020203C64693A776179706F696E7420783D223335302220793D2232323522202F3E0A20202020202020203C64693A776179706F696E7420783D223335302220793D2234323022202F3E0A2020202020203C2F62706D6E64693A42504D4E456467653E0A2020202020203C62706D6E64693A42504D4E456467652069643D22466C6F775F31336E716F77705F6469222062706D6E456C656D656E743D22466C6F775F31336E716F7770223E0A20202020202020203C64693A776179706F696E7420783D223537302220793D2232313022202F3E0A20202020202020203C64693A776179706F696E7420783D223638352220793D2232313022202F3E0A2020202020203C2F62706D6E64693A42504D4E456467653E0A2020202020203C62706D6E64693A42504D4E456467652069643D22466C6F775F3169687569787A5F6469222062706D6E456C656D656E743D22466C6F775F3169687569787A223E0A20202020202020203C64693A776179706F696E7420783D223337352220793D2232303022202F3E0A20202020202020203C64693A776179706F696E7420783D223432332220793D2232303022202F3E0A20202020202020203C64693A776179706F696E7420783D223432332220793D2232313022202F3E0A20202020202020203C64693A776179706F696E7420783D223437302220793D2232313022202F3E0A2020202020203C2F62706D6E64693A42504D4E456467653E0A2020202020203C62706D6E64693A42504D4E456467652069643D22466C6F775F303374307078645F6469222062706D6E456C656D656E743D22466C6F775F30337430707864223E0A20202020202020203C64693A776179706F696E7420783D223234302220793D2232333022202F3E0A20202020202020203C64693A776179706F696E7420783D223238332220793D2232333022202F3E0A20202020202020203C64693A776179706F696E7420783D223238332220793D2232303022202F3E0A20202020202020203C64693A776179706F696E7420783D223332352220793D2232303022202F3E0A2020202020203C2F62706D6E64693A42504D4E456467653E0A2020202020203C62706D6E64693A42504D4E456467652069643D22466C6F775F30777A396C6D375F6469222062706D6E456C656D656E743D22466C6F775F30777A396C6D37223E0A20202020202020203C64693A776179706F696E7420783D2233352220793D2232323022202F3E0A20202020202020203C64693A776179706F696E7420783D2238332220793D2232323022202F3E0A20202020202020203C64693A776179706F696E7420783D2238332220793D2232333022202F3E0A20202020202020203C64693A776179706F696E7420783D223134302220793D2232333022202F3E0A2020202020203C2F62706D6E64693A42504D4E456467653E0A2020202020203C62706D6E64693A42504D4E53686170652069643D2242504D4E53686170655F73746172744E6F646531222062706D6E456C656D656E743D2273746172744E6F646531222062696F633A7374726F6B653D22223E0A20202020202020203C6F6D6764633A426F756E647320783D22352220793D22323035222077696474683D22333022206865696768743D22333022202F3E0A20202020202020203C62706D6E64693A42504D4E4C6162656C3E0A202020202020202020203C6F6D6764633A426F756E647320783D22382220793D22323432222077696474683D22323222206865696768743D22313422202F3E0A20202020202020203C2F62706D6E64693A42504D4E4C6162656C3E0A2020202020203C2F62706D6E64693A42504D4E53686170653E0A2020202020203C62706D6E64693A42504D4E53686170652069643D22476174657761795F306675647330665F6469222062706D6E456C656D656E743D22476174657761795F30667564733066222069734D61726B657256697369626C653D2274727565223E0A20202020202020203C6F6D6764633A426F756E647320783D223332352220793D22313735222077696474683D22353022206865696768743D22353022202F3E0A2020202020203C2F62706D6E64693A42504D4E53686170653E0A2020202020203C62706D6E64693A42504D4E53686170652069643D22476174657761795F30646F6F3774775F6469222062706D6E456C656D656E743D22476174657761795F30646F6F377477222069734D61726B657256697369626C653D2274727565223E0A20202020202020203C6F6D6764633A426F756E647320783D223638352220793D22313835222077696474683D22353022206865696768743D22353022202F3E0A2020202020203C2F62706D6E64693A42504D4E53686170653E0A2020202020203C62706D6E64693A42504D4E53686170652069643D224576656E745F317969657170685F6469222062706D6E456C656D656E743D224576656E745F31796965717068223E0A20202020202020203C6F6D6764633A426F756E647320783D223930322220793D22323032222077696474683D22333622206865696768743D22333622202F3E0A2020202020203C2F62706D6E64693A42504D4E53686170653E0A2020202020203C62706D6E64693A42504D4E53686170652069643D2241637469766974795F31777274346D645F6469222062706D6E456C656D656E743D2241637469766974795F30636F73686A6E223E0A20202020202020203C6F6D6764633A426F756E647320783D223134302220793D22313930222077696474683D2231303022206865696768743D22383022202F3E0A2020202020203C2F62706D6E64693A42504D4E53686170653E0A2020202020203C62706D6E64693A42504D4E53686170652069643D2241637469766974795F316B32637378685F6469222062706D6E456C656D656E743D2241637469766974795F31396A36367864223E0A20202020202020203C6F6D6764633A426F756E647320783D223437302220793D22313730222077696474683D2231303022206865696768743D22383022202F3E0A2020202020203C2F62706D6E64693A42504D4E53686170653E0A2020202020203C62706D6E64693A42504D4E53686170652069643D2241637469766974795F306170737671345F6469222062706D6E456C656D656E743D2241637469766974795F30726338636C69223E0A20202020202020203C6F6D6764633A426F756E647320783D223330302220793D22343230222077696474683D2231303022206865696768743D22383022202F3E0A2020202020203C2F62706D6E64693A42504D4E53686170653E0A202020203C2F62706D6E64693A42504D4E506C616E653E0A20203C2F62706D6E64693A42504D4E4469616772616D3E0A3C2F646566696E6974696F6E733E0A, 0);
INSERT INTO `act_ge_bytearray` VALUES ('61f1a94a-3c00-11f1-94b8-52284ac9a333', 1, 'process_4.process_fyjyprgp.png', '61701d38-3c00-11f1-94b8-52284ac9a333', 0x89504E470D0A1A0A0000000D49484452000003B4000001FE0806000000AC9B428D00002ED349444154785EEDDD0DBC64657D1FF0C526C698B4314DD336B5364D4D9AB7A6499B364DD2B46C5293D458B449999D9DBB2EECEA226040494334A51A17B16930B649E35B494C8D460CD516051A04619775832C41886FA022610179D9AC808018771781E9F3E08E9FEB73CFBDF7DCB933E7FCCFCCF7FBF9FC3F977DE6CCCCD93B3BFFE7FFE3DC970D1B00000000000000000000000000000000000000000000000000000000000000000000000000000000000000000000000000000000000000000000000000000000000000000000000000000000000000000000000000000000000000000000000000000000000000000000000000000000000000000000000000000000000000000000000000000000000000000000000000000000000000000000000000000000000000000000000000000000000000000000000000000000000000000000000000000000000000000000000000000000000000000000000000000000000000000000000000000000000000000000000000000000000000000000000000000000000000000000000000000000000000000000000000000000000000000000000000000000000000000000000000000000000000000000000000000000000000000000000000000000000000000000000000000000000000000000000000000000000000000000000000000000000000000000000000000000000000000000000000000000000000000000000000000000000000000000000000000000000000000000000000000000000000000000000000000000000000000000000000000000000000000000000000000000000000000000000000000000000000000000000000000000000000000000000000000000000000000000000000000000000000000000000000000000000000000000000000000000000000000000000000000000000000000000000000000000000000000000000000000000000000000000000000000000000000000000000000000000000000000000000000000000000000000000000000000000000000000000000000002094E170F8E4FDFBF7BF6BDFBE7D8FECDAB56B78C51557A8862B7DDE1FDFBB77EF3DBB77EF7E5EF9FA000000B08C1466DF9DC2D4F0E0C183C343870E0D8F1C39A21AAEFC79CF9FFF3D7BF63C9402EE73CAD7080000800AF9CA6C0E5365C852CDD7810307EE4B81F6BAF235020000A042FE3263576663547E1D52A03D5CBE460000C0F89E5A2E303BF2F77096C14AB557F9F5285F230000603CC7A63A78F42333A86EA0FDC2830786FB3FF4D6E14D57BEFA89CAFF9DD7CAE3D4FA4AA0050080C91885D9338F7E146A67509D40FBF003770F6FBCFC95C38FFEF1AF7C55E5B57C5B79BC1ABF045A000058BFF2CA6CF96766449D407BE74D172F09B3A3BAEBA64B961CAFC62F81160000D667B9F0BADC3A1D5627D07EF2AA739704D951E5DBCAE3D5F825D00200C0F8560BADABDD4EC7D409B4375EB17349901D55BEAD3C5E8D5F022D00008CA76E58AD7B1C1D20D0C62A81160000D66EAD2175ADC713549D409B7FAA71196447956F2B8F57E397400B00006B336E381DF77E045227D0DEF2C1372C09B2A3CAB795C7ABF14BA0050080FAD61B4AD77B7F5A5627D0DE7FF7C78637BEFF554BC26C5ECBB795C7ABF14BA00500807A26154627F538B4A04EA0CD75DBF56F5F1268F35A799C5A5F09B4ACD153CB0500807930E9103AE9C7A321B502EDE1C3C35BAE79F392409BD7F26D4B8E57639740CB1AE8BB00C05C9AD61034ADC7658A560BB40F3F70F7F0D31F7CFD92303BAA7C5B3EA6BC9F1AAF045A6A1AF5DB338F7ED4770180B930EDD039EDC767C2960DB4870F0F0FDCB27BF8F1CBCE5A1262CBCAC7E4635DAD5D7F09B4D450F6D9F2CF00003369F1D0734CAA138F7E5C8FAAC7315C754855A05DEDAAEC72E56AEDFA4BA06515CBF5D7E5D60100664219667F3F551E9CF3C77143ED4A8F63B8EA88AA405BE7AAEC7295EF5B3E9EAA5F022D2B58ADAFAE763B005D331C0E9FBC7FFFFE77EDDBB7EF915DBB763D3128A8662B7DDE1FDFBB77EF3DBB77EF7E5EF9FAD09872C83971C39743E8A8CA305AC7E2303BAA13BEEA88A5CF4B40F97D5A86AA32A4AEB5CAC753F52BBF1EE56B041BEAF7D3BAC701D00529CCBE3B85A9E1C1830787870E1D5A3238A8E957FEBCE7CFFF9E3D7B1E4A83DA73CAD788A9AB1A6EAAC2E85A426DD5FDDF7274BD54F5FC04521568557B25D05261AD7D74ADC7031055BE329BC3543930A8E6EBC08103F7A541EDBAF23562AA561A6AAA42699D505B75BFE5C2ECC84AE741CB04DA5825D05218B77F8E7B3F0022C95F66ECCA6C8CCAAF431AD40E97AF1153536798A90AA72B85DAAAE3570BB32375CE871608B4B14AA06591F5F6CDF5DE1F80B619D4629541AD316B1962AA426A55A8AD3AAE6E981D59CB79D1107D3256E9931C35A97E39A9C701A00D7507B52F3C7860B8FF436F1DDE74E5AB9FA8FCDF79AD3C4EADAF0C6AF56DDEBCF9AA541BCBF51AC6195EAAC2EAE2505B75FB5AC3ECC838E7C714D5ED93AA99D227D930F93E39E9C703A0297506B5FC3B136FBCFC954B7E4A675EF3FB14275B06B5FA52981D1EADB504DBF50C2D55A135FFF94915EBE386D991F59C271356A74FAAE64A9F9C7BD3EA8FD37A5C00A6A9CEA076E74D172F09B3A3BAEBA64B961CAFC62F835A7D8B026DDD603B8961A52AD4DE5CFC79BD61766412E7CB04D4E993AAB9D227E7DAB4FBE2B41F1F8049AB33A87DF2AA739704D951E5DBCAE3D5F86550ABAF22D0AE146C2739A45485DA4987D991499E3763AAD3275573A54FCEADC5FD30F7D9138F7E5C8FAAC7D17701BAA4CEA076E3153B9704D951E5DBCAE3D5F86550ABAF22C896350AB6D3184EF29719975766F39FF3FAA44DE3FC59833A7D523557FAE45C2AC3ECE87F2A56FD80BEBA567A1C7D17A02BEA0C6A026D73D5A541AD224086AD74BA6796E7BF0E2B5DA12D87A24939B3FC3B75B1CABF5457D4E993AAB9EA529F6422CA7079E286F5F7DDAA3E7EC2571DB1F4790188A8CEA0967FAA71196447956F2B8F57E3579706B5B6034A199616D5559BBFFA4B8E273994540D41E595DA7186AB954CF2FC5BD3F6BF97F5A8D3275573D5A53EC9BA55F5BFAA3EBC96BE5B75FFE5BE5DA4EAF961666DDBB6ED6969BF3EBEDFEFFF4EFAB82BD56DA9BE7874BECA1FF39F771DBDFDF87C7CF918D0B83A83DA2D1F7CC392203BAA7C5B79BC1ABFBA34A8B51D508A105B1564179BC450B2DC1054F5538ED7325CAD6412E71D42DBFF5ED6A34E9F54CD5597FA24EBB252FFABEAC775FA6ED5FD960BB3232B9D07CC84C160F0D3699FBE30D5918AF96AA5CAC75F98EF5F3E2634A6CEA076FFDD1F1BDEF8FE572D09B3792DDF561EAFC6AF2E0D6A6D079445CD74A520BBD87A8692D586A0AADBEB0C572B59CFF986D3F6BF97F5A8D3275573D5A53EC9D8EAF4BFB5F6DDAAE3570BB32375CE073A2705D11F4BFBF3B51541759CBA363F5EF91C30757507B5DBAE7FFB92409BD7CAE3D4FAAA4B835A6E5EE55A9336D70FB28B8D3394D41D82AA8E5B69B85AC938E7195ADBFF5ED6A36E9F54CD5497FA2463594BFFABDB77AB8EABEAE32B59CB794168DBB66D7B4ABFDF7F63DA9B1F2F83E919679C313CFFFCF38737DC70C3F0D65B6F1DDE7FFFFDC32C7FCC7FCEEBF9F67C5C79DFFC78F971F3E397CFD988749E4FDAB76FDF2FBCFDED6F7FFFD9679F7DDFCB5FFEF243A79E7AEA137FC9534E39E54B679E79E6E7D3DA9F9F73CE39AFDBBE7DFB33CAFBD34DB506B5C38787B75CF3E6258136AFE5DB961CAFC6AE2E0D6A1D0E286B194AD63A04551D5F355CAD642DE7D71911FFBDD4FD9F22B5FAA46AACBAD427E755DDF7568571FADF6A7DB7EAF695FAF84AC6393F0825BD379F31180C3EBA38882E2C2C0CCF3BEFBCE15D77DDF54478AD2B1F9FEF97EF5F04DB8FE4E7299F7B6AD2B93CE5B2CB2EFBDD57BEF2958FECD8B163F8A637BD6978EDB5D75626F2BC9E6F7FE10B5FF8D8E9A79FBEFFA4934EFAD9F2F1E896D506B5871FB87BF8E90FBE7E49981D55BE2D1F53DE4F8D575D1AD422069435A833948C3B0455DDAF6EA8AD735E9D14F1DFCBA28D77C5E17BB53EA99AAD2EF5C97955F7BD55584FFF5BAEEF56FD8C833A7D7C25EB394F68550AB2DF93EAEEC5E1F3DC73CF1DDE79E79D5F9D54D728DF3F3FCEE2C74D75677EBEF21C262E05D45F3CE79C730EE54BC6FBF6ED1B3EF6D863E5F955CAC7E5E35FF292977CE9C52F7EF19FF5FBFD67968F4D372C3BA81D3E3C3C70CBEEE1C72F3B6B49882D2B1F938F75B576FDD5A5412D624059A3958692AAE1682D4350D5FD570BB52B9D4FE745FCF7526CBCCB0EDFCBF649D54A75A94FCEABBAEFAD4526D1FFAAFA6EF953E8D7D2C7573289F385466DFEF295D9AF84D97C55F5E28B2F2E63DEBAE4C72BAED6DE999FB73C978948CF77CCE5975F7EFEC9279F3CBCF4D24B878F3EFA68793EB5E4FBE5FB6FDBB6ED0B7EBA5537550D6AAB5D955DAE5CAD5D7F756950CB8DAA5CEBA0E586921337AC7F08AA1AAECADF7338B2DC79CC8C88FF5E2A86EECAE1BBAA4FAAF6AA4B7D725E55BCA72ADF5B474DB2FF55F5DDF5F4F1954CF2BC61AAF2F7B42EFE32E3EDDBB70F3FFCE10F97D16E22F2E3E6C75FF4BEFFC8C4BFA7363DCF31175E78E19F9E7AEAA9C34F7DEA53E5398C253FCE8E1D3BBE9812F90BCBE723B6AA41ADCE55D9E52ADFB77C3C55BFBA34A8E52655AE7554D550B278285ACF1054E771AA9E7FE644FCF752316C97F5C4F05DD527557BD5A53E39AF2ADE4B653DF1DEDA309DFE97BFCCB8BC329BFF9CD7276D1AE70F1377F407403DF1FECB5750A7156647F2E32FBE529B9FBF3CA775C957664F39E594E1C18307CBE75E97FC78298D3FBC69D3A66795CF495C55835A1952D75AE5E3A9FAD5A5412D37A872ADC3AA86921C3EF315D5AA10BA162B3D4ED5F3CEA48A81B63355D527557B55BE3EAADB95DAC39965BF588795AED0AEF66D1FE33AB3FC3BA9E5ABFCE4317D477F35CF63A3D7E0924B2E2963DC54E4E759F4DA3F36B15FE973CD35D7FC620EB393BA325B4A8FFBF809279CF040AFD7FBCEF2B989C9A016AB04DA56351D2E9B7E3E0AE5A0B5A8AEDAEC4B8EC35697FAE4BCAA784F55BEB7364CB60F5685D9F24AEDA443ED24CF7FE6E57F03E51AD3B779D1EF99CD3FB8A949C50F8ABAB63CB7354B8FF994D7BCE63587F2F7BC4ED345175DF4C0C2C2C265E5F31393412D567569509BD18DA9A9E1A4A9E761053586ED2744EB931B965E797AA29ABABDEDEA529F9C5775DF5B471DBB61FDFDB02ACCE66FF3A8FA29C7930AB59338EFB932A3734368F92B6747EFC3FC25C0EBFD69C66B959F6FF1971EAFFB2B79DFF7BEF79D977F9AF1B83F00AAAEFCF83B76ECB8379DF04F96E7403CD106B579AF2E0D6A33BC314D7B4899F6E35353CD613B5C9FDC50112E17AF4DFBF6B6AB4B7D725ED57D6F2DB29EBEB85C981D85D6AADBD71B6AD773BE736B86E786B0D2E7FCC2D1FB31FFBED836E4E75DD4132E2CCFB1B6F4584F7AC52B5EF148FE553B4DB8FAEAAB1F4C27FC27E579104FB4416DDEAB4B83DA8C6F4CD31A56A6F5B88CA1EEB01DAD4F6EA808978BD7A67D7BDBD5A53E39AFEABEB70AE3F4C7AAB05AF503F8AA8E1B37D48E739E6C98F9B9219C8585856F4E9FF323A330D9F4D5D991FCBC8B02ED917C5EE5B9D672CD35D7FCFC49279D54FBF7CCAE577E9E2D5BB63CD8EBF59E5E9E0BB1441BD4E6BDBA34A8CDC1C634E9A165D28F4743A2F5C90D15E172F1DAB46F6FBBBAD42759B3B5F4C9AA905A156647AA8E5F6BA85DCBF9519883B9A13175FEA751BAFDF85190CC5FA5DBA6FCFC8B42EDF1E5B9D6F2B6B7BDED8A37BDE94DE5634FD5D9679F7D63BFDF3FB53C17628936A8CD7B7569509B938D6952C3CBA41E871644EB931B2AC2E5E2B569DFDE7675A94F32963AFDB22A9CAE146647AAEE5737D4D6392F5630277343231685C365836D5A7FFDE8B877BCE31D65546B547EFE45E7FCFAF25C6B39E79C73EE6DEACB8D47AEBCF2CA9B36AFE7EBA46944B4416DDEAB4B83DA1C6D4CEB1D62D67B7F5A16AD4F6EA808978BD7A67D7BDBD5A53EC9D856EA9B55A1B44E981DA9BAFF6AA176A5F3A1A6399A1BA66E51385C36D80E0683DDA3DBAFBFFEFA32AA352A3FFFE85CF2792D3ECFDA5EF6B2971DDABF7F7FF9D85375F3CD37DF9E4EFA43E5B9104BB4416DDEAB4B83DA9C6D4CE30E33E3DE8F40A2F5C90D15E172F1DAB46F6FBBBAD4275997E5FAE7891BC60FB32355A136FFBEF02ACB9D076B346773C3545504DA25C1367DFCCC68BDE91C58CACFBFE81C3F53FC75EA39E594531EFFDCE73E573EF654DD7FFFFD0FA713BEBB3C17628936A8CD7B7569509BC38D69AD43CD5A8F27A8687D72C3570FE15FA9A66E6FBBBAD42759B763372CEDA38BC3E8386176A4CEE3543D3F639AC3B9616A2A826C5939D8FEE5E8CF4DE7C0527EFED1B90C0683CF977F9F5AB66EDD3AFCD297BE543EF654A5E7FB7CC527B773557E2E674DB4416DDEAB4B83DA3CBC3F2AD41D6EEA1E4707E893B1AA4B7D9289A8EAA7397CE62BAA5521742D567A9CAAE7651DCA195B35574DE7C0527EFE45E7F368F96FA396934F3EF94B4D27F37BEFBDF7CF3777FC0A6DFEA4976BB3C6A016ABBA34A8CDC3FB6319AB0D39ABDD4EC7E893B1AA4B7D928969BAAF36FD7CB02665605D54576D3EFA25C7F94AE868BDE91C589AC815DA5FFEE55FFE7CD35F3BFD894F7CE2FACD1DFF1EDA7918D80D6AB1AA4B83DA3CBC3F56B0DCB0B3DC3A1DA64FC6AA2EF54926AAA9FEDAD4F3C0D8560AB28B8E99ADEFA13DEBACB33EDDF44F397ECF7BDE73F1E68EFF94E37918D80D6AB1AA4B83DA3CBC3F56510E3DE59F9911FA64ACEA529F64E2A6DD67A7FDF830112B05D99199FB29C7679F7DF6EB9AFE3DB4A79D76DAA55DFF3DB4F330B01BD462559706B579787FD4301A7ECE3CFAD1103483F4C958D5A53EC9544C2B744EEB7161E2560AB2239B67EDF7D06EDFBEFD193B76EC782C291F7F2AD2F3FC453AD97B7BBDDED3CB73E9922E0FEC75FEA16706B558D5A541ADCBEF8F093BF6E8E7C21034A3F4C958D5A53EC9D44C3A7C4EFAF1A0756936397E1422CF38E38C32AE35EAA52F7DE9E38B02EDF1E5B9D676FAE9A7DFD6D4971D5F70C105EF4827FB27E539744D9707F645FF68560CB606B558D5A541ADCBEF8F49F3B9986DFA64ACEA529F64AA26154227F53810CAC2C2C237A7F9E4C82813DC79E79D65646B447EDE45B9E4483EAFF25C6B3BE9A4937EF6252F79C9971E7DF4D1F279262A3DFE9DE9646FD9B469D34F96E7D0355D1E5217FDC35931D81AD462559706B52EBF3F26CDE762B6E993B1AA4B7D92A95B6F185DEFFD21B4349F5C38CA02E79D775E19DB1A919F77511E59FFCF573AEDB4D3FEECD24B2F7DBC7CA2097AFCB5AF7DED5BD3C95E5A3E7717757948AD08B495C1D6A016ABBA34A875F9FD31693E17B34D9F8C555DEA933462DC503AEEFDA033366DDAF4AC510658585868FC2A6D7EBEC160F0952F37CEE7539EE39AF57ABDEFDCBE7DFBC39FFAD4A7CAE79B880F7CE0036F4B277B203F4FF9DC5DD4E521B522C896F544B035A8C5AA2E0D6A5D7E7F4C9ACFC56CD327635597FA248D596B385DEBF1D0596946B97634FF9F7BEEB9657C9BAAFC7C8BB2C7B5E5B98D2DA5E49F7EC10B5EF0C583070F96CFB92EB7DF7EFB25E944EF9948F20EA22204CE5C19D46255F9FA44AFF23D33AF7C2E669B3E19AB045A965137A4D63D0E6642CA7E3F96E694C746B3DB25975C52C6B8A9C8CFB368667C2C9F47796EEBB2B0B0F0C2EDDBB77F7E52576A8F5E99BD3BD50BCAE7A21D65F05854576DF625C761CBA0D64DF9BD55AE313BF4C958A54FB282D5C2EA6AB7C34CEAF7FB6F1C6581FCA5C71FFEF087CB383751F9F1177FA9717EFEF29C26225F49DDBA75EB03175D74D103E3FEA0A8FC03A08E7ECFEC5FCCD295D959B05A901D8936A8A553AAACA66E6FBB0C6ADD24D0CEB6687D72DE4B9F6415C76EA80EADCBADC3CCDBB66DDB53D2ACF291512ED8BE7DFBD4426D7EDCF47C5FB9229C9F373F7F794E1393D2F233534ABF7CC78E1DF75E7DF5D50FD6FD3DB5E9B883175C70C1F9E9046F49F5BEFC38E563D3AED582EC48B4416D4345B85CBC36EDDBDB2E835A3709B4B32D5A9F9CF7D227A9A10CAFE59F61EEA459E519A9F26FA3F9CA95DA8B2FBEB88C79EB921F6FF195D9A3CFF78CF25CA622FF8A9DF4647BB76CD9F2D0CE9D3B3FBE6BD7AE1B6FBEF9E6CFDC77DF7D5F48E7F6F0673FFBD9FD37DD74D3F5EF7DEF7B2F3AFDF4D3DF978EBD2F1F3F0BBF9A6756AD166447A20D6A1B2AC2E5E2B569DFDE7619D4BA49A09D6DD1FAE4BC973E494DA3107BE6D18FC22C732F85CDEF591C6A73E51FDCB4DE9F7E9CEF5FFC00A827C26C7EBEF21CA6AED7EB3D3D3DF929FD7EFFE2F4F1BA457FE1FCF1BAA3EBA7E4E3CAFBD24DD106B50D15E172F1DAB46F6FBB0C6ADD24D0CEB6687D72DE4B9F640D8E3DDA9F8559386AF397AFD47EE5CB8F73E5ABB5F9F7C5DE75D75D65565D513E3EDFAFB82A9B2B3F7E33576621DAA0B6A1225C2E5E9BF6ED6D9741AD9B04DAD916AD4FCE7BE993AC85FE0C4BE5EF693DFA83A2CA203A3CE38C3386E79F7FFEF0861B6E18DE7AEBADC3FBEFBFFF89F09A3FE63FE7F57CFB4B5FFAD225F7CD8F971F77AADF330BA56883DA868A70B9786DDAB7B75D06B56E3230CDB6687D72DE4B9F642DF46758DED15FE9F395DF53BBCEBA76E2BF9A07EA8836A86DA808978BD7A67D7BDB6550EBA6DCC8CB356647B43E39EFA54FB216FA33AC2E05D19F4EEF950B531DA908AA2B553EFEC27CFFF231A131D106B5744A95D5D4ED6D9741AD9B0C4CB32D5A9F9CF7D227590BFD19EADBB66DDBD3D27BE6F87EBFFF3BE9E3AE54B7A5FAE2D1F09A3FE63FEF3A7AFBF1F9F8F231A07106B5586550EB2603D36CD32763953EC95AE8CF0033CEA016AB0C6ADD64609A6DFA64ACD227590BFD1960C619D4629541AD9B0C4CB34D9F8C55FA246BA13F03CC38835AAC32A875938169B6E993B14A9F642DF467801967508B5506B56E3230CD367D3256E993AC85FE0C30E30C6AB1CAA0D64D06A6D9A64FC62A7D92B5D09F01669C412D5619D4BAC9C034DBF4C958A54FB216FA33C08C33A8C52A835A37199866DBAE5DBB1E3F74E8D092F7AB6ABED2EB704FEA9387CBD70896A33F03CC3881365609B4DD64609A6D7BF7EEBDE7E0C1834BDEAFAAF9BAE38E3B2E487DF2BAF23582E5E8CF00334EA08D55026D37199866DBEEDDBB9FB767CF9E870E1C38709F2BB5ED54FABC1FB8FDF6DBDF997AE467523DA77C8D6039FA33C08C1368639540DB4D06A6D9974354BE3298EA487E9FAAC62B7FDEF3E75F98654DF46780199707853254A9F62ABF1EE56B447C06268098F467801927D0C62A81B69B0C4C0031E9CF00334EA08D55026D3719980062D29F01669C401BAB04DA6E323001C4A43F03CC3881365609B4DD64600288497F069871026DAC1268BBC9C0041093FE0C30E304DA5825D0769381092026FD1960C609B4B14AA0ED260313404CFA33C08C1368639540DB4D06268098F467801927D0C62A81B69B0C4C0031E9CF00334EA08D55026D3719980062D29F01669C401BAB04DA6E323001C4A43F03CC3881365609B4DD64600288497F069871026DAC1268BBC9C0041093FE0C30E304DA5825D0769381092026FD1960C609B4B14AA0ED260313404CFA33C08CDBB56BD7E3870E1D5A12AC54F3955E877B52A03D5CBE46C467600288497F0698717BF7EEBDE7E0C1834BC2956ABEEEB8E38E0B52A0BDAE7C8D88CFC0041093FE0C30E376EFDEFDBC3D7BF63C74E0C081FBBA76A5F6F0E1C34BD6BA58E9F37EE0F6DB6F7F670AB39F49F59CF235223E0313404CFA33C01CC8212A5F194C75247F0F6717EA2D6F79CB70616161C97A472B7FDEF3E75F98ED280313404CFA3300E16CDDBAF51BD2067567AA2F96B7411B0C4C0031E9CF008433180C5E9B37A8548F1E77DC714F2D6F87A619980062D29F010865CB962D3F9036A7478E06DA610AB72796C740D30C4C0031E9CF0044724CDA98AE1E85D9A37575791034CDC0041093FE0C401883C160471166733DDEEFF7BFB73C169A64600288497F0620845EAFF7AD6953BAAF22D0E62F3BFE6FE5F1D0240313404CFA330021A40DE90FCA20BBA8EE4D81F7C9E57DA02906268098F467005A37180C8E4D1BD2E3154176F155DA4DE5FDA02906268098F467005A9736A39352BD35D5AE541FD9FCE5DF415B06DA2BCAFB41530C4C0031E9CF00849436A8BB7BBDDE0FA520FBFDE9BF37A68FCF4FCBC794C741130C4C0031E9CF0044947F7DCF232F7AD18BBEB6BC01DA60600288497F06209C134E38E15BD206757FB90E6D313001C4A43F03104EAFD7FBBEB4417DA25C87B618980062D29F010867D3A64D3F9936A8ABCA75688B81092026FD198070FAFD7EDA9F365F50AE435B0C4C0031E9CF00849302ED4BD306F53FCA75688B81092026FD198070D2E6F4EBA9CE2AD7A12D06268098F46700C2499BD3EFA77A61B90E6D313001C4A43F03104EDA9C2E190C06C795EBD0160313404CFA3300E1A4CDE9BA8585851F29D7A12D06268098F46700C2499BD31D29D07E7BB90E6D313001C4A43F03104EDA9C0E6FDBB6ED29E53AB4C5C0041093FE0C4028BD5EEF9BD2E6F450B90E6D323001C4A43F03104ABFDFFF876973FA74B90E6D323001C4A43F03104ADA98FE55AA3F29D7A14D06268098F4670042491BD3F1FD7EFFFF94EBD0260313404CFA3300A1A48DE91753A07D63B90E6D323001C4A43F03104ADA985E9D02EDAF95EBD0260313404CFA3300A1A48DE9BCC1607072B90E6D323001C4A43F03104ABFDF7F4FDA9C7EBE5C873619980062D29F0108256D4CD7A4FAF1721DDA64600288497F062094B431DDDAEFF79F59AE439B0C4C0031E9CF00849236A62FF47ABD6F2CD7A14D06268098F46700C2D8BA75EB37A48DE92FCB75689B81092026FD198030161616FE41DA98F697EBD0360313404CFA3300610C06831F4B1BD3BE721DDA66600288497F06208C1468FF7DDA98DE5BAE43DB0C4C0031E9CF00849102EDC969633AAF5C87B619980062D29F0108A3DFEFFF5ADA985E5DAE43DB0C4C0031E9CF00849102ED1B539D56AE43DB0C4C0031E9CF00849136A577A740DB2BD7A16D06268098F46700C2489BD2DE4D9B36FDEB721DDA66600288497F06208CB429DDDCEBF5BEBB5C87B619980062D29F0108236D4A0F6EDBB6ED69E53AB4CDC0041093FE0C4008CF7EF6B3BF2E6D4A87CB7588C0C0041093FE0C4008BD5EEFEFA54DE933E53A4460600288497F0620847EBFFFCFD3A6F4A1721D22303001C4A43F0310420AB4FF2E6D4AFFAF5C87080C4C0031E9CF00849036A417A6FAFD721D22303001C4A43F031042DA90CE4AF5EBE53A4460600288497F062084C160F0DBA9CE28D721020313404CFA330021A430FB47A906E53A4460600288497F062084946577A7FAA9721D22303001C4A43F0310420AB337A5FAFE721D22303001C4A43F031042DA90EE4B81F66F94EB108181092026FD1980D66DDCB8F16BD286F448FACF63CADB20020313404CFA3300AD4B9BD1DF49754FB90E5118980062D29F01685DDA8CFE49BFDFFF70B90E5118980062D29F0168DD6030F8B729D05E56AE431406268098F467005A9702ED89A9DE56AE431406268098F467005A97C2ECCBD286F49BE53A4461600288497F06A075FD7EFF7569433AB35C87280C4C0031E9CF00B42E6D467F986A6BB90E5118980062D29F01685DDA8CDEDFEFF77FA65C87280C4C0031E9CF00B42E6D461F4D81F607CB7588C2C0041093FE0C40EBD266F417BD5EEF6F97EB108581092026FD198056EDDCB9F34969337A2405DABF52DE065118980062D29F0168D5D6AD5BFF66DA8C3E5BAE432406268098F467005AB565CB961F489BD1C7CB7588C4C0041093FE0C40AB366DDAF4ACB4195D59AE432406268098F467005AD5EFF7B7A4CDE8FC721D22313001C4A43F03D0AAB411FD520AB5BF55AE432406268098F467005A9536A2DF4881F657CB7588C4C0041093FE0C40ABD246F4D61468B797EB108981092026FD198056A58DE8D28585859F2BD721120313404CFA3300AD4A1BD10D29D0FE70B90E9118980062D29F016855DA88EEDAB265CBDF2DD721120313404CFA33006D3A266D44477ABDDE93CB1B20120313404CFA3300AD4941F6AFA78DE873E53A4463600288497F06A035FD7EFF7BD346F4C9721DA2313001C4A43F03D09AB4096D4CB5A75C87680C4C0031E9CF00B4266D42FDC160F0AE721DA2313001C4A43F03D09A14664F4F1BD1EBCB7588C6C0041093FE0C406B52A07D4DDA885E51AE433406268098F467005AD3EFF77F2F6D442795EB108D81092026FD1980D6A4407B71DA889E5BAE433406268098F467005A9336A13F4DF52FCA7588C6C0041093FE0C406BD226747BAABF5FAE433406268098F467005A9336A143BD5EEFEBCB7588C6C0041093FE0C402BB66CD9F2D70683C1E7CB7588C8C0041093FE0C402B161616BE2B6D42B794EB109181092026FD1980560C06839F489BD0D5E53A4464600288497F06A015FD7EFF17D2267461B90E1119980062D29F0168450AB4A7A64DE8CDE53A4464600288497F06A0156903DA99AB5C87880C4C0031E9CF00B4225F9DCD5769CB7588C8C0041093FE0C402BF2F7CFE6EFA32DD721220313404CFA3300AD481BD007376DDAF42FCB7588C8C0041093FE0C402BD206F4E7BD5EEF3BCB7588C8C0041093FE0C402BD206F4F0739FFBDCBF5AAE434406268098F467001A77DC71C73D356D405F2CD7212A0313404CFA33008DEBF57ADF9136A0DBCA7588CAC0041093FE0C40E3FAFDFE8FA60DE8DA721DA2323001C4A43F03D0B8B4F93C3785DA8BCB7588CAC0041093FE0C40E3D2E673520AB4BF57AE435406268098F467001A97369F570C0683D794EB109581092026FD1980C6A5CDE7F529D09E5EAE435406268098F467001A97C2ECBB526D2AD7212A0313404CFA33008D4B61F603A98E2DD7212A0313404CFA33008D4B61F653A9BEA75C87A80C4C0031E9CF0034AEDFEF3FB0B0B0F0CDE53A4465600288497F06A051BD5EEFC969F33952AE436406268098F467001A95369E67A4BAB35C87C80C4C0031E9CF00346A6161E187D3E67343B90E9119980062D29F0168540AB43F97369F4BCB7588CCC0041093FE0C40A3FAFDFEF6B4F9BCB55C87C80C4C0031E9CF00342A05DA5F4D9BCF6F94EB109981092026FD198046A540FB5B69F3F9A5721D22333001C4A43F03D0A8B4F1BC33D542B90E9119980062D29F016854DA7876A5FA37E53A4466600288497F06A05169E3B9B1DFEFFFA3721D22333001C4A43F03D0A8B4F1DCDBEBF5BEB55C87C80C4C0031E9CF003466E3C68D5F93369E4776EEDCF9A4F23688CCC0041093FE0C40639EFFFCE77F5BDA780E94EB109D81092026FD1980C6F4FBFD1F4C1BCF47CB7588CEC0041093FE0C406352A0FD99B4F1BCBF5C87E80C4C0031E9CF0034266D3A5B53FD61B90ED119980062D29F01684CDA74CEECF7FBAF2BD7213A0313404CFA33008D499BCE6FA640FB2BE53A4467600288497F06A03169D3797B0AB42794EB109D81092026FD1980C6A44DE7F28585859F2DD7213A0313404CFA33008D499BCE4752A0FDA1721DA2333001C4A43F03D098B4E91C78FEF39FFF6DE53A4467600288497F06A029C7A44DE7918D1B377E4D79034467600288497F06A011BD5EEF5BD3A6735FB90E5D60600288497F06A01183C1E0FB53DD54AE431718980062D29F0168440AB33F956A77B90E5D60600288497F06A011832FFBA3721DBAC0C0041093FE0C402352983D23D56F97EBD00506268098F467001A91C2EC7F4DF59FCA7588260D4757E5016995BAAABC1F00CD13680168440AB3FF2B6D3A2F28D7219AF4EF746345802D6B63793F009A27D002D0887EBFFFC769D3794EB90E11E52BB01521D6D5598060045A001A91369CEB53FDB3721D22CA57602B82ACABB300C108B40034226D3877A67A46B90E51E52BB11561D6D5598040045A001A91369CC3CF7EF6B3BFAE5C87A8F295D88A40BBB13C0E80F608B4004CDDB66DDB9E96369C07CB7588AEB84AEBEA2C4030022D0053D7EBF5BE3B6D383797EB105D71957663793B00ED12680198BA4D9B36FDEBB4E1EC2DD7A10B465769CB7500DAA73F033075FD7EBF97369C7797EBD005A3ABB4E53A00EDD39F0198BA14684F4B1BCE1BCA7566DF70387CF2FEFDFBDFB56FDFBE4776EDDA35BCE28A2B54C3953EEF8FEFDDBBF79EDDBB773FAF7C7D00BA4EA00560EAD266734EAA5796EBCCBE1466DF9DC2D4F0E0C183C343870E0D8F1C39A21AAEFC79CF9FFF3D7BF63C9402EE73CAD708A0CB045A00A62E6D36BF9BEA45E53AB32F5F99CD61AA0C59AAF93A70E0C07D29D05E57BE46005D26D002307569B3B9A8DFEFFB72C73994BFCCD895D918955F8714680F97AF11409709B4004C5DDA6CAE4D81F647CB75665FFE1ECE3258A9F62ABF1EE56B04D065022D005397369BDB7ABDDE7794EBCCBEBA81F60B0F1E18EEFFD05B87375DF9EA272AFF775E2B8F53EB2B81169835022D005397369BBFDCBA75EB3794EBCCBE3A81F6E107EE1EDE78F92B871FFDE35FF9AACA6BF9B6F278357E09B4C0AC11680198AA5EAFF78D69B3F942B9CE7CA81368EFBCE9E22561765477DD74C992E3D5F825D002B346A00560AAFAFDFE33D366736BB9CE7CA813683F79D5B94B82ECA8F26DE5F16AFC1268815923D002305569A3F9F154D794EBCC873A81F6C62B762E09B2A3CAB795C7ABF14BA005668D400BC054A58DE6E7FBFDFE7BCA75E683401BAB045A60D608B4004C55DA684E4981F67F96EBCC873A8136FF54E332C88E2ADF561EAFC62F81169835022D005395369A570D0683B3CB75E6439D407BCB07DFB024C88E2ADF561EAFC62F81169835022D005395369A37A540FBE2729DF95027D0DE7FF7C78637BEFF554BC26C5ECBB795C7ABF14BA005668D400BC054A58DE6FFA640FB1FCA75E6439D409BEBB6EBDFBE24D0E6B5F238B5BE1268815923D002305569A3B93A05DA9F28D7990FB502EDE1C3C35BAE79F392409BD7F26D4B8E576397400BCC1A811680A94A1BCD2D0B0B0BDF55AE331F560BB40F3F70F7F0D31F7CFD92303BAA7C5B3EA6BC9F1AAF045A60D608B4004C55DA681EEAF57ADF54AE331F960DB4870F0F0FDCB27BF8F1CBCE5A1262CBCAC7E4635DAD5D7F09B4C0AC116801989A1464BF3E6D3487CA75E64755A05DEDAAEC72E56AEDFA4BA005668D400BC0D42C2C2C7C7BDA68EE28D7991F5581B6CE55D9E52ADFB77C3C55BF045A60D608B4004C4D0AB43F92369AEBCA75E64755A02D43EA5AAB7C3C55BF045A60D608B4004CCD6030382E6D349794EBCC8FAA40ABDA2B81169835022D00539302ED8EB4D1BCA55C677E08B4B14AA005668D400BC0D4F4FBFDFF9C369AFF52AE333F04DA5825D002B346A005606A52A0FD9DB4D1BCA45C677E08B4B14AA005668D400BC0D4A44DE67FA7EA97EBCC0F81365609B4C0AC116801989AB4C9EC49B5B15C677E08B4B14AA005668D400BC0D4A44DE693BD5EEFFBCA75E687401BAB045A60D608B4004C4DDA64EE3FE18413BEA55C677E08B4B14AA005668D400BC054BCE8452FFADAB4C91C49FF794C791BF343A08D55022D306B045A00A6A2D7EB3D3D6D327797EBCC1781365609B4C0AC116801988A7EBFFF4FD326F367E53AF345A08D55022D306B045A00A62205DA67A74DE67DE53AF345A08D55022D306B045A00A6226D30DB52FD41B9CE7C11686395400BCC1A811680A9481BCCCBFBFDFEB9E53AF345A08D55022D306B045A00A6226D30FF3D05DAFF58AE335F04DA58B55AA04DEFDB8DA9AE2AD701A2126801988AB4C19C9F02ED96729DF922D0C6AAE502ED28C8E6C1D0700874899E05C054A40DE6CA4D9B363DAB5C67BE08B4B1AA0CB46590156881AED1B300988A7EBFFFB1C160F08FCB75E68B401BAB468176B9202BD0025DA3670130156983399802EDDF2AD7992F026DACCAAFC74A4156A005BA46CF0260E276EEDCF9A4724056F35B65A852EDD5D140AB94523355E51C0200EB96436DB9C6FC71853656F992630000809AA205DA744A95D5D4ED6D971F0A0500005053C440BBD2DAB46F6FBBCA403B5206DBF276000080B923D056AFB555CB05DA9151B02DD7010000E68E405BBDD656AD1668010000384AA0AD5E6BAB045A0000809A04DAEAB5B64AA0050000A849A0AD5E6BAB045A0000809A2206DAAA6AEAF6B64BA0050000A8295AA09DF712680100006A12686395400B00005093401BAB045A0000809A04DA5825D0020000D424D0C62A81160000A02681365609B40000003509B4B14AA0050000A849A08D55022D0000404D026DAC12680100006A12686395400B00005093401BAB045A0000809A04DA5825D0020000D424D0C62A81160000A02681365609B40000003509B4B14AA0050000A849A08D55022D0000404D026DAC12680100006A12686395400B00005093401BAB045A0000809A04DA5825D0020000D424D0C62A81160000A02681365609B40000003509B4B14AA0050000A849A08D55022D0000404D026DAC12680100006A12686395400B00005093401BAB045A0000809A76EDDAF5F8A1438796042BD57CA5D7E19E14680F97AF1100000015F6EEDD7BCFC1830797842BD57CDD71C71D17A4407B5DF91A0100005061F7EEDDCFDBB367CF43070E1CB8CF95DA762A7DDE0FDC7EFBEDEF4C61F633A99E53BE460000002C2387A87C6530D591FC3D9CAAF1CA9FF7FCF917660100000000000000000000000000000000000000000000000000000000000000000080D9F3FF01F504E90D59A0EDCC0000000049454E44AE426082, 1);
INSERT INTO `act_ge_bytearray` VALUES ('8960bca5-3c04-11f1-82d8-52284ac9a333', 1, 'process_5.bpmn20.xml', '8960bca4-3c04-11f1-82d8-52284ac9a333', 0x3C3F786D6C2076657273696F6E3D22312E302220656E636F64696E673D225554462D38223F3E0A3C646566696E6974696F6E7320786D6C6E733D22687474703A2F2F7777772E6F6D672E6F72672F737065632F42504D4E2F32303130303532342F4D4F44454C2220786D6C6E733A7873693D22687474703A2F2F7777772E77332E6F72672F323030312F584D4C536368656D612D696E7374616E63652220786D6C6E733A62706D6E64693D22687474703A2F2F7777772E6F6D672E6F72672F737065632F42504D4E2F32303130303532342F44492220786D6C6E733A6F6D6764633D22687474703A2F2F7777772E6F6D672E6F72672F737065632F44442F32303130303532342F44432220786D6C6E733A62696F633D22687474703A2F2F62706D6E2E696F2F736368656D612F62706D6E2F62696F636F6C6F722F312E302220786D6C6E733A64693D22687474703A2F2F7777772E6F6D672E6F72672F737065632F44442F32303130303532342F44492220786D6C6E733A666C6F7761626C653D22687474703A2F2F666C6F7761626C652E6F72672F62706D6E2220786D6C6E733A7873643D22687474703A2F2F7777772E77332E6F72672F323030312F584D4C536368656D6122207461726765744E616D6573706163653D22687474703A2F2F7777772E666C6F7761626C652E6F72672F70726F63657373646566223E0A20203C70726F636573732069643D2270726F636573735F396979333431706E22206E616D653D226E616D655F3034683839787A642220666C6F7761626C653A70726F6365737343617465676F72793D224C45415645223E0A202020203C73746172744576656E742069643D2273746172744E6F64653122206E616D653D22E5BC80E5A78B223E0A2020202020203C6F7574676F696E673E466C6F775F306F65653665743C2F6F7574676F696E673E0A202020203C2F73746172744576656E743E0A202020203C73657175656E6365466C6F772069643D22466C6F775F306F65653665742220736F757263655265663D2273746172744E6F64653122207461726765745265663D2241637469766974795F3133633736666A22202F3E0A202020203C757365725461736B2069643D2241637469766974795F3133633736666A22206E616D653D22E4B880E7BAA7E5AEA1E689B92220666C6F7761626C653A61737369676E65653D2231223E0A2020202020203C696E636F6D696E673E466C6F775F306F65653665743C2F696E636F6D696E673E0A2020202020203C6F7574676F696E673E466C6F775F316133367A68383C2F6F7574676F696E673E0A202020203C2F757365725461736B3E0A202020203C73657175656E6365466C6F772069643D22466C6F775F316133367A68382220736F757263655265663D2241637469766974795F3133633736666A22207461726765745265663D22476174657761795F316D746F33637622202F3E0A202020203C706172616C6C656C476174657761792069643D22476174657761795F316D746F336376223E0A2020202020203C696E636F6D696E673E466C6F775F316133367A68383C2F696E636F6D696E673E0A2020202020203C6F7574676F696E673E466C6F775F306A39733732383C2F6F7574676F696E673E0A2020202020203C6F7574676F696E673E466C6F775F316E316C71386E3C2F6F7574676F696E673E0A202020203C2F706172616C6C656C476174657761793E0A202020203C73657175656E6365466C6F772069643D22466C6F775F306A39733732382220736F757263655265663D22476174657761795F316D746F33637622207461726765745265663D2241637469766974795F3030743836313722202F3E0A202020203C73657175656E6365466C6F772069643D22466C6F775F316E316C71386E2220736F757263655265663D22476174657761795F316D746F33637622207461726765745265663D2241637469766974795F3173696A66706222202F3E0A202020203C6578636C7573697665476174657761792069643D22476174657761795F3172346E6B7764223E0A2020202020203C696E636F6D696E673E466C6F775F30366E676775643C2F696E636F6D696E673E0A2020202020203C6F7574676F696E673E466C6F775F307734717636743C2F6F7574676F696E673E0A2020202020203C6F7574676F696E673E466C6F775F3031786F396C6D3C2F6F7574676F696E673E0A202020203C2F6578636C7573697665476174657761793E0A202020203C73657175656E6365466C6F772069643D22466C6F775F30366E676775642220736F757263655265663D2241637469766974795F3030743836313722207461726765745265663D22476174657761795F3172346E6B776422202F3E0A202020203C6578636C7573697665476174657761792069643D22476174657761795F31396678746535223E0A2020202020203C696E636F6D696E673E466C6F775F306B64693663683C2F696E636F6D696E673E0A2020202020203C6F7574676F696E673E466C6F775F313066376936653C2F6F7574676F696E673E0A2020202020203C6F7574676F696E673E466C6F775F306C73387577333C2F6F7574676F696E673E0A202020203C2F6578636C7573697665476174657761793E0A202020203C73657175656E6365466C6F772069643D22466C6F775F306B64693663682220736F757263655265663D2241637469766974795F3173696A66706222207461726765745265663D22476174657761795F3139667874653522202F3E0A202020203C656E644576656E742069643D224576656E745F3132746761346C223E0A2020202020203C696E636F6D696E673E466C6F775F313066376936653C2F696E636F6D696E673E0A2020202020203C696E636F6D696E673E466C6F775F307734717636743C2F696E636F6D696E673E0A202020203C2F656E644576656E743E0A202020203C73657175656E6365466C6F772069643D22466C6F775F313066376936652220736F757263655265663D22476174657761795F3139667874653522207461726765745265663D224576656E745F3132746761346C223E0A2020202020203C636F6E646974696F6E45787072657373696F6E207873693A747970653D2274466F726D616C45787072657373696F6E223E247B6F7574636F6D653D3D2027415050524F5645277D3C2F636F6E646974696F6E45787072657373696F6E3E0A202020203C2F73657175656E6365466C6F773E0A202020203C73657175656E6365466C6F772069643D22466C6F775F307734717636742220736F757263655265663D22476174657761795F3172346E6B776422207461726765745265663D224576656E745F3132746761346C223E0A2020202020203C636F6E646974696F6E45787072657373696F6E207873693A747970653D2274466F726D616C45787072657373696F6E223E247B6F7574636F6D653D3D2027415050524F5645277D3C2F636F6E646974696F6E45787072657373696F6E3E0A202020203C2F73657175656E6365466C6F773E0A202020203C757365725461736B2069643D2241637469766974795F3030743836313722206E616D653D22E4BA8CE7BAA7E5AEA1E689B92DE4BC9AE7ADBE312220666C6F7761626C653A61737369676E65653D2231223E0A2020202020203C696E636F6D696E673E466C6F775F306A39733732383C2F696E636F6D696E673E0A2020202020203C6F7574676F696E673E466C6F775F30366E676775643C2F6F7574676F696E673E0A202020203C2F757365725461736B3E0A202020203C757365725461736B2069643D2241637469766974795F3173696A66706222206E616D653D22E4BA8CE7BAA7E5AEA1E689B92DE4BC9AE7ADBE322220666C6F7761626C653A61737369676E65653D2232223E0A2020202020203C696E636F6D696E673E466C6F775F316E316C71386E3C2F696E636F6D696E673E0A2020202020203C6F7574676F696E673E466C6F775F306B64693663683C2F6F7574676F696E673E0A202020203C2F757365725461736B3E0A202020203C73657175656E6365466C6F772069643D22466C6F775F3031786F396C6D2220736F757263655265663D22476174657761795F3172346E6B776422207461726765745265663D2241637469766974795F31636565636E70223E0A2020202020203C636F6E646974696F6E45787072657373696F6E207873693A747970653D2274466F726D616C45787072657373696F6E223E247B6F7574636F6D653D3D202752454A454354277D3C2F636F6E646974696F6E45787072657373696F6E3E0A202020203C2F73657175656E6365466C6F773E0A202020203C757365725461736B2069643D2241637469766974795F31636565636E70223E0A2020202020203C696E636F6D696E673E466C6F775F3031786F396C6D3C2F696E636F6D696E673E0A2020202020203C696E636F6D696E673E466C6F775F306C73387577333C2F696E636F6D696E673E0A202020203C2F757365725461736B3E0A202020203C73657175656E6365466C6F772069643D22466C6F775F306C73387577332220736F757263655265663D22476174657761795F3139667874653522207461726765745265663D2241637469766974795F31636565636E70223E0A2020202020203C636F6E646974696F6E45787072657373696F6E207873693A747970653D2274466F726D616C45787072657373696F6E223E247B6F7574636F6D653D3D202752454A454354277D3C2F636F6E646974696F6E45787072657373696F6E3E0A202020203C2F73657175656E6365466C6F773E0A20203C2F70726F636573733E0A20203C62706D6E64693A42504D4E4469616772616D2069643D2242504D4E4469616772616D5F666C6F77223E0A202020203C62706D6E64693A42504D4E506C616E652069643D2242504D4E506C616E655F666C6F77222062706D6E456C656D656E743D2270726F636573735F396979333431706E223E0A2020202020203C62706D6E64693A42504D4E456467652069643D22466C6F775F307734717636745F6469222062706D6E456C656D656E743D22466C6F775F30773471763674223E0A20202020202020203C64693A776179706F696E7420783D223733352220793D222D383022202F3E0A20202020202020203C64693A776179706F696E7420783D223832302220793D222D383022202F3E0A20202020202020203C64693A776179706F696E7420783D223832302220793D2232353022202F3E0A20202020202020203C64693A776179706F696E7420783D223836322220793D2232353022202F3E0A2020202020203C2F62706D6E64693A42504D4E456467653E0A2020202020203C62706D6E64693A42504D4E456467652069643D22466C6F775F313066376936655F6469222062706D6E456C656D656E743D22466C6F775F31306637693665223E0A20202020202020203C64693A776179706F696E7420783D223735352220793D2232353022202F3E0A20202020202020203C64693A776179706F696E7420783D223836322220793D2232353022202F3E0A2020202020203C2F62706D6E64693A42504D4E456467653E0A2020202020203C62706D6E64693A42504D4E456467652069643D22466C6F775F306B64693663685F6469222062706D6E456C656D656E743D22466C6F775F306B6469366368223E0A20202020202020203C64693A776179706F696E7420783D223632302220793D2232353022202F3E0A20202020202020203C64693A776179706F696E7420783D223730352220793D2232353022202F3E0A2020202020203C2F62706D6E64693A42504D4E456467653E0A2020202020203C62706D6E64693A42504D4E456467652069643D22466C6F775F30366E676775645F6469222062706D6E456C656D656E743D22466C6F775F30366E67677564223E0A20202020202020203C64693A776179706F696E7420783D223632302220793D22343022202F3E0A20202020202020203C64693A776179706F696E7420783D223731302220793D22343022202F3E0A20202020202020203C64693A776179706F696E7420783D223731302220793D222D353522202F3E0A2020202020203C2F62706D6E64693A42504D4E456467653E0A2020202020203C62706D6E64693A42504D4E456467652069643D22466C6F775F316E316C71386E5F6469222062706D6E456C656D656E743D22466C6F775F316E316C71386E223E0A20202020202020203C64693A776179706F696E7420783D223436302220793D2231363522202F3E0A20202020202020203C64693A776179706F696E7420783D223436302220793D2232353022202F3E0A20202020202020203C64693A776179706F696E7420783D223532302220793D2232353022202F3E0A2020202020203C2F62706D6E64693A42504D4E456467653E0A2020202020203C62706D6E64693A42504D4E456467652069643D22466C6F775F306A39733732385F6469222062706D6E456C656D656E743D22466C6F775F306A3973373238223E0A20202020202020203C64693A776179706F696E7420783D223436302220793D2231313522202F3E0A20202020202020203C64693A776179706F696E7420783D223436302220793D22343022202F3E0A20202020202020203C64693A776179706F696E7420783D223532302220793D22343022202F3E0A2020202020203C2F62706D6E64693A42504D4E456467653E0A2020202020203C62706D6E64693A42504D4E456467652069643D22466C6F775F316133367A68385F6469222062706D6E456C656D656E743D22466C6F775F316133367A6838223E0A20202020202020203C64693A776179706F696E7420783D223331302220793D2231343022202F3E0A20202020202020203C64693A776179706F696E7420783D223433352220793D2231343022202F3E0A2020202020203C2F62706D6E64693A42504D4E456467653E0A2020202020203C62706D6E64693A42504D4E456467652069643D22466C6F775F306F65653665745F6469222062706D6E456C656D656E743D22466C6F775F306F6565366574223E0A20202020202020203C64693A776179706F696E7420783D223134352220793D2232333022202F3E0A20202020202020203C64693A776179706F696E7420783D223236302220793D2232333022202F3E0A20202020202020203C64693A776179706F696E7420783D223236302220793D2231383022202F3E0A2020202020203C2F62706D6E64693A42504D4E456467653E0A2020202020203C62706D6E64693A42504D4E456467652069643D22466C6F775F3031786F396C6D5F6469222062706D6E456C656D656E743D22466C6F775F3031786F396C6D223E0A20202020202020203C64693A776179706F696E7420783D223731302220793D222D31303522202F3E0A20202020202020203C64693A776179706F696E7420783D223731302220793D222D31343022202F3E0A20202020202020203C64693A776179706F696E7420783D223433302220793D222D31343022202F3E0A2020202020203C2F62706D6E64693A42504D4E456467653E0A2020202020203C62706D6E64693A42504D4E456467652069643D22466C6F775F306C73387577335F6469222062706D6E456C656D656E743D22466C6F775F306C7338757733223E0A20202020202020203C64693A776179706F696E7420783D223733302220793D2232373522202F3E0A20202020202020203C64693A776179706F696E7420783D223733302220793D2235303022202F3E0A20202020202020203C64693A776179706F696E7420783D22313033302220793D2235303022202F3E0A20202020202020203C64693A776179706F696E7420783D22313033302220793D222D31373022202F3E0A20202020202020203C64693A776179706F696E7420783D223433302220793D222D31373022202F3E0A2020202020203C2F62706D6E64693A42504D4E456467653E0A2020202020203C62706D6E64693A42504D4E53686170652069643D2242504D4E53686170655F73746172744E6F646531222062706D6E456C656D656E743D2273746172744E6F646531222062696F633A7374726F6B653D22223E0A20202020202020203C6F6D6764633A426F756E647320783D223131352220793D22323135222077696474683D22333022206865696768743D22333022202F3E0A20202020202020203C62706D6E64693A42504D4E4C6162656C3E0A202020202020202020203C6F6D6764633A426F756E647320783D223131382220793D22323532222077696474683D22323222206865696768743D22313422202F3E0A20202020202020203C2F62706D6E64693A42504D4E4C6162656C3E0A2020202020203C2F62706D6E64693A42504D4E53686170653E0A2020202020203C62706D6E64693A42504D4E53686170652069643D2241637469766974795F306A6F6A31366B5F6469222062706D6E456C656D656E743D2241637469766974795F3133633736666A223E0A20202020202020203C6F6D6764633A426F756E647320783D223231302220793D22313030222077696474683D2231303022206865696768743D22383022202F3E0A2020202020203C2F62706D6E64693A42504D4E53686170653E0A2020202020203C62706D6E64693A42504D4E53686170652069643D22476174657761795F3133716F726C655F6469222062706D6E456C656D656E743D22476174657761795F316D746F336376223E0A20202020202020203C6F6D6764633A426F756E647320783D223433352220793D22313135222077696474683D22353022206865696768743D22353022202F3E0A2020202020203C2F62706D6E64693A42504D4E53686170653E0A2020202020203C62706D6E64693A42504D4E53686170652069643D22476174657761795F3172346E6B77645F6469222062706D6E456C656D656E743D22476174657761795F3172346E6B7764222069734D61726B657256697369626C653D2274727565223E0A20202020202020203C6F6D6764633A426F756E647320783D223638352220793D222D313035222077696474683D22353022206865696768743D22353022202F3E0A2020202020203C2F62706D6E64693A42504D4E53686170653E0A2020202020203C62706D6E64693A42504D4E53686170652069643D22476174657761795F313966787465355F6469222062706D6E456C656D656E743D22476174657761795F31396678746535222069734D61726B657256697369626C653D2274727565223E0A20202020202020203C6F6D6764633A426F756E647320783D223730352220793D22323235222077696474683D22353022206865696768743D22353022202F3E0A2020202020203C2F62706D6E64693A42504D4E53686170653E0A2020202020203C62706D6E64693A42504D4E53686170652069643D224576656E745F3132746761346C5F6469222062706D6E456C656D656E743D224576656E745F3132746761346C223E0A20202020202020203C6F6D6764633A426F756E647320783D223836322220793D22323332222077696474683D22333622206865696768743D22333622202F3E0A2020202020203C2F62706D6E64693A42504D4E53686170653E0A2020202020203C62706D6E64693A42504D4E53686170652069643D2241637469766974795F303762376932305F6469222062706D6E456C656D656E743D2241637469766974795F30307438363137223E0A20202020202020203C6F6D6764633A426F756E647320783D223532302220793D2230222077696474683D2231303022206865696768743D22383022202F3E0A2020202020203C2F62706D6E64693A42504D4E53686170653E0A2020202020203C62706D6E64693A42504D4E53686170652069643D2241637469766974795F317533666C66335F6469222062706D6E456C656D656E743D2241637469766974795F3173696A667062223E0A20202020202020203C6F6D6764633A426F756E647320783D223532302220793D22323130222077696474683D2231303022206865696768743D22383022202F3E0A2020202020203C2F62706D6E64693A42504D4E53686170653E0A2020202020203C62706D6E64693A42504D4E53686170652069643D2241637469766974795F31646E7171616E5F6469222062706D6E456C656D656E743D2241637469766974795F31636565636E70223E0A20202020202020203C6F6D6764633A426F756E647320783D223333302220793D222D313830222077696474683D2231303022206865696768743D22383022202F3E0A2020202020203C2F62706D6E64693A42504D4E53686170653E0A202020203C2F62706D6E64693A42504D4E506C616E653E0A20203C2F62706D6E64693A42504D4E4469616772616D3E0A3C2F646566696E6974696F6E733E0A, 0);
INSERT INTO `act_ge_bytearray` VALUES ('898e3546-3c04-11f1-82d8-52284ac9a333', 1, 'process_5.process_9iy341pn.png', '8960bca4-3c04-11f1-82d8-52284ac9a333', 0x89504E470D0A1A0A0000000D4948445200000410000002B208060000006C612D2F0000427C49444154785EECDD0FB8A5575D2FF6405BCC635BABADF68F96F63E57FBD4B6F60FA26D6DED93781F2D2A95F4DE3233672612261020287FD21AF429C23518FB07EBED6DC51B9B7BB5540A9A4A1B252910D8CC649C4B323104114814880C09F9731C49482094992124BB6BCD9C2D27EBEC7DCEDEEF7AFFACB5DFCFE7797ECFC9D9FBDD7BBF39EF5EBF77ADEFBCE7EC0B2E006057D3E9F439274F9EFCFD13274E7CEDC89123D3C964A27AAEF0737FFAF8F1E30F1F3D7AF492F4F800000040114E9E3CF9EEB0789D9E3A756A7AFAF4E9E9D9B36755CF157FEEF1E77FECD8B12F4D269317A6C7080000000617AF3C888BD77451ABFAAFCDCDCD472693C99DE93102000080C1C55F5B70E54119158FC3643239931E23000000185CFC1DFC7421AB86AB783CD26304000000835B3640F8CAE39BD3931F79FBF49E0FFDF2B98AFF1D6F4BB753792540000000A048CB04084F3CF6D0F4EE0FBC79FAF1F7BEE119156F8BF7A5DBABE62540000000A048CB04080FDC73D38EF060560FDE73F38EED55F3122000000050A46502843FBFF5AD3B828359C5FBD2ED55F3122000000050A4650284BB27D7EC080E6615EF4BB757CD4B800000D0BA67A53700D08000A1AC1220000063F6CA57BEF29F3A74E8D0B76D6C6C3CF7C08103FF56A81FDCBF7FFF8F1C3C78F0A7421D0CB7BF22D47F1DEA4DA1FEC750BF11EAFF08DBFDDFA16E09FFFDE1507F1AEA2F42FD65A8AF848AF32B210240AE650284F8A90B697030AB785FBABD6A5E020400A0163FF5533FF5CD2F79C94BFEC5B0E0FF9B616DFFEF8585FA7F1216F1FF79A8BF13EAB270DBCF84FAF970FB2F87FA9F43FDC350EF0AF59E504742FD71B8FF9EF0F5FE508F863A1BEA6BA1BE18EAF3A1FE2CD49DA16E0D7573D8F6F7C2F3FEA3507F3F7C7F6DA85F08F5B3E1F69786FAAFC27EBC60FFFEFDFF69B8FFDF0FF5DDE1B67F29ECDF3FBD713E400020D73201C2BDB7FDC68EE06056F1BE747BD5BC04080040DB2EBEF8E27F72DFBE7DFF5CA8EF0AF56F8685F6F3C3E2FAA2B0B07E61A803A15E1E16DCAF0FF58BE1F6FF217CFFB6506F0FF5EE50EF0F753CD49F84FA4CA887C3365F0E5FBF1EEAFF0B752AD467437D3CD46DA13E10EAFF09F58E50D7856D7F353CEFDF0DF5DF84EF5F19EA50A81785DBFF56D88FFF30ECCFBF1DEA5F0BF5CF877A4EBAEF6DD8102000B4639900E1D1873E31BDFB83BFB4233C88B7C5FBD2ED55F3122000C0B81D3E7CF8C2B0B8FEF6B0E8FD1B61D1FD7DA1FEE3FDFBF7FF68B8EDBF0CF5D3E1F62B435D1DEA9A70DFAF85FADFC2EDEF0CDFFF61A80F85BA23D4DDA13E17EA0BA14E6F9C5FEC3F1EEAC1B0EDA7C2D7BB421D0BF5FF86BA21D46F85DBFF9750BF12EABF0DF5DAF0BC9787DA17EA27C2FDFF59A8E78505FFBFF1D33FFDD3FFCA8B5EF4A27FF69A6BAE7976BAEFA5DA102000B463990021D6E7EE7AC78E0021DE966EA7F24A80000075880BE84B2FBDF45BC2E2F43BE3C23A2EB0E3423B2EB8B716DE97C785785C9087DBFFBB50FF6BA8DF0EF57F85FBDE1B6EFFA3F0DF1F0DF5E9500F85FAD2C6F9857E5CF0C7857F0C003E19EA44D876121EF307E1BFFFCF50BF19EA7F0AF54BE1F69F0BF5AA182CC48021060D317088C143B8FF6F84DBBE3D0612E9BE8FCD860001A01D4B050867CE4CEFBDFD37770408F1B678DF8EED55E312200040FB7EE2277EE29B2EBBECB27F212CF4FFF5B0A8FE77C282F23F0A5FFF56F8FAA28DF397D4BF325E621FEAEF86DB7F357C7FDDC6F94BF06F0CF5C150B787FB3E11BE9E0CF557A1BE1AEAEB07CF5FCAFFF0C6F94BFBE325FEF152FFF785DB7F3FD4FF1E1EF3EBE1FBFF3ED41B43BD2ED4CBC2EDFBC37EFC64F87A51FC5582F82B055BBF5A107FC5E09F48F79D7C1B02048076EC15203CF1D843D3CFDCF6B61DE1C1ACE27D719BF471AA5909100018B9678545F43F13EA5F0EF53D6181FD1F8485F60F87FAF1B0087C71F8FAD2F0F56737CEFFF1BC6BC302FDEF87FA47E1F6DF0BDFDFBC71FE8FED7D24D49F877A20DCF758F8FAE4C6F93FCE17FF48DFFD07CFFFD1BE3FDE38FF47FCE21FF38B7FD4EFFA70FBDF0BF596F09837847A75B8ED25A1FE76B8EDC742FDD0A5975EFAEFC63F1618FF6860FCE381E98E53AE0D0102403B16060867CE4C37EF3D3AFDE42D6FDC111AA415B789DBBA1A21BF040800D4A2A38FDB7B2AD413A136B76E8FF77F386E1F1F171FBFF53CF1F9DE145EE6AA505784FB3642FD17E1B68B43FD40B8ED7BC382FF5F3D7CF8F0B7C6FD4CF79D71D9102000B4635E80B0D755078BCAD508F9254000A00BB57CDC5ED8D567A5FB0EB936040800ED9817202C73D5C1A28A8F4D9F4F2D5F020480711BFBC7ED411736040800ED981720A4A1C0AA953E9F5ABE040800F5F0717B50870D0102403BE605086AB8122000B4CFC7EDC1B86D081000DA214028AB0408C0D8F9B83DA06D1B020480760810CA2A010250111FB7075461438000D00E014259254000BAE0E3F68031DB102000B4438050560910001FB707D0AE0D0102403B040865950001EAE1E3F600EAB0214000688700A1AC122040377CDC1EC0786D081000DA214028AB04088C9D8FDB03A06D1B020480760810CA2A010235F1717B00D460438000D00E0142592540A0233E6E0F80D1DA102000B4438050560910F0717B00D0AE0D0102403B040865D532014238093E2FBD8D61F8B83D0028DF860001A01D0284B26AB70061E3FCBF00C73F1077577A1FBBF3717B00305E1B020480760810CAAA79014238E93D776B31FA743C018685E7A7D26DD6898FDB0300DAB4214000688700A1ACDA1E20C445EAC6F9CBD4E35FA69F6EAB33DB8FE1507CDC1E0050830D0102403B040865553C1EF123E736CEFFA1BCF807F0B607077F5DE971DC8B8FDB0300C66AA3C1DC098039040865553C1E07CFFF51BD1DA141523E6E0F0060091B020480760810CAAA783CB616FC6960F08C0A0BFC5FDBF0717B00007B122000B4448050566D0508F12A821DA1C1F63A78F0E0B7A7C71200809D0408002D112094555B0182524A7552E93900600CF43F80960810CAAAD9A7306C9CFF55845BD3C9FFACE2A70CA4C712603726D0C058E97F002D11209455DB3FC631DA2548F8CEEDDB01ECC5041A182BFD0FA0250284B22A0D1066D22021BD1F602F7A073056FA1F404B040865D5A20061661624A4B703ECC5041A182BFD0FA0250284B26AAF0001A029136860ACF43F80960810CA2A0102D015136860ACF43F80960810CA2A0102D015136860ACF43F80960810CA2A0102D015136860ACF43F80960810CA2A0102D015136860ACF43F80960810CA2A0102D015136860ACF43F80960810CA2A0102D015136860ACF43F80960810CA2A0102D015136860ACF43F80960810CA2A0102D015136860ACF43F80960810CA2A0102D015136860ACF43F80960810CA2A0102D015136860ACF43F80960810CA2A0102D015136860ACF43F80960810CA2A0102D015136860ACF43F80960810CA2A0102D015136860ACF43F80960810CA2A0102D015136860ACF43F80960810CA2A0102D015136860ACF43F80960810CA2A0102D015136860ACF43F80960810CA2A0102D015136860ACF43F80960810CA2A0102D015136860ACF43F80960810CA2A0102D015136860ACF43F80960810CA2A0102D015136860ACF43F80960810CA2A0102D015136860ACF43F80960810CA2A0102D015136860ACF43F80960810CA2A0102D015136860ACF43F80960810CA2A0102D015136860ACF43F80960810CA2A0102D015136860ACF43F80960810CA2A0102D015136860ACF43F80960810CA2A0102D015136860ACF43F80960810CA2A0102D015136860ACF43F80960810CA2A0102D015136860ACF43F80960810CA2A0102D0918BB626D017A57700AC3B0102404B040865950001E8400C0D4E85BA7AEBAB100118150102404B8E1C39F2F4E9D3A7772C6455FF158EC3C393C9E44C7A8C0032CCC2835968907E0FB0F60408002D397EFCF8C3A74E9DDAB19855FDD7FDF7DF7FC36432B9333D46000D2D0A0B16DD0EB0960408002D397AF4E825C78E1DFBD2E6E6E623AE4418A6C2CF7DF3BEFBEEFBDDC964F2F9502F4C8F1140037B85047BDD0FB0360408002D8A8BD6F82FDFA1CEC6DFC157BD57FCB9C79FBFF00068C3B2E1C0B2DB01544D800000003BAD1A0AACBA3D407504080000F04C4DC380A68F03A88200010000BE213704C87D3C40B104080000705E5B8BFFB69E07A02802040000687FD1DFF6F3010C4E800000C0D875B5D8EFEA7901062140000060CCBA5EE477FDFC00BD112000003056DB17F7CF0AF5D2ADAF39E63D8F1001580B02040000C6280D0F7E3B549C18C7AF4D4384DD9E478800544F800000C0D8A48BF978C5409C14CF2A5DFC2F637B7830ABCB9EB1C5CED705A88A000100803199B7889FB7F85F254498F7F8DFDABA3D35EFF501AA20400000602C765BBCCF0B01960911E63D6E517830B3DB7E00144B800000C0182CB3689F1706EC1622CCDB7EAFF0606699FD01288A0001008075B7CA627D5E28302F4498B7DDB2E1C1CC2AFB05303801020000EBACC9227D5E38B03D449877FFAAE1C14C93FD031884000100807595B3389F1712C4EF9F3DE7F6A6E1C14CCE7E02F446800000C03A6A63513E2F44F874F27D6E7830D3C6FE02744A800000C0BA6973313E2F44683B3C986973BF015A27400000609D74B1088FBFB6905E7910BF8FB7B7AD8BFD0768850001008075F1CD179C5F7C5F9DDE9161B72B10E67D3A431BAE8E9374D57EA53F686035C6110000EBA4CD7FC19F171EA45722B41D22B4B9FF6C63E103F98C230000D64D1B8BF079E141FC9B07F33E85A1AD10A18DFD66010B1FC8671C0100B08E7216E38BC283594830EFFEDC1021677F5982850FE4338E000058574D16E5F3C281799FB6306FBBA6214293FD6445163E90CF380200609DADB2389F170ACC0B0F66E66DBF6A88B0CAFE91C1C207F219470000ACBB6516E9F3C280DDC28399798F5B36445866BF6889850FE4338E00001883DD16EBF3428065C28399798FDF2B44D86D7FE880850FE4338E0000188B458BF6975ED03C3C989917225CF68C2DBE61D17ED0210B1FC8671C01003026F316EFDB17FF4DC28399659E67DEEBD3030B1FC8671C01003036F316F171B11FAF1898B7E85FC56ECF33EF75E989850FE4338E000018A3BE17F37DBF1E090B1FC8671C010030567D2DEAFB7A1D7661E103F98C230000C6ACEBC57DD7CFCF922C7C209F710400C0D875B5C8EFEA7969C0C207F219470000D0FE62BFEDE72393850FE4338E0000E0BCB616FD6D3D0F2DB2F0817CC61100007C43EEE23FF7F174C4C207F219470000F04C4D4380A68FA307163E90CF380200809D560D0356DD9E9E59F8403EE3080000E65B361458763B0664E103F98C230000586CAF7060AFFB2984850FE4338E000060778B428245B753200B1FC8671C0100C0DED2B020FD9EC259F8403EE308000096330B0DAEDEFA2A3CA888850FE4338E00006049CF7FFEF35FBF3581161E54C6C207F219470000B0A43079BED504BA4E8E1BE4338E0000600961E27C719C3C6FD5C5E9FD94CDC207F219470000B084D9D5075B756B7A3F65B3F0817CC6110000EC21B9FAC0550815B2F0817CC6110000EC21B9FAC0550815B2F0817CC6110000EC62C1D507AE42A88C850FE4338E00006017F14A8339C181AB102A63E103F98C23000058205E6130273448EBE2F47194C7C207F219470000B040BCC2604E609096AB102A60E103F98C230000588109749D1C37C8671C0100C00A4CA0EBE4B8413EE30800005660025D27C70DF219470000B00213E83A396E90CF38020080159840D7C971837CC6110000ACC004BA4E8E1BE4338E0000600526D07572DC209F710400002B3081AE93E306F98C230000588109749D1C37C8671C0100C00A4CA0EBE4B8413EE30800005660025D27C70DF219470000B00213E83A396E90CF38020080159840D7C971837CC6110000ACC004BA4E8E1BE4338E0000600526D07572DC209F710400002B3081AE93E306F98C230000588109749D1C37C8671C0100C00A4CA0EBE4B8413EE30800005660025D27C70DF219470000B00213E83A396E90CF38020080159840D7C971837CC6110000ACC004BA4E8E1BE4338E0000600526D07572DC209F710400002B3081AE93E306F98C230000588109749D1C37C8671C0100C00A4CA0EBE4B8413EE30800005660025D27C70DF219470000B00213E83A396E90CF38020080159840D7C971837CC6110000ACC004BA4E8E1BE4338E0000600526D07572DC209F710400002B3081AE93E306F98C230000588109749D1C37C8671C0100C00A4CA0EBE4B8413EE30800005660025D27C70DF219470000B00213E83A396E90CF38020080159840D7C971837CC6110000ACC004BA4E8E1BE4338E0000600526D07572DC209F710400002B3081AE93E306F98C230000588109749D1C37C8671C0100C00A4CA0EBE4B8413EE30800005660025D27C70DF219470000B00213E83A396E90CF38020080159840D7C971837CC61100D0D8743A7DCEC993277FFFC489135F3B72E4C8743299A89E2BFCDC9F3E7EFCF8C3478F1EBD243D3E74C304BA4E8E1BE4338E0080C64E9E3CF9EEB0789D9E3A756A7AFAF4E9E9D9B36755CF157FEEF1E77FECD8B12F4D269317A6C788F69940D7C971837CC61100D058BCF2202E5ED345ADEABF3637371F994C2677A6C788F69940D7C971837CC61100D058FCB505571E9451F1384C269333E931A27D26D07572DC209F71040034167F073F5DC8AAE12A1E8FF418D13E13E83A396E90CF3802001A5B3640F8CAE39BD3931F79FBF49E0FFDF2B98AFF1D6F4BB753792540E88709749D1C37C8671C01008D2D13203CF1D843D3BB3FF0E6E9C7DFFB866754BC2DDE976EAF9A9700A11F26D07572DC209F71040034B64C80F0C03D37ED080F66F5E03D37EFD85E352F01423F4CA0EBE4B8413EE30800686C9900E1CF6F7DEB8EE06056F1BE747BD5BC0408FD3081AE93E306F98C2300A0B1650284BB27D7EC080E6615EF4BB757CD4B80D00F13E83A396E90CF3802001A1320945502847E9840D7C971837CC61100D0D8320142FCD48534389855BC2FDD5E352F01423F4CA0EBE4B8413EE30800686C9900E1DEDB7E63477030AB785FBABD6A5E02847E9840D7C971837CC61100D0D83201C2A30F7D627AF7077F694778106F8BF7A5DBABE62540E88709749D1C37C8671C01008D2D1320C4FADC5DEFD81120C4DBD2ED545E0910FA61025D27C70DF219470040634B050867CE4CEFBDFD37770408F1B678DF8EED55E31220F4C304BA4E8E1BE4338E0080C6F60A109E78ECA1E9676E7BDB8EF06056F1BEB84DFA38D5AC0408FD3081AE93E306F98C2300A0B18501C29933D3CD7B8F4E3F79CB1B77840669C56DE2B6AE46C82F01423F4CA0EBE4B8413EE30800686C5E80B0D755078BCAD508F92540E88709749D1C37C8671C01008DCD0B1096B9EA6051C5C7A6CFA7962F01423F4CA0EBE4B8413EE30800686C5E80908602AB56FA7C6AF91220F4C304BA4E8E1BE4338E0080C6E605086AB81220F4C304BA4E8E1BE4338E0080C60408659500A11F26D07572DC209F71040034264028AB0408FD3081AE93E306F98C2300A0310142592540E88709749D1C37C8671C01008D0910CA2A01423F4CA0EBE4B8413EE30800684C8050560910FA61025D27C70DF219470040630284B24A80D00F13E83A396E90CF3802001A1320945502847E9840D7C971837CC61100D09800A1AC1220F4C304BA4E8E1BE4338E0080C60408659500A11F26D07572DC209F71040034264028AB0408FD3081AE93E306F98C2300A0310142592540E88709749D1C37C8671C01008D0910CA2A01423F4CA0EBE4B8413EE30800684C8050560910FA61025D27C70DF2194700C00E6182706BA88BD3DB530284B24A80D00F13E83A396E90CF38020076881384ADDA35481020945502847E9840D7C971837CC61100B0C3B60061D720418050560910FA61025D27C70DF2194700C00E730284B9418200A1AC1220F4C304BA4E8E1BE4338E00801DE60407699D0B120408659500A11F26D07572DC209F7104002D9AB3D05EEB12209455E9F151DD553AF6299FE306F98C230068D1BA9C58D3C5D2B6BA75C3AF30145BAE4080C5D6A53FC3908C230068D1BA9C58F70A0E66BA0E10C24BCCADBEEE4F2BDD2EDD3EBD3DBDFF2B5FF9CAF4A28B2EDAF535724A80008BAD4B7F8621194700D0A27539B1EE151CCCF41120EC765BD7F7A735EFBE659FEFC48913D31FFEE11F3EF7FDBCEDDA2801022CB62EFD1986641C01408BD6E5C4BA577030234058FEF9E2D71FFCC11F3CF775DE766D940001165B97FE0C43328E00A045633BB10A10967FBE4B2EB964BAB9B979EEFB79DBB5510204586C6CFD19BA601C01408BC676621520ACFE7CF1FBF4B6B64A80008B8DAD3F43178C230068D1D84EACEB1C20C4AFB34AEF9BB77DFADF8B6E4B9FB3CD1220C06263EBCFD005E308005A34B613EB3A0708F36ADE7DAB3E5FFC3EBDADAD1220C06263EBCFD005E308005A34B6136B1F01C2BCEAEBFEB4D2EDD2EDD3DBD3FBB76F933E771B254080C5C6D69FA10BC61100B4686C27D6AE0304B55A091060B1B1F567E8827104002D1ADB8955805056091060B1B1F567E8827104002D1ADB8955805056091060B1B1F567E8827104002D1ADB8955805056091060B1B1F567E8827104002D1ADB8955805056091060B1B1F567E8827104002D1ADB8955805056091060B1B1F567E8827104002D1ADB8955805056091060B1B1F567E8827104002D1ADB8955805056091060B1B1F567E8827104002D1ADB8955805056091060B1B1F567E8827104002D1ADB8955805056091060B1B1F567E8827104002D1ADB8955805056091060B1B1F567E8827104002D1ADB8955805056091060B1B1F567E8827104002D1ADB8955805056091060B1B1F567E8827104002D1ADB8955805056091060B1B1F567E8827104002D1ADB8955805056091060B1B1F567E8827104002D1ADB8955805056091060B1B1F567E8827104002D1ADB8955805056091060B1B1F567E8827104002D1ADB8955805056091060B1B1F567E8827104002D1ADB8955805056091060B1B1F567E8827104002D1ADB8955805056091060B1B1F567E8827104002D1ADB8955805056091060B1B1F567E8827104002D1ADB8955805056091060B1B1F567E8827104002D1ADB8955805056091060B1B1F567E8827104002D1ADB8955805056091060B1B1F567E8827104002D1ADB8955805056091060B1B1F567E8827104002D1ADB8955805056091060B1B1F567E8827104002D1ADB8955805056091060B1B1F567E8827104002D1ADB89F5C891234F9F3E7D7AC74256F55FE1383C3C994CCEA4C708386F6CFD19BA601C01408BC676623D7EFCF8C3A74E9DDAB19855FDD7FDF7DF7FC36432B9333D46C07963EBCFD005E308005A34B613EBD1A3472F3976ECD8973637371F7125C230157EEE9BF7DD77DFEF4E2693CF877A617A8C80F3C6D69FA10BC61100B4688C27D6B8688DFFF21DEA6CFC1D7CD57BC59F7BFCF90B0F601763ECCFD036E308005AE4C40A5026FD19F2194700D02227568032E9CF90CF3802801639B10294497F867CC61100B4C88915A04CFA33E4338E00A0454EAC0065D29F219F7104002D7262052893FE0CF98C23006891132B4099F467C8671C01408B9C5801CAA43F433EE308005AE4C40A5026FD19F2194700D02227568032E9CF90CF3802801639B10294497F867CC61100B4C88915A04CFA33E4338E00A0454EAC0065D29F219F7104002D7262052893FE0CF98C23006891132B4099F467C8671C01408B9C5801CAA43F433EE308005AE4C40A5026FD19F2194700D02227568032E9CF90CF3802801639B10294497F867CC611F4683A9D3EE7E4C993BF7FE2C489AF1D3972643A994C54CF157EEE4F1F3F7EFCE1A3478F5E921E1F6883132B4099F467C8671C418F4E9E3CF9EEB0789D9E3A756A7AFAF4E9E9D9B36755CF157FEEF1E77FECD8B12F4D269317A6C7087239B10294497F867CC611F4285E791017AFE9A256F55F9B9B9B8F4C26933BD36304B99C5801CAA43F433EE3087A147F6DC1950765543C0E93C9E44C7A8C2097132B4099F467C8671C418FE2EFE0A70B59355CC5E3911E23C8E5C40A5026FD19F21947D0A3650384AF3CBE393DF991B74FEFF9D02F9FABF8DFF1B6743B95570204BAE0C40A5026FD19F21947D0A3650284271E7B687AF707DE3CFDF87BDFF08C8AB7C5FBD2ED55F31220D00527568032E9CF90CF38821E2D13203C70CF4D3BC283593D78CFCD3BB657CD4B8040179C5801CAA43F433EE3087AB44C80F0E7B7BE75477030AB785FBABD6A5E0204BAE0C40A5026FD19F21947D0A3650284BB27D7EC080E6615EF4BB757CD4B8040179C5801CAA43F433EE3087A244028AB040874C18915A04CFA33E4338EA047CB0408F15317D2E06056F1BE747BD5BC040874C18915A04CFA33E4338EA047CB0408F7DEF61B3B828359C5FBD2ED55F31220D00527568032E9CF90CF38821E2D13203CFAD027A6777FF097768407F1B6785FBABD6A5E0204BAE0C40A5026FD19F21947D0A3650284589FBBEB1D3B0284785BBA9DCA2B01025D7062052893FE0CF98C23E8D15201C29933D37B6FFFCD1D0142BC2DDEB7637BD5B8040874E0A2AD13EB45E91D000CCBC207F21947D0A3BD0284271E7B68FA99DBDEB6233C9855BC2F6E933E4E352B01022D8BA1C1A950576F7D15220014C4C207F21947D0A38501C29933D3CD7B8F4E3F79CB1B77840669C56DE2B6AE46C82F01022D9A8507B3D020FD1E808159F8403EE3087A342F40D8EBAA8345E56A84FC1220D0924561C1A2DB011880850FE4338EA047F3028465AE3A5854F1B1E9F3A9E54B80400BF60A09F6BA1F809E58F8403EE3087A342F40484381552B7D3EB57C0910C8B46C38B0EC760074C8C207F21947D0A37901821AAE04086458351458757B005A66E103F98C23E89100A1AC1220D050D330A0E9E3006881850FE4338EA0470284B24A804003B92140EEE30168C8C207F21947D02301425925406045CB2CFEE37B6A568B2CF33C00B4CCC207F21947D02301425925406005CB2EFA970910A2659F0F809658F8403EE3087A244028AB04082C6995C5FEB20142B4CAF30290C9C207F21947D02301425925406009AB2EF2570910A2559F1F80862C7C209F71043D122094550204F6D06471BF6A801035791D005664E103F98C23E89100A1AC1220B08BA68BFA260142D4F4F5005892850FE4338EA0470284B24A80C002398BF9A6014294F3BA00ECC1C207F21947D0230142592540608EDC457C4E8010E5BE3E000B58F8403EE3087A244028AB040824DA58BCE70608511BFB0140C2C207F21947D0230142592540609BB616ED6D0408515BFB03C0160B1FC8671C418F0408659500812D6D2ED6DB0A10A236F70B60F42C7C209F71043D122094550284F5114E66B786BA38BD7D096D2FD2DB0C10A2B6F70F60B42C7C209F71043D122094550284F5114F665BB54A90D0C5E2BCED0021EA623F0146C7C207F21947D0230142592540581FDB0284658384AE16E55D04085157FB0B301A163E90CF38821E0910CA2A01C2FA981320EC162474B918EF2A4088BADC6F80B567E103F98C23E89100A1AC1220AC8F39C1415AB320619945F8F61060A85AE4A20BF6DE7F00E6B0F0817CC611F448805056CD5964AA35AE7DFBF64D2FBCF0C278D2BB3A1D9B8974313F44ED26EE7F0C11BE39BD0380C5E2B920BD0D588D71043D12209455AE40581F6958B0AD6EDD78E6AF305C74C1DEFF829F2EE687A8452EBA60EFFD07600E0B1FC8671C418F4A0B102ED8B96839577DDD3F740910D6C712C1C176175DD0DD227CFB7BBD6D5DEE37C0DAB3F0817CC611F4A8C40061B7DBBABE7FE81220AC8F258383EDBA5A8C9F7B8F6F559BBADA5F80D1B0F0817CC611F4488030FFB6A14A80B03E56080EB6EB62517EEE3DBE556DE9623F0146C7C207F21947D02301C2FCDB862A010217B4BF383FF71EDFAA36B4BD7F00A365E103F98C23E8910061FE6D439500812D6D2ED2CFBDC7B72A579BFB05307A163E90CF38821E0910E6DF36540910D8A6ADC5FAB9F7F856E5686B7F00D862E103F98C23E8910061FE6D43950081441B8BF673EFF1AD6AAA8DFD002061E103F98C23E8518901C2BCEAEBFEA14B80C01C175D90B778DFFE5E6F22F7F50158C0C207F21947D0A3D20284B1970081057216F1390142CEEB02B0070B1FC8671C418F0408659500815D345DCC370D109ABE1E004BB2F0817CC611F4488050560910D84393457D9300A1C9EB00B0220B1FC8671C418F04086595008125ACBAB85F354058F5F90168C8C207F21947D02301425925406049AB2CF257091056795E003259F8403EE3087A244028AB0408AC60D9C5FEB201C2B2CF07404B2C7C209F71043D12209455020456B4CCA27F99006199E701A065163E90CF38821E0910CA2A01020DE42EFE731F0F4043163E90CF38821E0910CA2A01020D350D019A3E0E801658F8403EE3087A244028AB04086458350C58757B005A66E103F98C23E89100A1AC12209069D95060D9ED00E890850FE4338EA0470284B24A80400BF60A07F6BA1F809E58F8403EE3087A244028AB0408B4645148B0E876000660E103F98C23E89100A1AC1220D0A2342C48BF076060163E90CF38821E0910CA2A01022D9B8506576F7D151E0014C4C207F21947D0230142592540A003176D9D5885070085B1F0817CC611F4488050560910E882132B4099F467C8671C418F0408659500812E38B10294497F867CC611F4488050560910E882132B4099F467C8671C418F0408659500812E38B10294497F867CC611F4488050560910E882132B4099F467C8671C418F0408659500812E38B10294497F867CC611F4488050560910E882132B4099F467C8671C418F0408659500812E38B10294497F867CC611F4488050560910E882132B4099F467C8671C418F0408659500812E38B10294497F867CC611F4488050560910E882132B4099F467C8671C418F8E1C39F2F4E9D3A7772C6455FF158EC3C393C9E44C7A8C2097132B4099F467C8671C418F8E1F3FFEF0A953A7762C6655FF75FFFDF7DF30994CEE4C8F11E47262052893FE0CF98C23E8D1D1A3472F3976ECD8973637371F7125C230157EEE9BF7DD77DFEF4E2693CF877A617A8C2097132B4099F467C8671C41CFE2A235FECB77A8B3F177F055EF157FEEF1E72F3CA0134EAC0065D29F219F7104AC24348D5B350E58CCF8002893FE0CF98C236069A1615C1C9BC6565D9CDE0F38B102944A7F867CC611B0B4D9D5075B756B7A3FE0C40A502AFD19F21947C05292AB0F5C85000B38B10294497F867CC611B094E4EA035721C0024EAC0065D29F219F7104EC295E6930273C701502CCE1C40A5026FD19F21947C09EE295067382035721C01C4EAC0065D29F219F7104EC2A5E6130273448EBE2F47130564EAC0065D29F219F7104EC6A63F7AB0F66E52A04D8E2C40A5026FD19F21947C0CA340E58CCF8002893FE0CF98C2360651A072C667C0094497F867CC611B0328D0316333E00CAA43F433EE3085899C6018B191F0065D29F219F7104AC4CE380C58C0F8032E9CF90CF380256A671C062C6074099F467C8671C012BD3386031E303A04CFA33E4338E8095691CB098F1015026FD19F21947C0CA340E58CCF8002893FE0CF98C2360651A072C667C0094497F867CC611B0328D0316333E00CAA43F433EE3085899C6018B191F0065D29F219F7104AC4CE380C58C0F8032E9CF90CF380256A671C062C6074099F467C8671C012BD3386031E303A04CFA33E4338E8095691CB098F1015026FD19F21947C0CA340E58CCF8002893FE0CF98C2360651A072C667C0094497F867CC611B0328D0316333E00CAA43F433EE3085899C6018B191F0065D29F219F7104AC4CE380C5C6363EA6D3E9734E9E3CF9FB274E9CF8DA912347A693C944F55CE1E7FEF4F1E3C71F3E7AF4E825E9F101BE616CFD19BA601C012BD33860B1B18D8F93274FBE3B2C5EA7A74E9D9A9E3E7D7A7AF6EC59D573C59F7BFCF91F3B76EC4B93C9E485E93102CE1B5B7F862E1847C0CA340E586C6CE3235E791017AFE9A256F55F9B9B9B8F4C26933BD363049C37B6FE0C5D308E8095691CB0D8D8C647FCB505571E9451F1384C269333E93102CE1B5B7F862E1847C0CA340E586C6CE323FE0E7EBA9055C3553C1EE93102CE1B5B7F862E1847CC359D4E9F7DE2C489BFF38E77BCE3836F79CB5B1EF9855FF885D3AF7EF5AB9F8E6F982BAFBCF2C9ABAFBEFACBE1B6BFB8F6DA6B7FEDF2CB2F7F6EFA78D69BC6018B8D6D7C2C1B207CE5F1CDE9C98FBC7D7ACF877EF95CC5FF8EB7A5DBA9BC1220C06263EBCFD005E38867984EA717DE72CB2DFFF0CD6F7EF3D7AEB8E28AE975D75D37BDE38E3BA69FFDEC67A78F3EFAE8348A5FE3F7F1F678FFCB5FFEF2A75EFBDAD79E7CC52B5EF182F4F9584F1A072C36B6F1B14C80F0C4630F4DEFFEC09BA71F7FEF1B9E51F1B6785FBABD6A5E0204586C6CFD19BA601CF1D7EEB8E38E9FBDF6DA6B4F5F75D555D313274E4C9F7AEAA97381C15EE27671FBD7BDEE754FFECCCFFCCC9F1C3870E0BBD3E766BD681CB0D8D8C6C73201C203F7DCB4233C98D583F7DCBC637BD5BC0408B0D8D8FA3374C138225E75F0AC0F7CE003EF7AD5AB5E357DDFFBDE37FDFAD7BF9E66044B898F8B8F3F7CF8F0570E1E3CF863E9EBB03E340E586C6CE3639900E1CF6F7DEB8EE06056F1BE747BD5BC0408B0D8D8FA3374C1381AB9B0EE7FD68D37DEF8C7AF7EF5ABA79FFAD4A7D24CA091F83C575C71C5570F1D3AF4F2F4F5580F1A072C36B6F1B14C8070F7E49A1DC1C1ACE27DE9F6AA79091060B1B1F567E882713472F1CA832BAFBC721A3FC3BB4DF1F92EBFFCF227F6EFDFFFA3E96B523F8D03161BDBF8102094550204586C6CFD19BA601C8DD8EDB7DFFEB3313C68EBCA835478DEA72FBBECB2C7F6EDDBF73DE96B53378D03161BDBF8582640889FBA900607B38AF7A5DBABE6254080C5C6D69FA10BC6D14885F5FD85BFF22BBF723AFECD822EBDE73DEF79ECD0A143B7A4AF4FDD340E586C6CE3639900E1DEDB7E63477030AB785FBABD6A5E0204586C6CFD19BA601C8DD4FBDFFFFEEBE3A72D34FD8389CB8ACF7FC515577C61FFFEFD3F92EE03F5D23860B1B18D8F650284471FFAC4F4EE0FFED28EF020DE16EF4BB757CD4B80008B8DAD3F43178CA3110AEBFA67BFE94D6FFA5AFCE8C53E7CF8C31F7E3CBCD1FE71BA1FD44BE380C5C6363E960910627DEEAE77EC0810E26DE9762AAF0408D5FAE6F406DA37B6FE0C5D308E46E8F6DB6FFFDBAF78C52BA64F3DF554BAD6EF447C9D4B2FBDF4F17DFBF67D57BA2FD449E380C5C6363E960A10CE9C99DE7BFB6FEE0810E26DF1BE1DDBABC62540A8D245A14E6D7DA54363EBCFD005E368847EE7777E6772DD75D7A5EBFC4EBDE52D6FB9FBC08103AF4EF7853A691CB0D8D8C6C75E01C2138F3D34FDCC6D6FDB111ECC2ADE17B7491FA79A9500A13AB3F0E0EAADAF42840E8DAD3F43178CA311BAF6DA6BBFD0D7AF2FCC7CE8431FBA27BCD96E4CF7853A691CB0D8D8C6C7C200E1CC99E9E6BD47A79FBCE58D3B4283B4E236715B5723E49700A12AE99507E9F7B46C6CFD19BA601C8DD0CFFFFCCF9F3E79F264BAC6EFD4A73FFDE9FBC29BED23E9BE50278D03161BDBF8981720EC75D5C1A27235427E0910AAB1282C58743B2D185B7F862E18472374E595573EFDC52F7E315DE377EAD1471F7D22BCD91E4AF7853A691CB0D8D8C6C7BC006199AB0E16557C6CFA7C6AF912205461AF9060AFFB69686CFD19BA601C8DD04B5EF292E9934F3E99AEF13B155EEFCBF1CDA6D6A7D2F71570DED8C6C7BC00210D0556ADF4F9D4F2254028DEB2E1C0B2DBB182B1F567E882713442AF7AD5AB9EECFB0A842F7CE10B7FB1E10A046004C676629D1720A8E14A8050B455438155B7670FEBDA9F0F1F3EFCADE1FFEDC5070E1CF8F5F0F548A8CF85FAEAD63FFAC4AFF1FB235BF7BF386E9F3E072C6B5DC711BBF8B99FFBB92FF7FD3710FEECCFFEECAE0D7F03011881B19D580508659500A1584DC380A68F638E75EBCF070F1EFCB1F0FF7463A8B35B61C1B215B7BF313E3E7D4ED8CBBA8D2396F0C637BEF1337D7F0AC31FFCC11FDC141B55BA2F00EB666C2756014259254028526E0890FB78B6AC4B7F0E0BFF1F0AFF2F77CC09069AD41DF1F9D2D78045E2FB26BD8D35F796B7BCE5D7AEBBEEBA748DDFA9D7BCE635EF3B70E0C0ABD37D015837633BB10A10CA2A014271DA5AFCB7F53CA3567B7F3E7CF8F085613EFD0FC2FFC7D3691070D555574DDFF5AE774D3FFAD18F4E3FFBD9CFC63F607E6E0E1EBFC6EFE3EDF1FEB85DFAD8F87CF179E3F3A7AF09A9DAC7110D5C7EF9E5CFBDE28A2B9E0A92657E37C2EBFC6578A37D61DFBE7DDF95EE0BC0BA19DB895580505609108AD2F6A2BFEDE71B9D9AFB73D8F7E71E3C78F0E3DB17FE870E1D9A5E7FFDF5D3071F7C309D7EEF2A6E1F1F171F9F04097F1A5F277D6DD8AEE6714486D7BEF6B59FEBEBD7186EB8E186778637DA3F4EF701601D8DEDC42A4028AB0408C5E86AB1DFD5F38E42ADFDF9E0C183DF1BEAA1ED8BFDB7BEF5ADD3071E78209D76AF243E3E3E4F12223C105F2FDD0798A9751C91E915AF78C50B5EF7BAD73DF9F5AF7F3DED25AD0ACFFF407893DDBB7FFFFE1F49F701601D8DEDC42A4028AB040845E87A91DFF5F3AFAD1AFB73BC22607B7810AF1AB8E9A69BD2297796F87CC9D50871FEEE4A04E6AA711CD192D7BCE6357FF2BEF7BDEFE9B489B4E8E95FFDD55F7D7B7893BD2F7D6D807535B613AB00A1AC12200C6EFBE2FE59A15EBAF535C7BCE7112234505B7F8E7F9360FBAF2D5C7EF9E5D38F7DEC63E97CBB15F179E3F36F0B11FED4DF44609EDAC6112DDAB76FDFF78446F1C4A73EF5A9B487B4E28FFEE88F7E27BCC136E3EBA4AF0DB0AEC6766215209455028441A5E1C16F878AC7237E6D1A22ECF63C428415D5D69FB7FE60E25F5F79D0557830139F7FFB9508F1F5D37D82DAC6112D8B9FFFFAB297BDECABA74E9D4A7B4896FBEEBBEFE6F0E67A78FFFEFD3F9ABE26C03A1BDB8955805056091006932EE65F7AC1F945FFACD2C5FF32B68707B3BAEC195BEC7C5D7651537FDEFAA8C6A7668BF99B6FBE399D6E7722BECEEC35E3EBFB884752358D233A72E8D0A1975F7EF9E55F6EEB4A84AD2B0FE2EF6ABD2C7D2D807537B613AB00A1AC12200C62DE227EDEE27F951061DEE37F6BEBF6D4BCD7678E9AFA73D8D73B660BF9F8870EFB94FC61C53BD27D63DC6A1A4774285E29F09297BCE4B1F7BCE73D8F35FDC38AF10F266EFDCD83BF74E5013056633BB10A10CA2A0142EF765BBCCF0B01960911E63D6E517830B3DB7EB0A596FE1CE7D1B3057CFC9582DC4F5B58557CBDEDBFCA605ECF76B58C237A70E0C081EF0ECDE203575C71C5173EFCE10F3FFED4534FA5FD64AEB0DDA91B6EB8E15DE1CD746FA8F7C7E7499F1B602CC676621520945502845E2DB3689F1706EC1622CCDB7EAFF0606699FD19B55AFA73D8CF1B678BF7EBAFBF3E9D7AF722BEEE6C1FE2FEA4FBC878D5328EE851FCC8C5F0C6387EE9A5977EE99A6BAEF9E4912347EEFEF4A73FFDF9471E79E42BA19F3CF1577FF55727EFB9E79EBBFEF00FFFF03DAF7DED6BDF1FB67D246EEFA31A01C67762152094550284DEACB2589F170ACC0B11E66DB76C7830B3CA7E8D4E0DFDF9D0A143DF16F6F3EC6CF1DEF7D50733F175B7050867E37EA5FBCA38D5308E18C8BE7DFBBE2BBC41AE3C70E0C04DE1EB9D1BE73F13363691F8F5CEADDBAF8CDBA58F0518AB7539B186FF8F5B435D9CDE9E122094550284E52DFB1E9FA3C9227D5E38B03D449877FFAAE1C14C93FD1B85A1FBF3C183071F0B75557AFB76611F5FBC35DF9E5E75D555E9BABE57F1F567FB12F72BDD57C669E87104006B655D4EACDB268DBB2EB204086595006179CBBEC713398BF3792141FCFED9736E6F1A1ECCE4ECE7DA1ABA3FCFDE73BB0509E1FEB7CDB67BE73BDF99AEE97B155F7FDB38795BBAAF8CD3D0E30800D6CABA9C58B74D1A775D640910CA2A01C2F2967D8F6FD3C6A27C5E88F0E9E4FBDCF060A68DFD5D2B43F7E7F43D372F4808DF1F9DDD7FD75D77A56BFA5EC5D7DFB6AF47B7EF27E335F4380280B5B22E27D674A2BBAD9EB1C8122094550284E5CD796FCF7D8F6F6973313E2F44683B3C986973BFAB178F6F7A5B9FE6BCD7CED5F620217CFFF9D9ED274F9E4CD7F4BD8AAFBF6D3F3F9FFEFF304E438F2300582BEB72624D27B873EAD650170B10CA2A01C2F2E6BCA7D33AF71EBFA09B4578FCB585F4CA83F87DBCBD6D5DEC7F95E2714D6FEBD39CF7D8332A0609E1EB99D9F75FFCE217D3357DAFE2EB6FDBB72FA7FF3F8CD3D0E30800D64A3A215CF712209455E9F151ED5418DA57A7633DC36E5720CCFB7486365C9DFE3FA9F2EBC9279F4CD7F4BD8AAFBF6D7FBE9EBEA918A7F87E486F0300462E9DC86EAB5B37FC0A43B1E50A84E5CD796FCF7D8F5FD0EEBFE0CF0B0FD22B11DA0E11DADC7F32CC79AF9DABEDBFC210FFA57F76BB2B1028517C3FA4B7010023974E7037762EAACEE93240B860E7BFCE9EABBEEE4F2BDD2EDD3EBD7DFBFDB7DC72CBF4FBBEEFFBA6175E78E1F4F9CF7FFEF4A31FFDE88EE76FA30408CB5BF63DBEE5A20BF217E1F3C283F8370FE67D0A435B21421BFB4D4BD2F7DCBC3FA2B8E16F2050B8F87E486F0300466EC94555E701C26EB7757D7F5AF3EE5BF6F97EE0077E60FA4DDFF44DB305FEF4FBBFFFFB776CDB46091096B7EC7B7C9BB8086FBA185F141ECC428279F7E7860839FB4B0766EFB979C1C18C4F61A07402040060876517550284D59EEFBEFBEE3B77DBB77CCBB7ECD8B68D12202C6FD9F778222EC6575D94CF0B07E67DDAC2BCED9A86084DF6938EED161CCC84F7E4DB668BF677BEF39DE99ABE57F1F567FB12F72BDD57C64980000034264058EDF97EF1177FF1DC6D3FF9933FB963DB364A80D08BB8285F76713E2F1498171ECCCCDB7ED5106195FDA3306171F6E2D9A2FDAAABAE4AD7F4BD7AFDEB5FFFF4B600E1C5E9BE324E020400A03101C2F2CFF77BBFF77BD3673FFBD9D3EFFCCEEF9CDE7BEFBD3BB66DA30408BD5966913E2F0CD82D3C9899F7B865438465F68B821D3A74E8DBC202EDEC6CE1FEC0030FA4EBFA5EC4D7DD161E9C8DFB95EE2BE3244000001A5BD700217E9D557ADFBCEDD3FF4E6FBBEDB6DBA6CF79CE73A6CF7BDEF3CEFD61B274BBB64A80D0AB8B2E58BC589F17022C131ECCCC7BFC5E21C26EFB4345C202EDC6D9E2FDFAEBAF4FD7F6BD88AFBB2D40B831DD47C64B80000034B6AE01C2BC9A77DFB2CFF78217BC60FAE33FFEE3D3C71F7F7CC7366D9600A1778B16ED2FBDE0998BFF55C283997921C265CFD8E21B16ED0715DABF7FFF8FCE16EF870E1DEAFD2A84F87A070F1EFCEB5F5F88FB93EE23E3254000001AEB3A4098577DDD9F56BA5DBA7D7AFBF6FBBFE33BBEE319B7BDE94D6FDAF1FC6D94006110175DB073F1BE7DF1DF243C9859E679E6BD3E950B8BB43B660BF8B7BEF5ADE91ABF53F1F5B65D7D7047BA6F8C9B00010068ACCB0041AD5E0284C1CC5BC4C7C57EBC6260DEA27F15BB3DCFBCD7650D1C3C78F087C242EDA9D942FEE69B6F4ED7F99D88AFB32D3C782AEE47BA6F8C9B000100684C805056091006D5F762BEEFD7A367070E1CF807B3C57CFC55868F7DEC63E97ABF55F1F9B7FFEA427CFD749F4080000034264028AB040883EB6B51DFD7EB30A0C3870F5F18166B7F3A5BD05F7EF9E59D8508F179C3EBFDF5150FF175E3EBA7FB04020400A03101425925402842D78BFBAE9F9F8284C5DA73433DB0FD4A849B6EBA295DFF6789CFB7FDCA83ADD77B6EBA2F1009100080C60408659500A1185D2DF2BB7A5E0A1616F7DFBB3D448815FFD061EEA733C4C7277F30F15C78105F2FDD0798112000008D0910CA2A014251DA5EECB7FD7C54245E11B0B1EDD71962C5AB11AEBFFEFAE9830F3E986603BB8ADBC7C725571D9CFBB585F83AE96BC376020400A0310142592540284E5B8BFEB69E878AC5BF49B0F58715D385FFF4AAABAE9ABEEB5DEF9A7EF4A31F9D7EF6B39F9D3EFAE8A3E7C282F8357E1F6F8FF7BFFEF5AFDFF1D8F87CF179FDCD0396214000001A13209455028422E52EFE731FCF9AD9FA88C73BE604014DEA0E1FD5C82AE2FB26BD0D0060290284B24A8050ACA62140D3C7310261E1FF6361317763A8B3738281DD2A6E7F637C7CFA9CB017010200D09800A1AC1220146DD53060D5ED19A9C3870F7F6B58D4BDF8C08103BF1EBE1E09F5B9505FDD0A0BE2D7F8FD91ADFB5F1CB74F9F0396254000001A132094550284E22D1B0A2CBB1D40AF04080040630284B24A805085BDC281BDEE07188C000100684C8050560910AAB1282458743B401104080040630284B24A805095342C48BF07288E000100684C8050560910AA330B0DAEDEFA2A3C008A264000001A1320945502842A5DB43521171E00C5132000008D0910CA2A01429D4CC8815AE8570040630284B24A8050271372A016FA1500D09800A1AC1220D4C9841CA8857E050034264028AB0408753221076AA15F01008D0910CA2A01429D4CC8815AE8570040630284B24A8050271372A016FA1500D09800A1AC1220D4C9841CA8857E050034264028AB0408753221076AA15F01008D0910CA2A01429D4CC8815AE8570040630284B24A8050271372A016FA1500D09800A1AC1220D4C9841CA8857E05003476E4C891A74F9F3EBD6321ABFAAF701C1E9E4C2667D26344F94CC8815AE857004063C78F1F7FF8D4A9533B16B3AAFFBAFFFEFB6F984C2677A6C788F2999003B5D0AF0080C68E1E3D7AC9B163C7BEB4B9B9F9882B1186A9F073DFBCEFBEFB7E7732997C3ED40BD36344F94CC8815AE857004096B8688DFFF21DEA6CFC1D7CD57BC59F7BFCF90B0F2A65420ED442BF02008001999003B5D0AF0000604026E4402DF42B000018900939500BFD0A00000664420ED442BF02008001999003B5D0AF0000604026E4402DF42B000018900939500BFD0A00000664420ED442BF02008001999003B5D0AF0000604026E4402DF42B000018900939500BFD0A00000664420ED442BF02008001999003B5D0AF0000604026E4402DF42B000018900939500BFD0A00000664420ED442BF02008001999003B5D0AF0000604026E4402DF42B000018900939500BFD0A00000664420ED442BF02008001999003B5D0AF0000604026E4402DF42B000018900939500BFD0A00000664420ED442BF02008001999003B5D0AF0000604026E4402DF42B000018900939500BFD0A00000664420ED442BF02008001999003B5D0AF0000604026E4402DF42B000018900939500BFD0A00000664420ED442BF02008001999003B5D0AF0000604026E4402DF42B000018900939500BFD0A00000664420ED442BF02008001999003B5D0AF0000604026E4402DF42B000018900939500BFD0A00000664420ED442BF02008001999003B5D0AF0000604026E4402DF42B000018900939500BFD0A00000664420ED442BF02008001999003B5D0AF0000604026E4402DF42B000018900939500BFD0A00000664420ED442BF02008001999003B5D0AF0000604026E4402DF42B000018900939500BFD0A00000664420ED442BF02008001999003B5D0AF0000604026E4402DF42B000018900939500BFD0A00000664420ED442BF02008001999003B5D0AF0000604026E4402DF42B000018900939500BFD0A00000664420ED442BF02008001999003B5D0AF0000604026E4402DF42B000018900939500BFD0A00000664420ED442BF02008001999003B5D0AF0000604026E4402DF42B000018900939500BFD0A00000664420ED442BF02008001999003B5D0AF0000604026E4402DF42B000018900939500BFD0A00000664420ED442BF02008001999003B5D0AF0000604026E4402DF42B000018900939500BFD0A00000664420ED442BF02008001999003B5D0AF0000604026E4402DF42B000018900939500BFD0A00000664420ED442BF02008001999003B5D0AF0000604026E4402DF42B000018900939500BFD0A00000664420ED442BF02008001999003B5D0AF0000604026E4402DF42B000018900939500BFD0A00000664420ED442BF02008001999003B5D0AF0000604026E4402DF42B000018900939500BFD0A00000664420ED442BF02008001999003B5D0AF0000604026E4402DF42B000018900939500BFD0A00000664420ED442BF02008001999003B5D0AF0000604026E4402DF42B000018900939500BFD0A00000664420ED442BF02008001999003B5D0AF0000604026E4402DF42B000018900939500BFD0A00000664420ED442BF02008001999003B5D0AF0000604026E4402DF42B000018900939500BFD0A00000664420ED442BF02008001999003B5D0AF0000604026E4402DF42B000018900939500BFD0A00000664420ED442BF02008001999003B5D0AF0000604026E4402DF42B000018900939500BFD0A00000664420ED442BF02008001999003B5D0AF0000604026E4402DF42B000018900939500BFD0A00000664420ED442BF02008001999003B5D0AF0000604026E4402DF42B000018900939500BFD0A00000664420ED442BF02008001999003B5D0AF0000604026E4402DF42B000018900939500BFD0A00000664420ED442BF02008001999003B5D0AF0000604026E4402DF42B000018900939500BFD0A00000664420ED442BF02008001999003B5D0AF0000604026E4402DF42B000018900939500BFD0A00000664420ED442BF02008001999003B5D0AF0000604026E4402DF42B000018900939500BFD0A00000664420ED442BF02008001999003B5D0AF0000604026E4402DF42B000018900939500BFD0A00000664420ED442BF02008001999003B5D0AF0000604026E4402DF42B000018900939500BFD0A00000664420ED442BF02008001999003B5D0AF0000604026E4402DF42B000018900939500BFD0A00000664420ED442BF02008001999003B5D0AF0000604026E4402DF42B000018900939500BFD0A00000664420ED442BF02008001999003B5D0AF0000604026E4402DF42B000018900939500BFD0A00000664420ED442BF02008001999003B5D0AF0000604026E4402DF42B000018900939500BFD0A00000664420ED442BF02008001999003B5D0AF0000604026E4402DF42B000018900939500BFD0A00000664420ED442BF02008001999003B5D0AF0000604026E4402DF42B000018900939500BFD0A00000664420ED442BF02008001999003B5D0AF0000604026E4402DF42B000018900939500BFD0A00000664420ED442BF02008001999003B5D0AF0000604026E4402DF42B000018900939500BFD0A00000664420ED442BF02008001999003B5D0AF0000604026E4402DF42B000018900939500BFD0A00000664420ED442BF02008001999003B5D0AF0000604026E4402DF42B000018900939500BFD0A00000664420ED442BF02008001999003B5D0AF0000604026E4402DF42B000018900939500BFD0A00000664420ED442BF02008001999003B5D0AF0000604026E4402DF42B000018900939500BFD0A00000664420ED442BF02008001999003B5D0AF0000604026E4402DF42B000018900939500BFD0A00000664420ED442BF02008001999003B5D0AF0000604026E4402DF42B000018900939500BFD0A00000664420ED442BF02008001999003B5D0AF0000604026E4402DF42B000018900939500BFD0A00000664420ED442BF02008001999003B5D0AF000060407142AE9452B554DAC3000000000000000000000000000080FFBF3D38240000000010F4FFB523AC000000000000000000000000000000000000000000000C01622906F1416139C50000000049454E44AE426082, 1);
INSERT INTO `act_ge_bytearray` VALUES ('ae8dac18-3cc5-11f1-8b52-52284ac9a333', 1, 'process_5.bpmn20.xml', 'ae8dac17-3cc5-11f1-8b52-52284ac9a333', 0x3C3F786D6C2076657273696F6E3D22312E302220656E636F64696E673D225554462D38223F3E0A3C646566696E6974696F6E7320786D6C6E733D22687474703A2F2F7777772E6F6D672E6F72672F737065632F42504D4E2F32303130303532342F4D4F44454C2220786D6C6E733A7873693D22687474703A2F2F7777772E77332E6F72672F323030312F584D4C536368656D612D696E7374616E63652220786D6C6E733A62706D6E64693D22687474703A2F2F7777772E6F6D672E6F72672F737065632F42504D4E2F32303130303532342F44492220786D6C6E733A6F6D6764633D22687474703A2F2F7777772E6F6D672E6F72672F737065632F44442F32303130303532342F44432220786D6C6E733A62696F633D22687474703A2F2F62706D6E2E696F2F736368656D612F62706D6E2F62696F636F6C6F722F312E302220786D6C6E733A64693D22687474703A2F2F7777772E6F6D672E6F72672F737065632F44442F32303130303532342F44492220786D6C6E733A666C6F7761626C653D22687474703A2F2F666C6F7761626C652E6F72672F62706D6E2220786D6C6E733A7873643D22687474703A2F2F7777772E77332E6F72672F323030312F584D4C536368656D6122207461726765744E616D6573706163653D22687474703A2F2F7777772E666C6F7761626C652E6F72672F70726F63657373646566223E0A20203C70726F636573732069643D2270726F636573735F396979333431706E22206E616D653D226E616D655F3034683839787A642220666C6F7761626C653A70726F6365737343617465676F72793D224C45415645223E0A202020203C73746172744576656E742069643D2273746172744E6F64653122206E616D653D22E5BC80E5A78B223E0A2020202020203C6F7574676F696E673E466C6F775F306F65653665743C2F6F7574676F696E673E0A202020203C2F73746172744576656E743E0A202020203C73657175656E6365466C6F772069643D22466C6F775F306F65653665742220736F757263655265663D2273746172744E6F64653122207461726765745265663D2241637469766974795F3133633736666A22202F3E0A202020203C757365725461736B2069643D2241637469766974795F3133633736666A22206E616D653D22E4B880E7BAA7E5AEA1E689B92220666C6F7761626C653A61737369676E65653D2231223E0A2020202020203C696E636F6D696E673E466C6F775F306F65653665743C2F696E636F6D696E673E0A2020202020203C6F7574676F696E673E466C6F775F316133367A68383C2F6F7574676F696E673E0A202020203C2F757365725461736B3E0A202020203C73657175656E6365466C6F772069643D22466C6F775F316133367A68382220736F757263655265663D2241637469766974795F3133633736666A22207461726765745265663D22476174657761795F316D746F33637622202F3E0A202020203C706172616C6C656C476174657761792069643D22476174657761795F316D746F336376223E0A2020202020203C696E636F6D696E673E466C6F775F316133367A68383C2F696E636F6D696E673E0A2020202020203C6F7574676F696E673E466C6F775F306A39733732383C2F6F7574676F696E673E0A2020202020203C6F7574676F696E673E466C6F775F316E316C71386E3C2F6F7574676F696E673E0A202020203C2F706172616C6C656C476174657761793E0A202020203C73657175656E6365466C6F772069643D22466C6F775F306A39733732382220736F757263655265663D22476174657761795F316D746F33637622207461726765745265663D2241637469766974795F3030743836313722202F3E0A202020203C73657175656E6365466C6F772069643D22466C6F775F316E316C71386E2220736F757263655265663D22476174657761795F316D746F33637622207461726765745265663D2241637469766974795F3173696A66706222202F3E0A202020203C6578636C7573697665476174657761792069643D22476174657761795F3172346E6B7764223E0A2020202020203C696E636F6D696E673E466C6F775F30366E676775643C2F696E636F6D696E673E0A2020202020203C6F7574676F696E673E466C6F775F307734717636743C2F6F7574676F696E673E0A2020202020203C6F7574676F696E673E466C6F775F3031786F396C6D3C2F6F7574676F696E673E0A202020203C2F6578636C7573697665476174657761793E0A202020203C73657175656E6365466C6F772069643D22466C6F775F30366E676775642220736F757263655265663D2241637469766974795F3030743836313722207461726765745265663D22476174657761795F3172346E6B776422202F3E0A202020203C6578636C7573697665476174657761792069643D22476174657761795F31396678746535223E0A2020202020203C696E636F6D696E673E466C6F775F306B64693663683C2F696E636F6D696E673E0A2020202020203C6F7574676F696E673E466C6F775F313066376936653C2F6F7574676F696E673E0A2020202020203C6F7574676F696E673E466C6F775F306C73387577333C2F6F7574676F696E673E0A202020203C2F6578636C7573697665476174657761793E0A202020203C73657175656E6365466C6F772069643D22466C6F775F306B64693663682220736F757263655265663D2241637469766974795F3173696A66706222207461726765745265663D22476174657761795F3139667874653522202F3E0A202020203C656E644576656E742069643D224576656E745F3132746761346C223E0A2020202020203C696E636F6D696E673E466C6F775F313066376936653C2F696E636F6D696E673E0A2020202020203C696E636F6D696E673E466C6F775F307734717636743C2F696E636F6D696E673E0A202020203C2F656E644576656E743E0A202020203C73657175656E6365466C6F772069643D22466C6F775F313066376936652220736F757263655265663D22476174657761795F3139667874653522207461726765745265663D224576656E745F3132746761346C223E0A2020202020203C636F6E646974696F6E45787072657373696F6E207873693A747970653D2274466F726D616C45787072657373696F6E223E247B6F7574636F6D653D3D2027415050524F5645277D3C2F636F6E646974696F6E45787072657373696F6E3E0A202020203C2F73657175656E6365466C6F773E0A202020203C73657175656E6365466C6F772069643D22466C6F775F307734717636742220736F757263655265663D22476174657761795F3172346E6B776422207461726765745265663D224576656E745F3132746761346C223E0A2020202020203C636F6E646974696F6E45787072657373696F6E207873693A747970653D2274466F726D616C45787072657373696F6E223E247B6F7574636F6D653D3D2027415050524F5645277D3C2F636F6E646974696F6E45787072657373696F6E3E0A202020203C2F73657175656E6365466C6F773E0A202020203C757365725461736B2069643D2241637469766974795F3030743836313722206E616D653D22E4BA8CE7BAA7E5AEA1E689B92DE4BC9AE7ADBE312220666C6F7761626C653A61737369676E65653D2231223E0A2020202020203C696E636F6D696E673E466C6F775F306A39733732383C2F696E636F6D696E673E0A2020202020203C6F7574676F696E673E466C6F775F30366E676775643C2F6F7574676F696E673E0A202020203C2F757365725461736B3E0A202020203C757365725461736B2069643D2241637469766974795F3173696A66706222206E616D653D22E4BA8CE7BAA7E5AEA1E689B92DE4BC9AE7ADBE322220666C6F7761626C653A61737369676E65653D2232223E0A2020202020203C696E636F6D696E673E466C6F775F316E316C71386E3C2F696E636F6D696E673E0A2020202020203C6F7574676F696E673E466C6F775F306B64693663683C2F6F7574676F696E673E0A202020203C2F757365725461736B3E0A202020203C73657175656E6365466C6F772069643D22466C6F775F3031786F396C6D2220736F757263655265663D22476174657761795F3172346E6B776422207461726765745265663D2241637469766974795F31636565636E70223E0A2020202020203C636F6E646974696F6E45787072657373696F6E207873693A747970653D2274466F726D616C45787072657373696F6E223E247B6F7574636F6D653D3D202752454A454354277D3C2F636F6E646974696F6E45787072657373696F6E3E0A202020203C2F73657175656E6365466C6F773E0A202020203C757365725461736B2069643D2241637469766974795F31636565636E70223E0A2020202020203C696E636F6D696E673E466C6F775F3031786F396C6D3C2F696E636F6D696E673E0A2020202020203C696E636F6D696E673E466C6F775F306C73387577333C2F696E636F6D696E673E0A202020203C2F757365725461736B3E0A202020203C73657175656E6365466C6F772069643D22466C6F775F306C73387577332220736F757263655265663D22476174657761795F3139667874653522207461726765745265663D2241637469766974795F31636565636E70223E0A2020202020203C636F6E646974696F6E45787072657373696F6E207873693A747970653D2274466F726D616C45787072657373696F6E223E247B6F7574636F6D653D3D202752454A454354277D3C2F636F6E646974696F6E45787072657373696F6E3E0A202020203C2F73657175656E6365466C6F773E0A20203C2F70726F636573733E0A20203C62706D6E64693A42504D4E4469616772616D2069643D2242504D4E4469616772616D5F666C6F77223E0A202020203C62706D6E64693A42504D4E506C616E652069643D2242504D4E506C616E655F666C6F77222062706D6E456C656D656E743D2270726F636573735F396979333431706E223E0A2020202020203C62706D6E64693A42504D4E456467652069643D22466C6F775F306C73387577335F6469222062706D6E456C656D656E743D22466C6F775F306C7338757733223E0A20202020202020203C64693A776179706F696E7420783D223733302220793D2232373522202F3E0A20202020202020203C64693A776179706F696E7420783D223733302220793D2235303022202F3E0A20202020202020203C64693A776179706F696E7420783D22313033302220793D2235303022202F3E0A20202020202020203C64693A776179706F696E7420783D22313033302220793D222D31373022202F3E0A20202020202020203C64693A776179706F696E7420783D223433302220793D222D31373022202F3E0A2020202020203C2F62706D6E64693A42504D4E456467653E0A2020202020203C62706D6E64693A42504D4E456467652069643D22466C6F775F3031786F396C6D5F6469222062706D6E456C656D656E743D22466C6F775F3031786F396C6D223E0A20202020202020203C64693A776179706F696E7420783D223731302220793D222D31303522202F3E0A20202020202020203C64693A776179706F696E7420783D223731302220793D222D31343022202F3E0A20202020202020203C64693A776179706F696E7420783D223433302220793D222D31343022202F3E0A2020202020203C2F62706D6E64693A42504D4E456467653E0A2020202020203C62706D6E64693A42504D4E456467652069643D22466C6F775F307734717636745F6469222062706D6E456C656D656E743D22466C6F775F30773471763674223E0A20202020202020203C64693A776179706F696E7420783D223733352220793D222D383022202F3E0A20202020202020203C64693A776179706F696E7420783D223832302220793D222D383022202F3E0A20202020202020203C64693A776179706F696E7420783D223832302220793D2232353022202F3E0A20202020202020203C64693A776179706F696E7420783D223836322220793D2232353022202F3E0A2020202020203C2F62706D6E64693A42504D4E456467653E0A2020202020203C62706D6E64693A42504D4E456467652069643D22466C6F775F313066376936655F6469222062706D6E456C656D656E743D22466C6F775F31306637693665223E0A20202020202020203C64693A776179706F696E7420783D223735352220793D2232353022202F3E0A20202020202020203C64693A776179706F696E7420783D223836322220793D2232353022202F3E0A2020202020203C2F62706D6E64693A42504D4E456467653E0A2020202020203C62706D6E64693A42504D4E456467652069643D22466C6F775F306B64693663685F6469222062706D6E456C656D656E743D22466C6F775F306B6469366368223E0A20202020202020203C64693A776179706F696E7420783D223632302220793D2232353022202F3E0A20202020202020203C64693A776179706F696E7420783D223730352220793D2232353022202F3E0A2020202020203C2F62706D6E64693A42504D4E456467653E0A2020202020203C62706D6E64693A42504D4E456467652069643D22466C6F775F30366E676775645F6469222062706D6E456C656D656E743D22466C6F775F30366E67677564223E0A20202020202020203C64693A776179706F696E7420783D223632302220793D22343022202F3E0A20202020202020203C64693A776179706F696E7420783D223731302220793D22343022202F3E0A20202020202020203C64693A776179706F696E7420783D223731302220793D222D353522202F3E0A2020202020203C2F62706D6E64693A42504D4E456467653E0A2020202020203C62706D6E64693A42504D4E456467652069643D22466C6F775F316E316C71386E5F6469222062706D6E456C656D656E743D22466C6F775F316E316C71386E223E0A20202020202020203C64693A776179706F696E7420783D223436302220793D2231363522202F3E0A20202020202020203C64693A776179706F696E7420783D223436302220793D2232353022202F3E0A20202020202020203C64693A776179706F696E7420783D223532302220793D2232353022202F3E0A2020202020203C2F62706D6E64693A42504D4E456467653E0A2020202020203C62706D6E64693A42504D4E456467652069643D22466C6F775F306A39733732385F6469222062706D6E456C656D656E743D22466C6F775F306A3973373238223E0A20202020202020203C64693A776179706F696E7420783D223436302220793D2231313522202F3E0A20202020202020203C64693A776179706F696E7420783D223436302220793D22343022202F3E0A20202020202020203C64693A776179706F696E7420783D223532302220793D22343022202F3E0A2020202020203C2F62706D6E64693A42504D4E456467653E0A2020202020203C62706D6E64693A42504D4E456467652069643D22466C6F775F316133367A68385F6469222062706D6E456C656D656E743D22466C6F775F316133367A6838223E0A20202020202020203C64693A776179706F696E7420783D223331302220793D2231343022202F3E0A20202020202020203C64693A776179706F696E7420783D223433352220793D2231343022202F3E0A2020202020203C2F62706D6E64693A42504D4E456467653E0A2020202020203C62706D6E64693A42504D4E456467652069643D22466C6F775F306F65653665745F6469222062706D6E456C656D656E743D22466C6F775F306F6565366574223E0A20202020202020203C64693A776179706F696E7420783D223134352220793D2232333022202F3E0A20202020202020203C64693A776179706F696E7420783D223236302220793D2232333022202F3E0A20202020202020203C64693A776179706F696E7420783D223236302220793D2231383022202F3E0A2020202020203C2F62706D6E64693A42504D4E456467653E0A2020202020203C62706D6E64693A42504D4E53686170652069643D2242504D4E53686170655F73746172744E6F646531222062706D6E456C656D656E743D2273746172744E6F646531222062696F633A7374726F6B653D22223E0A20202020202020203C6F6D6764633A426F756E647320783D223131352220793D22323135222077696474683D22333022206865696768743D22333022202F3E0A20202020202020203C62706D6E64693A42504D4E4C6162656C3E0A202020202020202020203C6F6D6764633A426F756E647320783D223131382220793D22323532222077696474683D22323222206865696768743D22313422202F3E0A20202020202020203C2F62706D6E64693A42504D4E4C6162656C3E0A2020202020203C2F62706D6E64693A42504D4E53686170653E0A2020202020203C62706D6E64693A42504D4E53686170652069643D2241637469766974795F306A6F6A31366B5F6469222062706D6E456C656D656E743D2241637469766974795F3133633736666A223E0A20202020202020203C6F6D6764633A426F756E647320783D223231302220793D22313030222077696474683D2231303022206865696768743D22383022202F3E0A2020202020203C2F62706D6E64693A42504D4E53686170653E0A2020202020203C62706D6E64693A42504D4E53686170652069643D22476174657761795F3133716F726C655F6469222062706D6E456C656D656E743D22476174657761795F316D746F336376223E0A20202020202020203C6F6D6764633A426F756E647320783D223433352220793D22313135222077696474683D22353022206865696768743D22353022202F3E0A2020202020203C2F62706D6E64693A42504D4E53686170653E0A2020202020203C62706D6E64693A42504D4E53686170652069643D22476174657761795F3172346E6B77645F6469222062706D6E456C656D656E743D22476174657761795F3172346E6B7764222069734D61726B657256697369626C653D2274727565223E0A20202020202020203C6F6D6764633A426F756E647320783D223638352220793D222D313035222077696474683D22353022206865696768743D22353022202F3E0A2020202020203C2F62706D6E64693A42504D4E53686170653E0A2020202020203C62706D6E64693A42504D4E53686170652069643D22476174657761795F313966787465355F6469222062706D6E456C656D656E743D22476174657761795F31396678746535222069734D61726B657256697369626C653D2274727565223E0A20202020202020203C6F6D6764633A426F756E647320783D223730352220793D22323235222077696474683D22353022206865696768743D22353022202F3E0A2020202020203C2F62706D6E64693A42504D4E53686170653E0A2020202020203C62706D6E64693A42504D4E53686170652069643D224576656E745F3132746761346C5F6469222062706D6E456C656D656E743D224576656E745F3132746761346C223E0A20202020202020203C6F6D6764633A426F756E647320783D223836322220793D22323332222077696474683D22333622206865696768743D22333622202F3E0A2020202020203C2F62706D6E64693A42504D4E53686170653E0A2020202020203C62706D6E64693A42504D4E53686170652069643D2241637469766974795F303762376932305F6469222062706D6E456C656D656E743D2241637469766974795F30307438363137223E0A20202020202020203C6F6D6764633A426F756E647320783D223532302220793D2230222077696474683D2231303022206865696768743D22383022202F3E0A2020202020203C2F62706D6E64693A42504D4E53686170653E0A2020202020203C62706D6E64693A42504D4E53686170652069643D2241637469766974795F317533666C66335F6469222062706D6E456C656D656E743D2241637469766974795F3173696A667062223E0A20202020202020203C6F6D6764633A426F756E647320783D223532302220793D22323130222077696474683D2231303022206865696768743D22383022202F3E0A2020202020203C2F62706D6E64693A42504D4E53686170653E0A2020202020203C62706D6E64693A42504D4E53686170652069643D2241637469766974795F31646E7171616E5F6469222062706D6E456C656D656E743D2241637469766974795F31636565636E70223E0A20202020202020203C6F6D6764633A426F756E647320783D223333302220793D222D313830222077696474683D2231303022206865696768743D22383022202F3E0A2020202020203C2F62706D6E64693A42504D4E53686170653E0A202020203C2F62706D6E64693A42504D4E506C616E653E0A20203C2F62706D6E64693A42504D4E4469616772616D3E0A3C2F646566696E6974696F6E733E0A, 0);
INSERT INTO `act_ge_bytearray` VALUES ('af4c4129-3cc5-11f1-8b52-52284ac9a333', 1, 'process_5.process_9iy341pn.png', 'ae8dac17-3cc5-11f1-8b52-52284ac9a333', 0x89504E470D0A1A0A0000000D4948445200000410000002B208060000006C612D2F0000427C49444154785EECDD0FB8A5575D2FF6405BCC635BABADF68F96F63E57FBD4B6F60FA26D6DED93781F2D2A95F4DE3233672612261020287FD21AF429C23518FB07EBED6DC51B9B7BB5540A9A4A1B252910D8CC649C4B323104114814880C09F9731C49482094992124BB6BCD9C2D27EBEC7DCEDEEF7AFFACB5DFCFE7797ECFC9D9FBDD7BBF39EF5EBF77ADEFBCE7EC0B2E006057D3E9F439274F9EFCFD13274E7CEDC89123D3C964A27AAEF0737FFAF8F1E30F1F3D7AF492F4F800000040114E9E3CF9EEB0789D9E3A756A7AFAF4E9E9D9B36755CF157FEEF1E77FECD8B12F4D269317A6C7080000000617AF3C888BD77451ABFAAFCDCDCD472693C99DE93102000080C1C55F5B70E54119158FC3643239931E23000000185CFC1DFC7421AB86AB783CD26304000000835B3640F8CAE39BD3931F79FBF49E0FFDF2B98AFF1D6F4BB753792540000000A048CB04084F3CF6D0F4EE0FBC79FAF1F7BEE119156F8BF7A5DBABE62540000000A048CB04080FDC73D38EF060560FDE73F38EED55F3122000000050A46502843FBFF5AD3B828359C5FBD2ED55F3122000000050A4650284BB27D7EC080E6615EF4BB757CD4B800000D0BA67A53700D08000A1AC1220000063F6CA57BEF29F3A74E8D0B76D6C6C3CF7C08103FF56A81FDCBF7FFF8F1C3C78F0A7421D0CB7BF22D47F1DEA4DA1FEC750BF11EAFF08DBFDDFA16E09FFFDE1507F1AEA2F42FD65A8AF848AF32B210240AE650284F8A90B697030AB785FBABD6A5E020400A0163FF5533FF5CD2F79C94BFEC5B0E0FF9B616DFFEF8585FA7F1216F1FF79A8BF13EAB270DBCF84FAF970FB2F87FA9F43FDC350EF0AF59E504742FD71B8FF9EF0F5FE508F863A1BEA6BA1BE18EAF3A1FE2CD49DA16E0D7573D8F6F7C2F3FEA3507F3F7C7F6DA85F08F5B3E1F69786FAAFC27EBC60FFFEFDFF69B8FFDF0FF5DDE1B67F29ECDF3FBD713E400020D73201C2BDB7FDC68EE06056F1BE747BD5BC04080040DB2EBEF8E27F72DFBE7DFF5CA8EF0AF56F8685F6F3C3E2FAA2B0B07E61A803A15E1E16DCAF0FF58BE1F6FF217CFFB6506F0FF5EE50EF0F753CD49F84FA4CA887C3365F0E5FBF1EEAFF0B752AD467437D3CD46DA13E10EAFF09F58E50D7856D7F353CEFDF0DF5DF84EF5F19EA50A81785DBFF56D88FFF30ECCFBF1DEA5F0BF5CF877A4EBAEF6DD8102000B4639900E1D1873E31BDFB83BFB4233C88B7C5FBD2ED55F3122000C0B81D3E7CF8C2B0B8FEF6B0E8FD1B61D1FD7DA1FEE3FDFBF7FF68B8EDBF0CF5D3E1F62B435D1DEA9A70DFAF85FADFC2EDEF0CDFFF61A80F85BA23D4DDA13E17EA0BA14E6F9C5FEC3F1EEAC1B0EDA7C2D7BB421D0BF5FF86BA21D46F85DBFF9750BF12EABF0DF5DAF0BC9787DA17EA27C2FDFF59A8E78505FFBFF1D33FFDD3FFCA8B5EF4A27FF69A6BAE7976BAEFA5DA102000B463990021D6E7EE7AC78E0021DE966EA7F24A80000075880BE84B2FBDF45BC2E2F43BE3C23A2EB0E3423B2EB8B716DE97C785785C9087DBFFBB50FF6BA8DF0EF57F85FBDE1B6EFFA3F0DF1F0DF5E9500F85FAD2C6F9857E5CF0C7857F0C003E19EA44D876121EF307E1BFFFCF50BF19EA7F0AF54BE1F69F0BF5AA182CC48021060D317088C143B8FF6F84DBBE3D0612E9BE8FCD860001A01D4B050867CE4CEFBDFD37770408F1B678DF8EED55E312200040FB7EE2277EE29B2EBBECB27F212CF4FFF5B0A8FE77C282F23F0A5FFF56F8FAA28DF397D4BF325E621FEAEF86DB7F357C7FDDC6F94BF06F0CF5C150B787FB3E11BE9E0CF557A1BE1AEAEB07CF5FCAFFF0C6F94BFBE325FEF152FFF785DB7F3FD4FF1E1EF3EBE1FBFF3ED41B43BD2ED4CBC2EDFBC37EFC64F87A51FC5582F82B055BBF5A107FC5E09F48F79D7C1B02048076EC15203CF1D843D3CFDCF6B61DE1C1ACE27D719BF471AA5909100018B9678545F43F13EA5F0EF53D6181FD1F8485F60F87FAF1B0087C71F8FAD2F0F56737CEFFF1BC6BC302FDEF87FA47E1F6DF0BDFDFBC71FE8FED7D24D49F877A20DCF758F8FAE4C6F93FCE17FF48DFFD07CFFFD1BE3FDE38FF47FCE21FF38B7FD4EFFA70FBDF0BF596F09837847A75B8ED25A1FE76B8EDC742FDD0A5975EFAEFC63F1618FF6860FCE381E98E53AE0D0102403B16060867CE4C37EF3D3AFDE42D6FDC111AA415B789DBBA1A21BF040800D4A2A38FDB7B2AD413A136B76E8FF77F386E1F1F171FBFF53CF1F9DE145EE6AA505784FB3642FD17E1B68B43FD40B8ED7BC382FF5F3D7CF8F0B7C6FD4CF79D71D9102000B4635E80B0D755078BCAD508F9254000A00BB57CDC5ED8D567A5FB0EB936040800ED9817202C73D5C1A28A8F4D9F4F2D5F020480711BFBC7ED411736040800ED981720A4A1C0AA953E9F5ABE040800F5F0717B50870D0102403BE605086AB8122000B4CFC7EDC1B86D081000DA214028AB0408C0D8F9B83DA06D1B020480760810CA2A010250111FB7075461438000D00E014259254000BAE0E3F68031DB102000B4438050560910001FB707D0AE0D0102403B040865950001EAE1E3F600EAB0214000688700A1AC122040377CDC1EC0786D081000DA214028AB04088C9D8FDB03A06D1B020480760810CA2A010235F1717B00D460438000D00E0142592540A0233E6E0F80D1DA102000B4438050560910F0717B00D0AE0D0102403B040865D532014238093E2FBD8D61F8B83D0028DF860001A01D0284B26AB70061E3FCBF00C73F1077577A1FBBF3717B00305E1B020480760810CAAA79014238E93D776B31FA743C018685E7A7D26DD6898FDB0300DAB4214000688700A1ACDA1E20C445EAC6F9CBD4E35FA69F6EAB33DB8FE1507CDC1E0050830D0102403B040865553C1EF123E736CEFFA1BCF807F0B607077F5DE971DC8B8FDB0300C66AA3C1DC098039040865553C1E07CFFF51BD1DA141523E6E0F0060091B020480760810CAAA783CB616FC6960F08C0A0BFC5FDBF0717B00007B122000B4448050566D0508F12A821DA1C1F63A78F0E0B7A7C71200809D0408002D112094555B0182524A7552E93900600CF43F80960810CAAAD9A7306C9CFF55845BD3C9FFACE2A70CA4C712603726D0C058E97F002D11209455DB3FC631DA2548F8CEEDDB01ECC5041A182BFD0FA0250284B22A0D1066D22021BD1F602F7A073056FA1F404B040865D5A20061661624A4B703ECC5041A182BFD0FA0250284B26AAF0001A029136860ACF43F80960810CA2A0102D015136860ACF43F80960810CA2A0102D015136860ACF43F80960810CA2A0102D015136860ACF43F80960810CA2A0102D015136860ACF43F80960810CA2A0102D015136860ACF43F80960810CA2A0102D015136860ACF43F80960810CA2A0102D015136860ACF43F80960810CA2A0102D015136860ACF43F80960810CA2A0102D015136860ACF43F80960810CA2A0102D015136860ACF43F80960810CA2A0102D015136860ACF43F80960810CA2A0102D015136860ACF43F80960810CA2A0102D015136860ACF43F80960810CA2A0102D015136860ACF43F80960810CA2A0102D015136860ACF43F80960810CA2A0102D015136860ACF43F80960810CA2A0102D015136860ACF43F80960810CA2A0102D015136860ACF43F80960810CA2A0102D015136860ACF43F80960810CA2A0102D015136860ACF43F80960810CA2A0102D015136860ACF43F80960810CA2A0102D015136860ACF43F80960810CA2A0102D015136860ACF43F80960810CA2A0102D015136860ACF43F80960810CA2A0102D015136860ACF43F80960810CA2A0102D015136860ACF43F80960810CA2A0102D015136860ACF43F80960810CA2A0102D015136860ACF43F80960810CA2A0102D015136860ACF43F80960810CA2A0102D0918BB626D017A57700AC3B0102404B040865950001E8400C0D4E85BA7AEBAB100118150102404B8E1C39F2F4E9D3A7772C6455FF158EC3C393C9E44C7A8C0032CCC2835968907E0FB0F60408002D397EFCF8C3A74E9DDAB19855FDD7FDF7DF7FC36432B9333D46000D2D0A0B16DD0EB0960408002D397AF4E825C78E1DFBD2E6E6E623AE4418A6C2CF7DF3BEFBEEFBDDC964F2F9502F4C8F1140037B85047BDD0FB0360408002D8A8BD6F82FDFA1CEC6DFC157BD57FCB9C79FBFF00068C3B2E1C0B2DB01544D800000003BAD1A0AACBA3D407504080000F04C4DC380A68F03A88200010000BE213704C87D3C40B104080000705E5B8BFFB69E07A02802040000687FD1DFF6F3010C4E800000C0D875B5D8EFEA7901062140000060CCBA5EE477FDFC00BD112000003056DB17F7CF0AF5D2ADAF39E63D8F1001580B02040000C6280D0F7E3B549C18C7AF4D4384DD9E478800544F800000C0D8A48BF978C5409C14CF2A5DFC2F637B7830ABCB9EB1C5CED705A88A000100803199B7889FB7F85F254498F7F8DFDABA3D35EFF501AA20400000602C765BBCCF0B01960911E63D6E517830B3DB7E00144B800000C0182CB3689F1706EC1622CCDB7EAFF0606699FD01288A0001008075B7CA627D5E28302F4498B7DDB2E1C1CC2AFB05303801020000EBACC9227D5E38B03D449877FFAAE1C14C93FD031884000100807595B3389F1712C4EF9F3DE7F6A6E1C14CCE7E02F446800000C03A6A63513E2F44F874F27D6E7830D3C6FE02744A800000C0BA6973313E2F44683B3C986973BF015A27400000609D74B1088FBFB6905E7910BF8FB7B7AD8BFD0768850001008075F1CD179C5F7C5F9DDE9161B72B10E67D3A431BAE8E9374D57EA53F686035C6110000EBA4CD7FC19F171EA45722B41D22B4B9FF6C63E103F98C230000D64D1B8BF079E141FC9B07F33E85A1AD10A18DFD66010B1FC8671C0100B08E7216E38BC283594830EFFEDC1021677F5982850FE4338E000058574D16E5F3C281799FB6306FBBA6214293FD6445163E90CF380200609DADB2389F170ACC0B0F66E66DBF6A88B0CAFE91C1C207F219470000ACBB6516E9F3C280DDC28399798F5B36445866BF6889850FE4338E00001883DD16EBF3428065C28399798FDF2B44D86D7FE880850FE4338E0000188B458BF6975ED03C3C989917225CF68C2DBE61D17ED0210B1FC8671C01003026F316EFDB17FF4DC28399659E67DEEBD3030B1FC8671C01003036F316F171B11FAF1898B7E85FC56ECF33EF75E989850FE4338E000018A3BE17F37DBF1E090B1FC8671C010030567D2DEAFB7A1D7661E103F98C230000C6ACEBC57DD7CFCF922C7C209F710400C0D875B5C8EFEA7969C0C207F219470000D0FE62BFEDE72393850FE4338E0000E0BCB616FD6D3D0F2DB2F0817CC61100007C43EEE23FF7F174C4C207F219470000F04C4D4380A68FA307163E90CF380200809D560D0356DD9E9E59F8403EE3080000E65B361458763B0664E103F98C230000586CAF7060AFFB2984850FE4338E000060778B428245B753200B1FC8671C0100C0DED2B020FD9EC259F8403EE308000096330B0DAEDEFA2A3CA888850FE4338E00006049CF7FFEF35FBF3581161E54C6C207F219470000B0A43079BED504BA4E8E1BE4338E0000600961E27C719C3C6FD5C5E9FD94CDC207F219470000B084D9D5075B756B7A3F65B3F0817CC6110000EC21B9FAC0550815B2F0817CC6110000EC21B9FAC0550815B2F0817CC6110000EC62C1D507AE42A88C850FE4338E00006017F14A8339C181AB102A63E103F98C23000058205E6130273448EBE2F47194C7C207F219470000B040BCC2604E609096AB102A60E103F98C230000588109749D1C37C8671C0100C00A4CA0EBE4B8413EE30800005660025D27C70DF219470000B00213E83A396E90CF38020080159840D7C971837CC6110000ACC004BA4E8E1BE4338E0000600526D07572DC209F710400002B3081AE93E306F98C230000588109749D1C37C8671C0100C00A4CA0EBE4B8413EE30800005660025D27C70DF219470000B00213E83A396E90CF38020080159840D7C971837CC6110000ACC004BA4E8E1BE4338E0000600526D07572DC209F710400002B3081AE93E306F98C230000588109749D1C37C8671C0100C00A4CA0EBE4B8413EE30800005660025D27C70DF219470000B00213E83A396E90CF38020080159840D7C971837CC6110000ACC004BA4E8E1BE4338E0000600526D07572DC209F710400002B3081AE93E306F98C230000588109749D1C37C8671C0100C00A4CA0EBE4B8413EE30800005660025D27C70DF219470000B00213E83A396E90CF38020080159840D7C971837CC6110000ACC004BA4E8E1BE4338E0000600526D07572DC209F710400002B3081AE93E306F98C230000588109749D1C37C8671C0100C00A4CA0EBE4B8413EE30800005660025D27C70DF219470000B00213E83A396E90CF38020080159840D7C971837CC6110000ACC004BA4E8E1BE4338E0000600526D07572DC209F710400002B3081AE93E306F98C230000588109749D1C37C8671C0100C00A4CA0EBE4B8413EE30800005660025D27C70DF219470000B00213E83A396E90CF38020080159840D7C971837CC61100D0D8743A7DCEC993277FFFC489135F3B72E4C8743299A89E2BFCDC9F3E7EFCF8C3478F1EBD243D3E74C304BA4E8E1BE4338E0080C64E9E3CF9EEB0789D9E3A756A7AFAF4E9E9D9B36755CF157FEEF1E77FECD8B12F4D269317A6C788F69940D7C971837CC61100D058BCF2202E5ED345ADEABF3637371F994C2677A6C788F69940D7C971837CC61100D058FCB505571E9451F1384C269333E931A27D26D07572DC209F71040034167F073F5DC8AAE12A1E8FF418D13E13E83A396E90CF3802001A5B3640F8CAE39BD3931F79FBF49E0FFDF2B98AFF1D6F4BB753792540E88709749D1C37C8671C01008D2D13203CF1D843D3BB3FF0E6E9C7DFFB866754BC2DDE976EAF9A9700A11F26D07572DC209F71040034B64C80F0C03D37ED080F66F5E03D37EFD85E352F01423F4CA0EBE4B8413EE30800686C9900E1CF6F7DEB8EE06056F1BE747BD5BC0408FD3081AE93E306F98C2300A0B1650284BB27D7EC080E6615EF4BB757CD4B80D00F13E83A396E90CF3802001A1320945502847E9840D7C971837CC61100D0D8320142FCD48534389855BC2FDD5E352F01423F4CA0EBE4B8413EE30800686C9900E1DEDB7E63477030AB785FBABD6A5E02847E9840D7C971837CC61100D0D83201C2A30F7D627AF7077F694778106F8BF7A5DBABE62540E88709749D1C37C8671C01008D2D1320C4FADC5DEFD81120C4DBD2ED545E0910FA61025D27C70DF219470040634B050867CE4CEFBDFD37770408F1B678DF8EED55E31220F4C304BA4E8E1BE4338E0080C6F60A109E78ECA1E9676E7BDB8EF06056F1BEB84DFA38D5AC0408FD3081AE93E306F98C2300A0B18501C29933D3CD7B8F4E3F79CB1B77840669C56DE2B6AE46C82F01423F4CA0EBE4B8413EE30800686C5E80B0D755078BCAD508F92540E88709749D1C37C8671C01008DCD0B1096B9EA6051C5C7A6CFA7962F01423F4CA0EBE4B8413EE30800686C5E80908602AB56FA7C6AF91220F4C304BA4E8E1BE4338E0080C6E605086AB81220F4C304BA4E8E1BE4338E0080C60408659500A11F26D07572DC209F71040034264028AB0408FD3081AE93E306F98C2300A0310142592540E88709749D1C37C8671C01008D0910CA2A01423F4CA0EBE4B8413EE30800684C8050560910FA61025D27C70DF219470040630284B24A80D00F13E83A396E90CF3802001A1320945502847E9840D7C971837CC61100D09800A1AC1220F4C304BA4E8E1BE4338E0080C60408659500A11F26D07572DC209F71040034264028AB0408FD3081AE93E306F98C2300A0310142592540E88709749D1C37C8671C01008D0910CA2A01423F4CA0EBE4B8413EE30800684C8050560910FA61025D27C70DF2194700C00E6182706BA88BD3DB530284B24A80D00F13E83A396E90CF38020076881384ADDA35481020945502847E9840D7C971837CC61100B0C3B60061D720418050560910FA61025D27C70DF2194700C00E730284B9418200A1AC1220F4C304BA4E8E1BE4338E00801DE60407699D0B120408659500A11F26D07572DC209F7104002D9AB3D05EEB12209455E9F151DD553AF6299FE306F98C230068D1BA9C58D3C5D2B6BA75C3AF30145BAE4080C5D6A53FC3908C230068D1BA9C58F70A0E66BA0E10C24BCCADBEEE4F2BDD2EDD3EBD3DBDFF2B5FF9CAF4A28B2EDAF535724A80008BAD4B7F8621194700D0A27539B1EE151CCCF41120EC765BD7F7A735EFBE659FEFC48913D31FFEE11F3EF7FDBCEDDA2801022CB62EFD1986641C01408BD6E5C4BA577030234058FEF9E2D71FFCC11F3CF775DE766D940001165B97FE0C43328E00A045633BB10A10967FBE4B2EB964BAB9B979EEFB79DBB5510204586C6CFD19BA601C01408BC676621520ACFE7CF1FBF4B6B64A80008B8DAD3F43178C230068D1D84EACEB1C20C4AFB34AEF9BB77DFADF8B6E4B9FB3CD1220C06263EBCFD005E308005A34B613EB3A0708F36ADE7DAB3E5FFC3EBDADAD1220C06263EBCFD005E308005A34B6136B1F01C2BCEAEBFEB4D2EDD2EDD3DBD3FBB76F933E771B254080C5C6D69FA10BC61100B4686C27D6AE0304B55A091060B1B1F567E8827104002D1ADB8955805056091060B1B1F567E8827104002D1ADB8955805056091060B1B1F567E8827104002D1ADB8955805056091060B1B1F567E8827104002D1ADB8955805056091060B1B1F567E8827104002D1ADB8955805056091060B1B1F567E8827104002D1ADB8955805056091060B1B1F567E8827104002D1ADB8955805056091060B1B1F567E8827104002D1ADB8955805056091060B1B1F567E8827104002D1ADB8955805056091060B1B1F567E8827104002D1ADB8955805056091060B1B1F567E8827104002D1ADB8955805056091060B1B1F567E8827104002D1ADB8955805056091060B1B1F567E8827104002D1ADB8955805056091060B1B1F567E8827104002D1ADB8955805056091060B1B1F567E8827104002D1ADB8955805056091060B1B1F567E8827104002D1ADB8955805056091060B1B1F567E8827104002D1ADB8955805056091060B1B1F567E8827104002D1ADB8955805056091060B1B1F567E8827104002D1ADB8955805056091060B1B1F567E8827104002D1ADB8955805056091060B1B1F567E8827104002D1ADB8955805056091060B1B1F567E8827104002D1ADB8955805056091060B1B1F567E8827104002D1ADB8955805056091060B1B1F567E8827104002D1ADB8955805056091060B1B1F567E8827104002D1ADB8955805056091060B1B1F567E8827104002D1ADB8955805056091060B1B1F567E8827104002D1ADB89F5C891234F9F3E7D7AC74256F55FE1383C3C994CCEA4C708386F6CFD19BA601C01408BC676623D7EFCF8C3A74E9DDAB19855FDD7FDF7DF7FC36432B9333D46C07963EBCFD005E308005A34B613EBD1A3472F3976ECD8973637371F7125C230157EEE9BF7DD77DFEF4E2693CF877A617A8C80F3C6D69FA10BC61100B4688C27D6B8688DFFF21DEA6CFC1D7CD57BC59F7BFCF90B0F601763ECCFD036E308005AE4C40A5026FD19F2194700D02227568032E9CF90CF3802801639B10294497F867CC61100B4C88915A04CFA33E4338E00A0454EAC0065D29F219F7104002D7262052893FE0CF98C23006891132B4099F467C8671C01408B9C5801CAA43F433EE308005AE4C40A5026FD19F2194700D02227568032E9CF90CF3802801639B10294497F867CC61100B4C88915A04CFA33E4338E00A0454EAC0065D29F219F7104002D7262052893FE0CF98C23006891132B4099F467C8671C01408B9C5801CAA43F433EE308005AE4C40A5026FD19F2194700D02227568032E9CF90CF3802801639B10294497F867CC611F4683A9D3EE7E4C993BF7FE2C489AF1D3972643A994C54CF157EEE4F1F3F7EFCE1A3478F5E921E1F6883132B4099F467C8671C418F4E9E3CF9EEB0789D9E3A756A7AFAF4E9E9D9B36755CF157FEEF1E77FECD8B12F4D269317A6C7087239B10294497F867CC611F4285E791017AFE9A256F55F9B9B9B8F4C26933BD36304B99C5801CAA43F433EE3087A147F6DC1950765543C0E93C9E44C7A8C2097132B4099F467C8671C418FE2EFE0A70B59355CC5E3911E23C8E5C40A5026FD19F21947D0A3650384AF3CBE393DF991B74FEFF9D02F9FABF8DFF1B6743B95570204BAE0C40A5026FD19F21947D0A3650284271E7B687AF707DE3CFDF87BDFF08C8AB7C5FBD2ED55F31220D00527568032E9CF90CF38821E2D13203C70CF4D3BC283593D78CFCD3BB657CD4B8040179C5801CAA43F433EE3087AB44C80F0E7B7BE75477030AB785FBABD6A5E0204BAE0C40A5026FD19F21947D0A3650284BB27D7EC080E6615EF4BB757CD4B8040179C5801CAA43F433EE3087A244028AB040874C18915A04CFA33E4338EA047CB0408F15317D2E06056F1BE747BD5BC040874C18915A04CFA33E4338EA047CB0408F7DEF61B3B828359C5FBD2ED55F31220D00527568032E9CF90CF38821E2D13203CFAD027A6777FF097768407F1B6785FBABD6A5E0204BAE0C40A5026FD19F21947D0A3650284589FBBEB1D3B0284785BBA9DCA2B01025D7062052893FE0CF98C23E8D15201C29933D37B6FFFCD1D0142BC2DDEB7637BD5B8040874E0A2AD13EB45E91D000CCBC207F21947D0A3BD0284271E7B68FA99DBDEB6233C9855BC2F6E933E4E352B01022D8BA1C1A950576F7D15220014C4C207F21947D0A38501C29933D3CD7B8F4E3F79CB1B77840669C56DE2B6AE46C82F01022D9A8507B3D020FD1E808159F8403EE3087A342F40D8EBAA8345E56A84FC1220D0924561C1A2DB011880850FE4338EA047F3028465AE3A5854F1B1E9F3A9E54B80400BF60A09F6BA1F809E58F8403EE3087A342F40484381552B7D3EB57C0910C8B46C38B0EC760074C8C207F21947D0A37901821AAE04086458351458757B005A66E103F98C23E89100A1AC1220D050D330A0E9E3006881850FE4338EA0470284B24A804003B92140EEE30168C8C207F21947D02301425925406045CB2CFEE37B6A568B2CF33C00B4CCC207F21947D02301425925406005CB2EFA970910A2659F0F809658F8403EE3087A244028AB04082C6995C5FEB20142B4CAF30290C9C207F21947D02301425925406009AB2EF2570910A2559F1F80862C7C209F71043D122094550204F6D06471BF6A801035791D005664E103F98C23E89100A1AC1220B08BA68BFA260142D4F4F5005892850FE4338EA0470284B24A80C002398BF9A6014294F3BA00ECC1C207F21947D0230142592540608EDC457C4E8010E5BE3E000B58F8403EE3087A244028AB040824DA58BCE70608511BFB0140C2C207F21947D0230142592540609BB616ED6D0408515BFB03C0160B1FC8671C418F0408659500812D6D2ED6DB0A10A236F70B60F42C7C209F71043D122094550284F5114E66B786BA38BD7D096D2FD2DB0C10A2B6F70F60B42C7C209F71043D122094550284F5114F665BB54A90D0C5E2BCED0021EA623F0146C7C207F21947D0230142592540581FDB0284658384AE16E55D04085157FB0B301A163E90CF38821E0910CA2A01C2FA981320EC162474B918EF2A4088BADC6F80B567E103F98C23E89100A1AC1220AC8F39C1415AB320619945F8F61060A85AE4A20BF6DE7F00E6B0F0817CC611F448805056CD5964AA35AE7DFBF64D2FBCF0C278D2BB3A1D9B8974313F44ED26EE7F0C11BE39BD0380C5E2B920BD0D588D71043D12209455AE40581F6958B0AD6EDD78E6AF305C74C1DEFF829F2EE687A8452EBA60EFFD07600E0B1FC8671C418F4A0B102ED8B96839577DDD3F740910D6C712C1C176175DD0DD227CFB7BBD6D5DEE37C0DAB3F0817CC611F4A8C40061B7DBBABE7FE81220AC8F258383EDBA5A8C9F7B8F6F559BBADA5F80D1B0F0817CC611F4488030FFB6A14A80B03E56080EB6EB62517EEE3DBE556DE9623F0146C7C207F21947D02301C2FCDB862A010217B4BF383FF71EDFAA36B4BD7F00A365E103F98C23E8910061FE6D439500812D6D2ED2CFBDC7B72A579BFB05307A163E90CF38821E0910E6DF36540910D8A6ADC5FAB9F7F856E5686B7F00D862E103F98C23E8910061FE6D43950081441B8BF673EFF1AD6AAA8DFD002061E103F98C23E8518901C2BCEAEBFEA14B80C01C175D90B778DFFE5E6F22F7F50158C0C207F21947D0A3D20284B1970081057216F1390142CEEB02B0070B1FC8671C418F0408659500815D345DCC370D109ABE1E004BB2F0817CC611F4488050560910D84393457D9300A1C9EB00B0220B1FC8671C418F04086595008125ACBAB85F354058F5F90168C8C207F21947D02301425925406049AB2CF257091056795E003259F8403EE3087A244028AB0408AC60D9C5FEB201C2B2CF07404B2C7C209F71043D12209455020456B4CCA27F99006199E701A065163E90CF38821E0910CA2A01020DE42EFE731F0F4043163E90CF38821E0910CA2A01020D350D019A3E0E801658F8403EE3087A244028AB04086458350C58757B005A66E103F98C23E89100A1AC12209069D95060D9ED00E890850FE4338EA0470284B24A80400BF60A07F6BA1F809E58F8403EE3087A244028AB0408B4645148B0E876000660E103F98C23E89100A1AC1220D0A2342C48BF076060163E90CF38821E0910CA2A01022D9B8506576F7D151E0014C4C207F21947D0230142592540A003176D9D5885070085B1F0817CC611F4488050560910E882132B4099F467C8671C418F0408659500812E38B10294497F867CC611F4488050560910E882132B4099F467C8671C418F0408659500812E38B10294497F867CC611F4488050560910E882132B4099F467C8671C418F0408659500812E38B10294497F867CC611F4488050560910E882132B4099F467C8671C418F0408659500812E38B10294497F867CC611F4488050560910E882132B4099F467C8671C418F0408659500812E38B10294497F867CC611F4488050560910E882132B4099F467C8671C418F8E1C39F2F4E9D3A7772C6455FF158EC3C393C9E44C7A8C2097132B4099F467C8671C418F8E1F3FFEF0A953A7762C6655FF75FFFDF7DF30994CEE4C8F11E47262052893FE0CF98C23E8D1D1A3472F3976ECD8973637371F7125C230157EEE9BF7DD77DFEF4E2693CF877A617A8C2097132B4099F467C8671C41CFE2A235FECB77A8B3F177F055EF157FEEF1E72F3CA0134EAC0065D29F219F7104AC24348D5B350E58CCF8002893FE0CF98C236069A1615C1C9BC6565D9CDE0F38B102944A7F867CC611B0B4D9D5075B756B7A3FE0C40A502AFD19F21947C05292AB0F5C85000B38B10294497F867CC611B094E4EA035721C0024EAC0065D29F219F7104EC295E6930273C701502CCE1C40A5026FD19F21947C09EE295067382035721C01C4EAC0065D29F219F7104EC2A5E6130273448EBE2F47130564EAC0065D29F219F7104EC6A63F7AB0F66E52A04D8E2C40A5026FD19F21947C0CA340E58CCF8002893FE0CF98C2360651A072C667C0094497F867CC611B0328D0316333E00CAA43F433EE3085899C6018B191F0065D29F219F7104AC4CE380C58C0F8032E9CF90CF380256A671C062C6074099F467C8671C012BD3386031E303A04CFA33E4338E8095691CB098F1015026FD19F21947C0CA340E58CCF8002893FE0CF98C2360651A072C667C0094497F867CC611B0328D0316333E00CAA43F433EE3085899C6018B191F0065D29F219F7104AC4CE380C58C0F8032E9CF90CF380256A671C062C6074099F467C8671C012BD3386031E303A04CFA33E4338E8095691CB098F1015026FD19F21947C0CA340E58CCF8002893FE0CF98C2360651A072C667C0094497F867CC611B0328D0316333E00CAA43F433EE3085899C6018B191F0065D29F219F7104AC4CE380C5C6363EA6D3E9734E9E3CF9FB274E9CF8DA912347A693C944F55CE1E7FEF4F1E3C71F3E7AF4E825E9F101BE616CFD19BA601C012BD33860B1B18D8F93274FBE3B2C5EA7A74E9D9A9E3E7D7A7AF6EC59D573C59F7BFCF91F3B76EC4B93C9E485E93102CE1B5B7F862E1847C0CA340E586C6CE3235E791017AFE9A256F55F9B9B9B8F4C26933BD363049C37B6FE0C5D308E8095691CB0D8D8C647FCB505571E9451F1384C269333E93102CE1B5B7F862E1847C0CA340E586C6CE323FE0E7EBA9055C3553C1EE93102CE1B5B7F862E1847CC359D4E9F7DE2C489BFF38E77BCE3836F79CB5B1EF9855FF885D3AF7EF5AB9F8E6F982BAFBCF2C9ABAFBEFACBE1B6BFB8F6DA6B7FEDF2CB2F7F6EFA78D69BC6018B8D6D7C2C1B207CE5F1CDE9C98FBC7D7ACF877EF95CC5FF8EB7A5DBA9BC1220C06263EBCFD005E38867984EA717DE72CB2DFFF0CD6F7EF3D7AEB8E28AE975D75D37BDE38E3BA69FFDEC67A78F3EFAE8348A5FE3F7F1F678FFCB5FFEF2A75EFBDAD79E7CC52B5EF182F4F9584F1A072C36B6F1B14C80F0C4630F4DEFFEC09BA71F7FEF1B9E51F1B6785FBABD6A5E0204586C6CFD19BA601CF1D7EEB8E38E9FBDF6DA6B4F5F75D555D313274E4C9F7AEAA97381C15EE27671FBD7BDEE754FFECCCFFCCC9F1C3870E0BBD3E766BD681CB0D8D8C6C73201C203F7DCB4233C98D583F7DCBC637BD5BC0408B0D8D8FA3374C138225E75F0AC0F7CE003EF7AD5AB5E357DDFFBDE37FDFAD7BF9E66044B898F8B8F3F7CF8F0570E1E3CF863E9EBB03E340E586C6CE3639900E1CF6F7DEB8EE06056F1BE747BD5BC0408B0D8D8FA3374C1381AB9B0EE7FD68D37DEF8C7AF7EF5ABA79FFAD4A7D24CA091F83C575C71C5570F1D3AF4F2F4F5580F1A072C36B6F1B14C8070F7E49A1DC1C1ACE27DE9F6AA79091060B1B1F567E882713472F1CA832BAFBC721A3FC3BB4DF1F92EBFFCF227F6EFDFFFA3E96B523F8D03161BDBF8102094550204586C6CFD19BA601C8DD8EDB7DFFEB3313C68EBCA835478DEA72FBBECB2C7F6EDDBF73DE96B53378D03161BDBF8582640889FBA900607B38AF7A5DBABE6254080C5C6D69FA10BC6D14885F5FD85BFF22BBF723AFECD822EBDE73DEF79ECD0A143B7A4AF4FDD340E586C6CE3639900E1DEDB7E63477030AB785FBABD6A5E0204586C6CFD19BA601C8DD4FBDFFFFEEBE3A72D34FD8389CB8ACF7FC515577C61FFFEFD3F92EE03F5D23860B1B18D8F650284471FFAC4F4EE0FFED28EF020DE16EF4BB757CD4B80008B8DAD3F43178CA3110AEBFA67BFE94D6FFA5AFCE8C53E7CF8C31F7E3CBCD1FE71BA1FD44BE380C5C6363E960910627DEEAE77EC0810E26DE9762AAF0408D5FAE6F406DA37B6FE0C5D308E46E8F6DB6FFFDBAF78C52BA64F3DF554BAD6EF447C9D4B2FBDF4F17DFBF67D57BA2FD449E380C5C6363E960A10CE9C99DE7BFB6FEE0810E26DF1BE1DDBABC62540A8D245A14E6D7DA54363EBCFD005E368847EE7777E6772DD75D7A5EBFC4EBDE52D6FB9FBC08103AF4EF7853A691CB0D8D8C6C75E01C2138F3D34FDCC6D6FDB111ECC2ADE17B7491FA79A9500A13AB3F0E0EAADAF42840E8DAD3F43178CA311BAF6DA6BBFD0D7AF2FCC7CE8431FBA27BCD96E4CF7853A691CB0D8D8C6C7C200E1CC99E9E6BD47A79FBCE58D3B4283B4E236715B5723E49700A12AE99507E9F7B46C6CFD19BA601C8DD0CFFFFCCF9F3E79F264BAC6EFD4A73FFDE9FBC29BED23E9BE50278D03161BDBF8981720EC75D5C1A27235427E0910AAB1282C58743B2D185B7F862E18472374E595573EFDC52F7E315DE377EAD1471F7D22BCD91E4AF7853A691CB0D8D8C6C7BC006199AB0E16557C6CFA7C6AF912205461AF9060AFFB69686CFD19BA601C8DD04B5EF292E9934F3E99AEF13B155EEFCBF1CDA6D6A7D2F71570DED8C6C7BC00210D0556ADF4F9D4F2254028DEB2E1C0B2DBB182B1F567E882713442AF7AD5AB9EECFB0A842F7CE10B7FB1E10A046004C676629D1720A8E14A8050B455438155B7670FEBDA9F0F1F3EFCADE1FFEDC5070E1CF8F5F0F548A8CF85FAEAD63FFAC4AFF1FB235BF7BF386E9F3E072C6B5DC711BBF8B99FFBB92FF7FD3710FEECCFFEECAE0D7F03011881B19D580508659500A1584DC380A68F638E75EBCF070F1EFCB1F0FF7463A8B35B61C1B215B7BF313E3E7D4ED8CBBA8D2396F0C637BEF1337D7F0AC31FFCC11FDC141B55BA2F00EB666C2756014259254028526E0890FB78B6AC4B7F0E0BFF1F0AFF2F77CC09069AD41DF1F9D2D78045E2FB26BD8D35F796B7BCE5D7AEBBEEBA748DDFA9D7BCE635EF3B70E0C0ABD37D015837633BB10A10CA2A014271DA5AFCB7F53CA3567B7F3E7CF8F085613EFD0FC2FFC7D3691070D555574DDFF5AE774D3FFAD18F4E3FFBD9CFC63F607E6E0E1EBFC6EFE3EDF1FEB85DFAD8F87CF179E3F3A7AF09A9DAC7110D5C7EF9E5CFBDE28A2B9E0A92657E37C2EBFC6578A37D61DFBE7DDF95EE0BC0BA19DB895580505609108AD2F6A2BFEDE71B9D9AFB73D8F7E71E3C78F0E3DB17FE870E1D9A5E7FFDF5D3071F7C309D7EEF2A6E1F1F171F9F04097F1A5F277D6DD8AEE6714486D7BEF6B59FEBEBD7186EB8E186778637DA3F4EF701601D8DEDC42A4028AB0408C5E86AB1DFD5F38E42ADFDF9E0C183DF1BEAA1ED8BFDB7BEF5ADD3071E78209D76AF243E3E3E4F12223C105F2FDD0798A9751C91E915AF78C50B5EF7BAD73DF9F5AF7F3DED25AD0ACFFF407893DDBB7FFFFE1F49F701601D8DEDC42A4028AB040845E87A91DFF5F3AFAD1AFB73BC22607B7810AF1AB8E9A69BD2297796F87CC9D50871FEEE4A04E6AA711CD192D7BCE6357FF2BEF7BDEFE9B489B4E8E95FFDD55F7D7B7893BD2F7D6D807535B613AB00A1AC12200C6EFBE2FE59A15EBAF535C7BCE7112234505B7F8E7F9360FBAF2D5C7EF9E5D38F7DEC63E97CBB15F179E3F36F0B11FED4DF44609EDAC6112DDAB76FDFF78446F1C4A73EF5A9B487B4E28FFEE88F7E27BCC136E3EBA4AF0DB0AEC6766215209455028441A5E1C16F878AC7237E6D1A22ECF63C428415D5D69FB7FE60E25F5F79D0557830139F7FFB9508F1F5D37D82DAC6112D8B9FFFFAB297BDECABA74E9D4A7B4896FBEEBBEFE6F0E67A78FFFEFD3F9ABE26C03A1BDB8955805056091006932EE65F7AC1F945FFACD2C5FF32B68707B3BAEC195BEC7C5D7651537FDEFAA8C6A7668BF99B6FBE399D6E7722BECEEC35E3EBFB884752358D233A72E8D0A1975F7EF9E55F6EEB4A84AD2B0FE2EF6ABD2C7D2D807537B613AB00A1AC12200C62DE227EDEE27F951061DEE37F6BEBF6D4BCD7678E9AFA73D8D73B660BF9F8870EFB94FC61C53BD27D63DC6A1A4774285E29F09297BCE4B1F7BCE73D8F35FDC38AF10F266EFDCD83BF74E5013056633BB10A10CA2A0142EF765BBCCF0B01960911E63D6E517830B3DB7EB0A596FE1CE7D1B3057CFC9582DC4F5B58557CBDEDBFCA605ECF76B58C237A70E0C081EF0ECDE203575C71C5173EFCE10F3FFED4534FA5FD64AEB0DDA91B6EB8E15DE1CD746FA8F7C7E7499F1B602CC676621520945502845E2DB3689F1706EC1622CCDB7EAFF0606699FD19B55AFA73D8CF1B678BF7EBAFBF3E9D7AF722BEEE6C1FE2FEA4FBC878D5328EE851FCC8C5F0C6387EE9A5977EE99A6BAEF9E4912347EEFEF4A73FFDF9471E79E42BA19F3CF1577FF55727EFB9E79EBBFEF00FFFF03DAF7DED6BDF1FB67D246EEFA31A01C67762152094550284DEACB2589F170ACC0B11E66DB76C7830B3CA7E8D4E0DFDF9D0A143DF16F6F3EC6CF1DEF7D50733F175B7050867E37EA5FBCA38D5308E18C8BE7DFBBE2BBC41AE3C70E0C04DE1EB9D1BE73F13363691F8F5CEADDBAF8CDBA58F0518AB7539B186FF8F5B435D9CDE9E122094550284E52DFB1E9FA3C9227D5E38B03D449877FFAAE1C14C93FD1B85A1FBF3C183071F0B75557AFB76611F5FBC35DF9E5E75D555E9BABE57F1F567FB12F72BDD57C669E87104006B655D4EACDB268DBB2EB204086595006179CBBEC713398BF3792141FCFED9736E6F1A1ECCE4ECE7DA1ABA3FCFDE73BB0509E1FEB7CDB67BE73BDF99AEE97B155F7FDB38795BBAAF8CD3D0E30800D6CABA9C58B74D1A775D640910CA2A01C2F2967D8F6FD3C6A27C5E88F0E9E4FBDCF060A68DFD5D2B43F7E7F43D372F4808DF1F9DDD7FD75D77A56BFA5EC5D7DFB6AF47B7EF27E335F4380280B5B22E27D674A2BBAD9EB1C8122094550284E5CD796FCF7D8F6F6973313E2F44683B3C986973BFAB178F6F7A5B9FE6BCD7CED5F620217CFFF9D9ED274F9E4CD7F4BD8AAFBF6D3F3F9FFEFF304E438F2300582BEB72624D27B873EAD650170B10CA2A01C2F2E6BCA7D33AF71EBFA09B4578FCB585F4CA83F87DBCBD6D5DEC7F95E2714D6FEBD39CF7D8332A0609E1EB99D9F75FFCE217D3357DAFE2EB6FDBB72FA7FF3F8CD3D0E30800D64A3A215CF712209455E9F151ED5418DA57A7633DC36E5720CCFB7486365C9DFE3FA9F2EBC9279F4CD7F4BD8AAFBF6D7FBE9EBEA918A7F87E486F0300462E9DC86EAB5B37FC0A43B1E50A84E5CD796FCF7D8F5FD0EEBFE0CF0B0FD22B11DA0E11DADC7F32CC79AF9DABEDBFC210FFA57F76BB2B1028517C3FA4B7010023974E7037762EAACEE93240B860E7BFCE9EABBEEE4F2BDD2EDD3EBD7DFBFDB7DC72CBF4FBBEEFFBA6175E78E1F4F9CF7FFEF4A31FFDE88EE76FA30408CB5BF63DBEE5A20BF217E1F3C283F8370FE67D0A435B21421BFB4D4BD2F7DCBC3FA2B8E16F2050B8F87E486F0300466EC94555E701C26EB7757D7F5AF3EE5BF6F97EE0077E60FA4DDFF44DB305FEF4FBBFFFFB776CDB46091096B7EC7B7C9BB8086FBA185F141ECC428279F7E7860839FB4B0766EFB979C1C18C4F61A07402040060876517550284D59EEFBEFBEE3B77DBB77CCBB7ECD8B68D12202C6FD9F778222EC6575D94CF0B07E67DDAC2BCED9A86084DF6938EED161CCC84F7E4DB668BF677BEF39DE99ABE57F1F567FB12F72BDD57C64980000034264058EDF97EF1177FF1DC6D3FF9933FB963DB364A80D08BB8285F76713E2F1498171ECCCCDB7ED5106195FDA3306171F6E2D9A2FDAAABAE4AD7F4BD7AFDEB5FFFF4B600E1C5E9BE324E020400A03101C2F2CFF77BBFF77BD3673FFBD9D3EFFCCEEF9CDE7BEFBD3BB66DA30408BD5966913E2F0CD82D3C9899F7B865438465F68B821D3A74E8DBC202EDEC6CE1FEC0030FA4EBFA5EC4D7DD161E9C8DFB95EE2BE3244000001A5BD700217E9D557ADFBCEDD3FF4E6FBBEDB6DBA6CF79CE73A6CF7BDEF3CEFD61B274BBB64A80D0AB8B2E58BC589F17022C131ECCCC7BFC5E21C26EFB4345C202EDC6D9E2FDFAEBAF4FD7F6BD88AFBB2D40B831DD47C64B80000034B6AE01C2BC9A77DFB2CFF78217BC60FAE33FFEE3D3C71F7F7CC7366D9600A1778B16ED2FBDE0998BFF55C283997921C265CFD8E21B16ED0715DABF7FFF8FCE16EF870E1DEAFD2A84F87A070F1EFCEB5F5F88FB93EE23E3254000001AEB3A4098577DDD9F56BA5DBA7D7AFBF6FBBFE33BBEE319B7BDE94D6FDAF1FC6D94006110175DB073F1BE7DF1DF243C9859E679E6BD3E950B8BB43B660BF8B7BEF5ADE91ABF53F1F5B65D7D7047BA6F8C9B00010068ACCB0041AD5E0284C1CC5BC4C7C57EBC6260DEA27F15BB3DCFBCD7650D1C3C78F087C242EDA9D942FEE69B6F4ED7F99D88AFB32D3C782AEE47BA6F8C9B000100684C805056091006D5F762BEEFD7A367070E1CF807B3C57CFC55868F7DEC63E97ABF55F1F9B7FFEA427CFD749F4080000034264028AB040883EB6B51DFD7EB30A0C3870F5F18166B7F3A5BD05F7EF9E59D8508F179C3EBFDF5150FF175E3EBA7FB04020400A03101425925402842D78BFBAE9F9F8284C5DA73433DB0FD4A849B6EBA295DFF6789CFB7FDCA83ADD77B6EBA2F1009100080C60408659500A1185D2DF2BB7A5E0A1616F7DFBB3D448815FFD061EEA733C4C7277F30F15C78105F2FDD0798112000008D0910CA2A014251DA5EECB7FD7C54245E11B0B1EDD71962C5AB11AEBFFEFAE9830F3E986603BB8ADBC7C725571D9CFBB585F83AE96BC376020400A0310142592540284E5B8BFEB69E878AC5BF49B0F58715D385FFF4AAABAE9ABEEB5DEF9A7EF4A31F9D7EF6B39F9D3EFAE8A3E7C282F8357E1F6F8FF7BFFEF5AFDFF1D8F87CF179FDCD0396214000001A13209455028422E52EFE731FCF9AD9FA88C73BE604014DEA0E1FD5C82AE2FB26BD0D0060290284B24A8050ACA62140D3C7310261E1FF6361317763A8B3738281DD2A6E7F637C7CFA9CB017010200D09800A1AC1220146DD53060D5ED19A9C3870F7F6B58D4BDF8C08103BF1EBE1E09F5B9505FDD0A0BE2D7F8FD91ADFB5F1CB74F9F0396254000001A132094550284E22D1B0A2CBB1D40AF04080040630284B24A805085BDC281BDEE07188C000100684C8050560910AAB1282458743B401104080040630284B24A805095342C48BF07288E000100684C8050560910AA330B0DAEDEFA2A3C008A264000001A1320945502842A5DB43521171E00C5132000008D0910CA2A01429D4CC8815AE8570040630284B24A8050271372A016FA1500D09800A1AC1220D4C9841CA8857E050034264028AB0408753221076AA15F01008D0910CA2A01429D4CC8815AE8570040630284B24A8050271372A016FA1500D09800A1AC1220D4C9841CA8857E050034264028AB0408753221076AA15F01008D0910CA2A01429D4CC8815AE8570040630284B24A8050271372A016FA1500D09800A1AC1220D4C9841CA8857E05003476E4C891A74F9F3EBD6321ABFAAF701C1E9E4C2667D26344F94CC8815AE857004063C78F1F7FF8D4A9533B16B3AAFFBAFFFEFB6F984C2677A6C788F2999003B5D0AF0080C68E1E3D7AC9B163C7BEB4B9B9F9882B1186A9F073DFBCEFBEFB7E7732997C3ED40BD36344F94CC8815AE857004096B8688DFFF21DEA6CFC1D7CD57BC59F7BFCF90B0F2A65420ED442BF02008001999003B5D0AF0000604026E4402DF42B000018900939500BFD0A00000664420ED442BF02008001999003B5D0AF0000604026E4402DF42B000018900939500BFD0A00000664420ED442BF02008001999003B5D0AF0000604026E4402DF42B000018900939500BFD0A00000664420ED442BF02008001999003B5D0AF0000604026E4402DF42B000018900939500BFD0A00000664420ED442BF02008001999003B5D0AF0000604026E4402DF42B000018900939500BFD0A00000664420ED442BF02008001999003B5D0AF0000604026E4402DF42B000018900939500BFD0A00000664420ED442BF02008001999003B5D0AF0000604026E4402DF42B000018900939500BFD0A00000664420ED442BF02008001999003B5D0AF0000604026E4402DF42B000018900939500BFD0A00000664420ED442BF02008001999003B5D0AF0000604026E4402DF42B000018900939500BFD0A00000664420ED442BF02008001999003B5D0AF0000604026E4402DF42B000018900939500BFD0A00000664420ED442BF02008001999003B5D0AF0000604026E4402DF42B000018900939500BFD0A00000664420ED442BF02008001999003B5D0AF0000604026E4402DF42B000018900939500BFD0A00000664420ED442BF02008001999003B5D0AF0000604026E4402DF42B000018900939500BFD0A00000664420ED442BF02008001999003B5D0AF0000604026E4402DF42B000018900939500BFD0A00000664420ED442BF02008001999003B5D0AF0000604026E4402DF42B000018900939500BFD0A00000664420ED442BF02008001999003B5D0AF0000604026E4402DF42B000018900939500BFD0A00000664420ED442BF02008001999003B5D0AF0000604026E4402DF42B000018900939500BFD0A00000664420ED442BF02008001999003B5D0AF0000604026E4402DF42B000018900939500BFD0A00000664420ED442BF02008001999003B5D0AF0000604026E4402DF42B000018900939500BFD0A00000664420ED442BF02008001999003B5D0AF0000604026E4402DF42B000018900939500BFD0A00000664420ED442BF02008001999003B5D0AF0000604026E4402DF42B000018900939500BFD0A00000664420ED442BF02008001999003B5D0AF0000604026E4402DF42B000018900939500BFD0A00000664420ED442BF02008001999003B5D0AF0000604026E4402DF42B000018900939500BFD0A00000664420ED442BF02008001999003B5D0AF0000604026E4402DF42B000018900939500BFD0A00000664420ED442BF02008001999003B5D0AF0000604026E4402DF42B000018900939500BFD0A00000664420ED442BF02008001999003B5D0AF0000604026E4402DF42B000018900939500BFD0A00000664420ED442BF02008001999003B5D0AF0000604026E4402DF42B000018900939500BFD0A00000664420ED442BF02008001999003B5D0AF0000604026E4402DF42B000018900939500BFD0A00000664420ED442BF02008001999003B5D0AF0000604026E4402DF42B000018900939500BFD0A00000664420ED442BF02008001999003B5D0AF0000604026E4402DF42B000018900939500BFD0A00000664420ED442BF02008001999003B5D0AF0000604026E4402DF42B000018900939500BFD0A00000664420ED442BF02008001999003B5D0AF0000604026E4402DF42B000018900939500BFD0A00000664420ED442BF02008001999003B5D0AF0000604026E4402DF42B000018900939500BFD0A00000664420ED442BF02008001999003B5D0AF0000604026E4402DF42B000018900939500BFD0A00000664420ED442BF02008001999003B5D0AF0000604026E4402DF42B000018900939500BFD0A00000664420ED442BF02008001999003B5D0AF0000604026E4402DF42B000018900939500BFD0A00000664420ED442BF02008001999003B5D0AF0000604026E4402DF42B000018900939500BFD0A00000664420ED442BF02008001999003B5D0AF0000604026E4402DF42B000018900939500BFD0A00000664420ED442BF02008001999003B5D0AF0000604026E4402DF42B000018900939500BFD0A00000664420ED442BF02008001999003B5D0AF0000604026E4402DF42B000018900939500BFD0A00000664420ED442BF02008001999003B5D0AF0000604026E4402DF42B000018900939500BFD0A00000664420ED442BF02008001999003B5D0AF0000604026E4402DF42B000018900939500BFD0A00000664420ED442BF02008001999003B5D0AF0000604026E4402DF42B000018900939500BFD0A00000664420ED442BF02008001999003B5D0AF0000604026E4402DF42B000018900939500BFD0A00000664420ED442BF02008001999003B5D0AF0000604026E4402DF42B000018900939500BFD0A00000664420ED442BF02008001999003B5D0AF0000604026E4402DF42B000018900939500BFD0A00000664420ED442BF02008001999003B5D0AF0000604026E4402DF42B000018900939500BFD0A00000664420ED442BF02008001999003B5D0AF0000604026E4402DF42B000018900939500BFD0A00000664420ED442BF02008001999003B5D0AF0000604026E4402DF42B000018900939500BFD0A00000664420ED442BF02008001999003B5D0AF0000604026E4402DF42B000018900939500BFD0A00000664420ED442BF02008001999003B5D0AF0000604026E4402DF42B000018900939500BFD0A00000664420ED442BF02008001999003B5D0AF0000604026E4402DF42B000018900939500BFD0A00000664420ED442BF02008001999003B5D0AF000060407142AE9452B554DAC3000000000000000000000000000080FFBF3D38240000000010F4FFB523AC000000000000000000000000000000000000000000000C01622906F1416139C50000000049454E44AE426082, 1);
INSERT INTO `act_ge_bytearray` VALUES ('de738620-3cc6-11f1-8b52-52284ac9a333', 1, 'process_4.bpmn20.xml', 'de73861f-3cc6-11f1-8b52-52284ac9a333', 0x3C3F786D6C2076657273696F6E3D22312E302220656E636F64696E673D225554462D38223F3E0A3C646566696E6974696F6E7320786D6C6E733D22687474703A2F2F7777772E6F6D672E6F72672F737065632F42504D4E2F32303130303532342F4D4F44454C2220786D6C6E733A7873693D22687474703A2F2F7777772E77332E6F72672F323030312F584D4C536368656D612D696E7374616E63652220786D6C6E733A62706D6E64693D22687474703A2F2F7777772E6F6D672E6F72672F737065632F42504D4E2F32303130303532342F44492220786D6C6E733A6F6D6764633D22687474703A2F2F7777772E6F6D672E6F72672F737065632F44442F32303130303532342F44432220786D6C6E733A62696F633D22687474703A2F2F62706D6E2E696F2F736368656D612F62706D6E2F62696F636F6C6F722F312E302220786D6C6E733A64693D22687474703A2F2F7777772E6F6D672E6F72672F737065632F44442F32303130303532342F44492220786D6C6E733A666C6F7761626C653D22687474703A2F2F666C6F7761626C652E6F72672F62706D6E2220786D6C6E733A7873643D22687474703A2F2F7777772E77332E6F72672F323030312F584D4C536368656D6122207461726765744E616D6573706163653D22687474703A2F2F7777772E666C6F7761626C652E6F72672F70726F63657373646566223E0A20203C70726F636573732069643D2270726F636573735F66796A797072677022206E616D653D226E616D655F6962693375306C672220666C6F7761626C653A70726F6365737343617465676F72793D22666F726D5F31303031223E0A202020203C73746172744576656E742069643D2273746172744E6F64653122206E616D653D22E5BC80E5A78B223E0A2020202020203C6F7574676F696E673E466C6F775F30777A396C6D373C2F6F7574676F696E673E0A202020203C2F73746172744576656E743E0A202020203C73657175656E6365466C6F772069643D22466C6F775F30777A396C6D372220736F757263655265663D2273746172744E6F64653122207461726765745265663D2241637469766974795F30636F73686A6E22202F3E0A202020203C6578636C7573697665476174657761792069643D22476174657761795F30667564733066223E0A2020202020203C696E636F6D696E673E466C6F775F303374307078643C2F696E636F6D696E673E0A2020202020203C6F7574676F696E673E466C6F775F3169687569787A3C2F6F7574676F696E673E0A2020202020203C6F7574676F696E673E466C6F775F306D6A687A75773C2F6F7574676F696E673E0A202020203C2F6578636C7573697665476174657761793E0A202020203C73657175656E6365466C6F772069643D22466C6F775F303374307078642220736F757263655265663D2241637469766974795F30636F73686A6E22207461726765745265663D22476174657761795F3066756473306622202F3E0A202020203C73657175656E6365466C6F772069643D22466C6F775F3169687569787A2220736F757263655265663D22476174657761795F3066756473306622207461726765745265663D2241637469766974795F31396A36367864223E0A2020202020203C636F6E646974696F6E45787072657373696F6E207873693A747970653D2274466F726D616C45787072657373696F6E223E247B6F7574636F6D653D3D2027415050524F5645277D3C2F636F6E646974696F6E45787072657373696F6E3E0A202020203C2F73657175656E6365466C6F773E0A202020203C6578636C7573697665476174657761792069643D22476174657761795F30646F6F377477223E0A2020202020203C696E636F6D696E673E466C6F775F31336E716F77703C2F696E636F6D696E673E0A2020202020203C6F7574676F696E673E466C6F775F30743879796C683C2F6F7574676F696E673E0A2020202020203C6F7574676F696E673E466C6F775F3066306D7669763C2F6F7574676F696E673E0A202020203C2F6578636C7573697665476174657761793E0A202020203C73657175656E6365466C6F772069643D22466C6F775F31336E716F77702220736F757263655265663D2241637469766974795F31396A3636786422207461726765745265663D22476174657761795F30646F6F37747722202F3E0A202020203C73657175656E6365466C6F772069643D22466C6F775F306D6A687A75772220736F757263655265663D22476174657761795F3066756473306622207461726765745265663D2241637469766974795F30726338636C69223E0A2020202020203C636F6E646974696F6E45787072657373696F6E207873693A747970653D2274466F726D616C45787072657373696F6E223E247B6F7574636F6D653D3D202752454A454354277D3C2F636F6E646974696F6E45787072657373696F6E3E0A202020203C2F73657175656E6365466C6F773E0A202020203C73657175656E6365466C6F772069643D22466C6F775F317134306778632220736F757263655265663D2241637469766974795F30726338636C6922207461726765745265663D2241637469766974795F30636F73686A6E22202F3E0A202020203C73657175656E6365466C6F772069643D22466C6F775F30743879796C682220736F757263655265663D22476174657761795F30646F6F37747722207461726765745265663D2241637469766974795F30726338636C69223E0A2020202020203C636F6E646974696F6E45787072657373696F6E207873693A747970653D2274466F726D616C45787072657373696F6E223E247B6F7574636F6D653D3D202752454A454354277D3C2F636F6E646974696F6E45787072657373696F6E3E0A202020203C2F73657175656E6365466C6F773E0A202020203C656E644576656E742069643D224576656E745F31796965717068223E0A2020202020203C696E636F6D696E673E466C6F775F3066306D7669763C2F696E636F6D696E673E0A202020203C2F656E644576656E743E0A202020203C73657175656E6365466C6F772069643D22466C6F775F3066306D7669762220736F757263655265663D22476174657761795F30646F6F37747722207461726765745265663D224576656E745F31796965717068223E0A2020202020203C636F6E646974696F6E45787072657373696F6E207873693A747970653D2274466F726D616C45787072657373696F6E223E247B6F7574636F6D653D3D2027415050524F5645277D3C2F636F6E646974696F6E45787072657373696F6E3E0A202020203C2F73657175656E6365466C6F773E0A202020203C757365725461736B2069643D2241637469766974795F30636F73686A6E22206E616D653D22E4B880E7BAA7E5AEA1E689B92220666C6F7761626C653A666F726D4B65793D22417070726F76653A4C6576656C312220666C6F7761626C653A63616E64696461746547726F7570733D222220666C6F7761626C653A61737369676E65653D2232223E0A2020202020203C646F63756D656E746174696F6E3EE4B880E7BAA7E5AEA1E689B93C2F646F63756D656E746174696F6E3E0A2020202020203C696E636F6D696E673E466C6F775F30777A396C6D373C2F696E636F6D696E673E0A2020202020203C696E636F6D696E673E466C6F775F317134306778633C2F696E636F6D696E673E0A2020202020203C6F7574676F696E673E466C6F775F303374307078643C2F6F7574676F696E673E0A202020203C2F757365725461736B3E0A202020203C757365725461736B2069643D2241637469766974795F31396A3636786422206E616D653D22E4BA8CE7BAA7E5AEA1E689B92220666C6F7761626C653A666F726D4B65793D22417070726F76653A4C6576656C322220666C6F7761626C653A63616E64696461746555736572733D22312C32223E0A2020202020203C696E636F6D696E673E466C6F775F3169687569787A3C2F696E636F6D696E673E0A2020202020203C6F7574676F696E673E466C6F775F31336E716F77703C2F6F7574676F696E673E0A202020203C2F757365725461736B3E0A202020203C757365725461736B2069643D2241637469766974795F30726338636C6922206E616D653D22E8BF94E59B9EE5A1ABE58699223E0A2020202020203C696E636F6D696E673E466C6F775F306D6A687A75773C2F696E636F6D696E673E0A2020202020203C696E636F6D696E673E466C6F775F30743879796C683C2F696E636F6D696E673E0A2020202020203C6F7574676F696E673E466C6F775F317134306778633C2F6F7574676F696E673E0A202020203C2F757365725461736B3E0A20203C2F70726F636573733E0A20203C62706D6E64693A42504D4E4469616772616D2069643D2242504D4E4469616772616D5F666C6F77223E0A202020203C62706D6E64693A42504D4E506C616E652069643D2242504D4E506C616E655F666C6F77222062706D6E456C656D656E743D2270726F636573735F66796A7970726770223E0A2020202020203C62706D6E64693A42504D4E456467652069643D22466C6F775F3066306D7669765F6469222062706D6E456C656D656E743D22466C6F775F3066306D766976223E0A20202020202020203C64693A776179706F696E7420783D223733352220793D2232313022202F3E0A20202020202020203C64693A776179706F696E7420783D223830392220793D2232313022202F3E0A20202020202020203C64693A776179706F696E7420783D223830392220793D2232323022202F3E0A20202020202020203C64693A776179706F696E7420783D223930322220793D2232323022202F3E0A2020202020203C2F62706D6E64693A42504D4E456467653E0A2020202020203C62706D6E64693A42504D4E456467652069643D22466C6F775F30743879796C685F6469222062706D6E456C656D656E743D22466C6F775F30743879796C68223E0A20202020202020203C64693A776179706F696E7420783D223731302220793D2232333522202F3E0A20202020202020203C64693A776179706F696E7420783D223731302220793D2234363022202F3E0A20202020202020203C64693A776179706F696E7420783D223430302220793D2234363022202F3E0A2020202020203C2F62706D6E64693A42504D4E456467653E0A2020202020203C62706D6E64693A42504D4E456467652069643D22466C6F775F317134306778635F6469222062706D6E456C656D656E743D22466C6F775F31713430677863223E0A20202020202020203C64693A776179706F696E7420783D223330302220793D2234363022202F3E0A20202020202020203C64693A776179706F696E7420783D223137302220793D2234363022202F3E0A20202020202020203C64693A776179706F696E7420783D223137302220793D2232373022202F3E0A2020202020203C2F62706D6E64693A42504D4E456467653E0A2020202020203C62706D6E64693A42504D4E456467652069643D22466C6F775F306D6A687A75775F6469222062706D6E456C656D656E743D22466C6F775F306D6A687A7577223E0A20202020202020203C64693A776179706F696E7420783D223335302220793D2232323522202F3E0A20202020202020203C64693A776179706F696E7420783D223335302220793D2234323022202F3E0A2020202020203C2F62706D6E64693A42504D4E456467653E0A2020202020203C62706D6E64693A42504D4E456467652069643D22466C6F775F31336E716F77705F6469222062706D6E456C656D656E743D22466C6F775F31336E716F7770223E0A20202020202020203C64693A776179706F696E7420783D223537302220793D2232313022202F3E0A20202020202020203C64693A776179706F696E7420783D223638352220793D2232313022202F3E0A2020202020203C2F62706D6E64693A42504D4E456467653E0A2020202020203C62706D6E64693A42504D4E456467652069643D22466C6F775F3169687569787A5F6469222062706D6E456C656D656E743D22466C6F775F3169687569787A223E0A20202020202020203C64693A776179706F696E7420783D223337352220793D2232303022202F3E0A20202020202020203C64693A776179706F696E7420783D223432332220793D2232303022202F3E0A20202020202020203C64693A776179706F696E7420783D223432332220793D2232313022202F3E0A20202020202020203C64693A776179706F696E7420783D223437302220793D2232313022202F3E0A2020202020203C2F62706D6E64693A42504D4E456467653E0A2020202020203C62706D6E64693A42504D4E456467652069643D22466C6F775F303374307078645F6469222062706D6E456C656D656E743D22466C6F775F30337430707864223E0A20202020202020203C64693A776179706F696E7420783D223234302220793D2232333022202F3E0A20202020202020203C64693A776179706F696E7420783D223238332220793D2232333022202F3E0A20202020202020203C64693A776179706F696E7420783D223238332220793D2232303022202F3E0A20202020202020203C64693A776179706F696E7420783D223332352220793D2232303022202F3E0A2020202020203C2F62706D6E64693A42504D4E456467653E0A2020202020203C62706D6E64693A42504D4E456467652069643D22466C6F775F30777A396C6D375F6469222062706D6E456C656D656E743D22466C6F775F30777A396C6D37223E0A20202020202020203C64693A776179706F696E7420783D2233352220793D2232323022202F3E0A20202020202020203C64693A776179706F696E7420783D2238332220793D2232323022202F3E0A20202020202020203C64693A776179706F696E7420783D2238332220793D2232333022202F3E0A20202020202020203C64693A776179706F696E7420783D223134302220793D2232333022202F3E0A2020202020203C2F62706D6E64693A42504D4E456467653E0A2020202020203C62706D6E64693A42504D4E53686170652069643D2242504D4E53686170655F73746172744E6F646531222062706D6E456C656D656E743D2273746172744E6F646531222062696F633A7374726F6B653D22223E0A20202020202020203C6F6D6764633A426F756E647320783D22352220793D22323035222077696474683D22333022206865696768743D22333022202F3E0A20202020202020203C62706D6E64693A42504D4E4C6162656C3E0A202020202020202020203C6F6D6764633A426F756E647320783D22382220793D22323432222077696474683D22323222206865696768743D22313422202F3E0A20202020202020203C2F62706D6E64693A42504D4E4C6162656C3E0A2020202020203C2F62706D6E64693A42504D4E53686170653E0A2020202020203C62706D6E64693A42504D4E53686170652069643D22476174657761795F306675647330665F6469222062706D6E456C656D656E743D22476174657761795F30667564733066222069734D61726B657256697369626C653D2274727565223E0A20202020202020203C6F6D6764633A426F756E647320783D223332352220793D22313735222077696474683D22353022206865696768743D22353022202F3E0A2020202020203C2F62706D6E64693A42504D4E53686170653E0A2020202020203C62706D6E64693A42504D4E53686170652069643D22476174657761795F30646F6F3774775F6469222062706D6E456C656D656E743D22476174657761795F30646F6F377477222069734D61726B657256697369626C653D2274727565223E0A20202020202020203C6F6D6764633A426F756E647320783D223638352220793D22313835222077696474683D22353022206865696768743D22353022202F3E0A2020202020203C2F62706D6E64693A42504D4E53686170653E0A2020202020203C62706D6E64693A42504D4E53686170652069643D224576656E745F317969657170685F6469222062706D6E456C656D656E743D224576656E745F31796965717068223E0A20202020202020203C6F6D6764633A426F756E647320783D223930322220793D22323032222077696474683D22333622206865696768743D22333622202F3E0A2020202020203C2F62706D6E64693A42504D4E53686170653E0A2020202020203C62706D6E64693A42504D4E53686170652069643D2241637469766974795F31777274346D645F6469222062706D6E456C656D656E743D2241637469766974795F30636F73686A6E223E0A20202020202020203C6F6D6764633A426F756E647320783D223134302220793D22313930222077696474683D2231303022206865696768743D22383022202F3E0A2020202020203C2F62706D6E64693A42504D4E53686170653E0A2020202020203C62706D6E64693A42504D4E53686170652069643D2241637469766974795F316B32637378685F6469222062706D6E456C656D656E743D2241637469766974795F31396A36367864223E0A20202020202020203C6F6D6764633A426F756E647320783D223437302220793D22313730222077696474683D2231303022206865696768743D22383022202F3E0A2020202020203C2F62706D6E64693A42504D4E53686170653E0A2020202020203C62706D6E64693A42504D4E53686170652069643D2241637469766974795F306170737671345F6469222062706D6E456C656D656E743D2241637469766974795F30726338636C69223E0A20202020202020203C6F6D6764633A426F756E647320783D223330302220793D22343230222077696474683D2231303022206865696768743D22383022202F3E0A2020202020203C2F62706D6E64693A42504D4E53686170653E0A202020203C2F62706D6E64693A42504D4E506C616E653E0A20203C2F62706D6E64693A42504D4E4469616772616D3E0A3C2F646566696E6974696F6E733E0A, 0);
INSERT INTO `act_ge_bytearray` VALUES ('de97d701-3cc6-11f1-8b52-52284ac9a333', 1, 'process_4.process_fyjyprgp.png', 'de73861f-3cc6-11f1-8b52-52284ac9a333', 0x89504E470D0A1A0A0000000D49484452000003B4000001FE0806000000AC9B428D00002ED349444154785EEDDD0DBC64657D1FF0C526C698B4314DD336B5364D4D9AB7A6499B364DD2B46C5293D458B449999D9DBB2EECEA226040494334A51A17B16930B649E35B494C8D460CD516051A04619775832C41886FA022610179D9AC808018771781E9F3E08E9FEB73CFBDF7DCB933E7FCCFCCF7FBF9FC3F977DE6CCCCD93B3BFFE7FFE3DC970D1B00000000000000000000000000000000000000000000000000000000000000000000000000000000000000000000000000000000000000000000000000000000000000000000000000000000000000000000000000000000000000000000000000000000000000000000000000000000000000000000000000000000000000000000000000000000000000000000000000000000000000000000000000000000000000000000000000000000000000000000000000000000000000000000000000000000000000000000000000000000000000000000000000000000000000000000000000000000000000000000000000000000000000000000000000000000000000000000000000000000000000000000000000000000000000000000000000000000000000000000000000000000000000000000000000000000000000000000000000000000000000000000000000000000000000000000000000000000000000000000000000000000000000000000000000000000000000000000000000000000000000000000000000000000000000000000000000000000000000000000000000000000000000000000000000000000000000000000000000000000000000000000000000000000000000000000000000000000000000000000000000000000000000000000000000000000000000000000000000000000000000000000000000000000000000000000000000000000000000000000000000000000000000000000000000000000000000000000000000000000000000000000000000000000000000000000000000000000000000000000000000000000000000000000000000000000000000000000000000002094E170F8E4FDFBF7BF6BDFBE7D8FECDAB56B78C51557A8862B7DDE1FDFBB77EF3DBB77EF7E5EF9FA000000B08C1466DF9DC2D4F0E0C183C343870E0D8F1C39A21AAEFC79CF9FFF3D7BF63C9402EE73CAD7080000800AF9CA6C0E5365C852CDD7810307EE4B81F6BAF235020000A042FE3263576663547E1D52A03D5CBE460000C0F89E5A2E303BF2F77096C14AB557F9F5285F230000603CC7A63A78F42333A86EA0FDC2830786FB3FF4D6E14D57BEFA89CAFF9DD7CAE3D4FA4AA0050080C91885D9338F7E146A67509D40FBF003770F6FBCFC95C38FFEF1AF7C55E5B57C5B79BC1ABF045A000058BFF2CA6CF96766449D407BE74D172F09B3A3BAEBA64B961CAFC62F81160000D667B9F0BADC3A1D5627D07EF2AA739704D951E5DBCAE3D5F825D00200C0F8560BADABDD4EC7D409B4375EB17349901D55BEAD3C5E8D5F022D00008CA76E58AD7B1C1D20D0C62A81160000D66EAD2175ADC713549D409B7FAA71196447956F2B8F57E397400B00006B336E381DF77E045227D0DEF2C1372C09B2A3CAB795C7ABF14BA0050080FAD61B4AD77B7F5A5627D0DE7FF7C78637BEFF554BC26C5ECBB795C7ABF14BA00500807A26154627F538B4A04EA0CD75DBF56F5F1268F35A799C5A5F09B4ACD153CB0500807930E9103AE9C7A321B502EDE1C3C35BAE79F392409BD7F26D4B8E57639740CB1AE8BB00C05C9AD61034ADC7658A560BB40F3F70F7F0D31F7CFD92303BAA7C5B3EA6BC9F1AAF045A6A1AF5DB338F7ED4770180B930EDD039EDC767C2960DB4870F0F0FDCB27BF8F1CBCE5A1262CBCAC7E4635DAD5D7F09B4D450F6D9F2CF00003369F1D0734CAA138F7E5C8FAAC7315C754855A05DEDAAEC72E56AEDFA4BA06515CBF5D7E5D60100664219667F3F551E9CF3C77143ED4A8F63B8EA88AA405BE7AAEC7295EF5B3E9EAA5F022D2B58ADAFAE763B005D331C0E9FBC7FFFFE77EDDBB7EF915DBB763D3128A8662B7DDE1FDFBB77EF3DBB77EF7E5EF9FAD09872C83971C39743E8A8CA305AC7E2303BAA13BEEA88A5CF4B40F97D5A86AA32A4AEB5CAC753F52BBF1EE56B041BEAF7D3BAC701D00529CCBE3B85A9E1C1830787870E1D5A3238A8E957FEBCE7CFFF9E3D7B1E4A83DA73CAD788A9AB1A6EAAC2E85A426DD5FDDF7274BD54F5FC04521568557B25D05261AD7D74ADC7031055BE329BC3543930A8E6EBC08103F7A541EDBAF23562AA561A6AAA42699D505B75BFE5C2ECC84AE741CB04DA5825D05218B77F8E7B3F0022C95F66ECCA6C8CCAAF431AD40E97AF1153536798A90AA72B85DAAAE3570BB32375CE871608B4B14AA06591F5F6CDF5DE1F80B619D4629541AD316B1962AA426A55A8AD3AAE6E981D59CB79D1107D3256E9931C35A97E39A9C701A00D7507B52F3C7860B8FF436F1DDE74E5AB9FA8FCDF79AD3C4EADAF0C6AF56DDEBCF9AA541BCBF51AC6195EAAC2EAE2505B75FB5AC3ECC838E7C714D5ED93AA99D227D930F93E39E9C703A0297506B5FC3B136FBCFC954B7E4A675EF3FB14275B06B5FA52981D1EADB504DBF50C2D55A135FFF94915EBE386D991F59C271356A74FAAE64A9F9C7BD3EA8FD37A5C00A6A9CEA076E74D172F09B3A3BAEBA64B961CAFC62F835A7D8B026DDD603B8961A52AD4DE5CFC79BD61766412E7CB04D4E993AAB9D227E7DAB4FBE2B41F1F8049AB33A87DF2AA739704D951E5DBCAE3D5F86550ABAF22D0AE146C2739A45485DA4987D991499E3763AAD3275573A54FCEADC5FD30F7D9138F7E5C8FAAC7D17701BAA4CEA076E3153B9704D951E5DBCAE3D5F86550ABAF22C896350AB6D3184EF29719975766F39FF3FAA44DE3FC59833A7D523557FAE45C2AC3ECE87F2A56FD80BEBA567A1C7D17A02BEA0C6A026D73D5A541AD224086AD74BA6796E7BF0E2B5DA12D87A24939B3FC3B75B1CABF5457D4E993AAB9EA529F6422CA7079E286F5F7DDAA3E7EC2571DB1F4790188A8CEA0967FAA71196447956F2B8F57E3579706B5B6034A199616D5559BBFFA4B8E273994540D41E595DA7186AB954CF2FC5BD3F6BF97F5A8D3275573D5A53EC9BA55F5BFAA3EBC96BE5B75FFE5BE5DA4EAF961666DDBB6ED6969BF3EBEDFEFFF4EFAB82BD56DA9BE7874BECA1FF39F771DBDFDF87C7CF918D0B83A83DA2D1F7CC392203BAA7C5B79BC1ABFBA34A8B51D508A105B1564179BC450B2DC1054F5538ED7325CAD6412E71D42DBFF5ED6A34E9F54CD5597FA24EBB252FFABEAC775FA6ED5FD960BB3232B9D07CC84C160F0D3699FBE30D5918AF96AA5CAC75F98EF5F3E2634A6CEA076FFDD1F1BDEF8FE572D09B3792DDF561EAFC6AF2E0D6A6D079445CD74A520BBD87A8692D586A0AADBEB0C572B59CFF986D3F6BF97F5A8D3275573D5A53EC9D8EAF4BFB5F6DDAAE3570BB32375CE073A2705D11F4BFBF3B51541759CBA363F5EF91C30757507B5DBAE7FFB92409BD7CAE3D4FAAA4B835A6E5EE55A9336D70FB28B8D3394D41D82AA8E5B69B85AC938E7195ADBFF5ED6A36E9F54CD5497FA2463594BFFABDB77AB8EABEAE32B59CB794168DBB66D7B4ABFDF7F63DA9B1F2F83E919679C313CFFFCF38737DC70C3F0D65B6F1DDE7FFFFDC32C7FCC7FCEEBF9F67C5C79DFFC78F971F3E397CFD988749E4FDAB76FDF2FBCFDED6F7FFFD9679F7DDFCB5FFEF243A79E7AEA137FC9534E39E54B679E79E6E7D3DA9F9F73CE39AFDBBE7DFB33CAFBD34DB506B5C38787B75CF3E6258136AFE5DB961CAFC6AE2E0D6A1D0E286B194AD63A04551D5F355CAD642DE7D71911FFBDD4FD9F22B5FAA46AACBAD427E755DDF7568571FADF6A7DB7EAF695FAF84AC6393F0825BD379F31180C3EBA38882E2C2C0CCF3BEFBCE15D77DDF54478AD2B1F9FEF97EF5F04DB8FE4E7299F7B6AD2B93CE5B2CB2EFBDD57BEF2958FECD8B163F8A637BD6978EDB5D75626F2BC9E6F7FE10B5FF8D8E9A79FBEFFA4934EFAD9F2F1E896D506B5871FB87BF8E90FBE7E49981D55BE2D1F53DE4F8D575D1AD422069435A833948C3B0455DDAF6EA8AD735E9D14F1DFCBA28D77C5E17BB53EA99AAD2EF5C97955F7BD55584FFF5BAEEF56FD8C833A7D7C25EB394F68550AB2DF93EAEEC5E1F3DC73CF1DDE79E79D5F9D54D728DF3F3FCEE2C74D75677EBEF21C262E05D45F3CE79C730EE54BC6FBF6ED1B3EF6D863E5F955CAC7E5E35FF292977CE9C52F7EF19FF5FBFD67968F4D372C3BA81D3E3C3C70CBEEE1C72F3B6B49882D2B1F938F75B576FDD5A5412D624059A3958692AAE1682D4350D5FD570BB52B9D4FE745FCF7526CBCCB0EDFCBF649D54A75A94FCEABBAEFAD4526D1FFAAFA6EF953E8D7D2C7573289F385466DFEF295D9AF84D97C55F5E28B2F2E63DEBAE4C72BAED6DE999FB73C978948CF77CCE5975F7EFEC9279F3CBCF4D24B878F3EFA68793EB5E4FBE5FB6FDBB6ED0B7EBA5537550D6AAB5D955DAE5CAD5D7F756950CB8DAA5CEBA0E586921337AC7F08AA1AAECADF7338B2DC79CC8C88FF5E2A86EECAE1BBAA4FAAF6AA4B7D725E55BCA72ADF5B474DB2FF55F5DDF5F4F1954CF2BC61AAF2F7B42EFE32E3EDDBB70F3FFCE10F97D16E22F2E3E6C75FF4BEFFC8C4BFA7363DCF31175E78E19F9E7AEAA9C34F7DEA53E5398C253FCE8E1D3BBE9812F90BCBE723B6AA41ADCE55D9E52ADFB77C3C55BFBA34A8E52655AE7554D550B278285ACF1054E771AA9E7FE644FCF752316C97F5C4F05DD527557BD5A53E39AF2ADE4B653DF1DEDA309DFE97BFCCB8BC329BFF9CD7276D1AE70F1377F407403DF1FECB5750A7156647F2E32FBE529B9FBF3CA775C957664F39E594E1C18307CBE75E97FC78298D3FBC69D3A66795CF495C55835A1952D75AE5E3A9FAD5A5412D37A872ADC3AA86921C3EF315D5AA10BA162B3D4ED5F3CEA48A81B63355D527557B55BE3EAADB95DAC39965BF588795AED0AEF66D1FE33AB3FC3BA9E5ABFCE4317D477F35CF63A3D7E0924B2E2963DC54E4E759F4DA3F36B15FE973CD35D7FC620EB393BA325B4A8FFBF809279CF040AFD7FBCEF2B989C9A016AB04DA56351D2E9B7E3E0AE5A0B5A8AEDAEC4B8EC35697FAE4BCAA784F55BEB7364CB60F5685D9F24AEDA443ED24CF7FE6E57F03E51AD3B779D1EF99CD3FB8A949C50F8ABAB63CB7354B8FF994D7BCE63587F2F7BC4ED345175DF4C0C2C2C265E5F31393412D567569509BD18DA9A9E1A4A9E761053586ED2744EB931B965E797AA29ABABDEDEA529F9C5775DF5B471DBB61FDFDB02ACCE66FF3A8FA29C7930AB59338EFB932A3734368F92B6747EFC3FC25C0EBFD69C66B959F6FF1971EAFFB2B79DFF7BEF79D977F9AF1B83F00AAAEFCF83B76ECB8379DF04F96E7403CD106B579AF2E0D6A33BC314D7B4899F6E35353CD613B5C9FDC50112E17AF4DFBF6B6AB4B7D725ED57D6F2DB29EBEB85C981D85D6AADBD71B6AD773BE736B86E786B0D2E7FCC2D1FB31FFBED836E4E75DD4132E2CCFB1B6F4584F7AC52B5EF148FE553B4DB8FAEAAB1F4C27FC27E579104FB4416DDEAB4B83DA8C6F4CD31A56A6F5B88CA1EEB01DAD4F6EA808978BD7A67D7BDBD5A53E39AFEABEB70AE3F4C7AAB05AF503F8AA8E1B37D48E739E6C98F9B9219C8585856F4E9FF323A330D9F4D5D991FCBC8B02ED917C5EE5B9D672CD35D7FCFC49279D54FBF7CCAE577E9E2D5BB63CD8EBF59E5E9E0BB1441BD4E6BDBA34A8CDC1C634E9A165D28F4743A2F5C90D15E172F1DAB46F6FBBBAD42759B3B5F4C9AA905A156647AA8E5F6BA85DCBF9519883B9A13175FEA751BAFDF85190CC5FA5DBA6FCFC8B42EDF1E5B9D6F2B6B7BDED8A37BDE94DE5634FD5D9679F7D63BFDF3FB53C17628936A8CD7B7569509B938D6952C3CBA41E871644EB931B2AC2E5E2B569DFDE7675A94F32963AFDB22A9CAE146647AAEE5737D4D6392F5630277343231685C365836D5A7FFDE8B877BCE31D65546B547EFE45E7FCFAF25C6B39E79C73EE6DEACB8D47AEBCF2CA9B36AFE7EBA46944B4416DDEAB4B83DA1C6D4CEB1D62D67B7F5A16AD4F6EA808978BD7A67D7BDBD5A53EC9D856EA9B55A1B44E981DA9BAFF6AA176A5F3A1A6399A1BA66E51385C36D80E0683DDA3DBAFBFFEFA32AA352A3FFFE85CF2792D3ECFDA5EF6B2971DDABF7F7FF9D85375F3CD37DF9E4EFA43E5B9104BB4416DDEAB4B83DA9C6D4CE30E33E3DE8F40A2F5C90D15E172F1DAB46F6FBBBAD4275997E5FAE7891BC60FB32355A136FFBEF02ACB9D076B346773C3545504DA25C1367DFCCC68BDE91C58CACFBFE81C3F53FC75EA39E594531EFFDCE73E573EF654DD7FFFFD0FA713BEBB3C17628936A8CD7B7569509BC38D69AD43CD5A8F27A8687D72C3570FE15FA9A66E6FBBBAD42759B763372CEDA38BC3E8386176A4CEE3543D3F639AC3B9616A2A826C5939D8FEE5E8CF4DE7C0527EFED1B90C0683CF977F9F5AB66EDD3AFCD297BE543EF654A5E7FB7CC527B773557E2E674DB4416DDEAB4B83DA3CBC3F2AD41D6EEA1E4707E893B1AA4B7D9289A8EAA7397CE62BAA5521742D567A9CAAE7651DCA195B35574DE7C0527EFE45E7F368F96FA396934F3EF94B4D27F37BEFBDF7CF3777FC0A6DFEA4976BB3C6A016ABBA34A8CDC3FB6319AB0D39ABDD4EC7E893B1AA4B7D928969BAAF36FD7CB02665605D54576D3EFA25C7F94AE868BDE91C589AC815DA5FFEE55FFE7CD35F3BFD894F7CE2FACD1DFF1EDA7918D80D6AB1AA4B83DA3CBC3F56B0DCB0B3DC3A1DA64FC6AA2EF54926AAA9FEDAD4F3C0D8560AB28B8E99ADEFA13DEBACB33EDDF44F397ECF7BDE73F1E68EFF94E37918D80D6AB1AA4B83DA3CBC3F56510E3DE59F9911FA64ACEA529F64E2A6DD67A7FDF830112B05D99199FB29C7679F7DF6EB9AFE3DB4A79D76DAA55DFF3DB4F330B01BD462559706B579787FD4301A7ECE3CFAD1103483F4C958D5A53EC9544C2B744EEB7161E2560AB2239B67EDF7D06EDFBEFD193B76EC782C291F7F2AD2F3FC453AD97B7BBDDED3CB73E9922E0FEC75FEA16706B558D5A541ADCBEF8F093BF6E8E7C21034A3F4C958D5A53EC9D44C3A7C4EFAF1A0756936397E1422CF38E38C32AE35EAA52F7DE9E38B02EDF1E5B9D676FAE9A7DFD6D4971D5F70C105EF4827FB27E539744D9707F645FF68560CB606B558D5A541ADCBEF8F49F3B9986DFA64ACEA529F64AA26154227F53810CAC2C2C237A7F9E4C82813DC79E79D65646B447EDE45B9E4483EAFF25C6B3BE9A4937EF6252F79C9971E7DF4D1F279262A3DFE9DE9646FD9B469D34F96E7D0355D1E5217FDC35931D81AD462559706B52EBF3F26CDE762B6E993B1AA4B7D92A95B6F185DEFFD21B4349F5C38CA02E79D775E19DB1A919F77511E59FFCF573AEDB4D3FEECD24B2F7DBC7CA2097AFCB5AF7DED5BD3C95E5A3E7717757948AD08B495C1D6A016ABBA34A875F9FD31693E17B34D9F8C555DEA933462DC503AEEFDA033366DDAF4AC510658585868FC2A6D7EBEC160F0952F37CEE7539EE39AF57ABDEFDCBE7DFBC39FFAD4A7CAE79B880F7CE0036F4B277B203F4FF9DC5DD4E521B522C896F544B035A8C5AA2E0D6A5D7E7F4C9ACFC56CD327635597FA248D596B385DEBF1D0596946B97634FF9F7BEEB9657C9BAAFC7C8BB2C7B5E5B98D2DA5E49F7EC10B5EF0C583070F96CFB92EB7DF7EFB25E944EF9948F20EA22204CE5C19D46255F9FA44AFF23D33AF7C2E669B3E19AB045A965137A4D63D0E6642CA7E3F96E694C746B3DB25975C52C6B8A9C8CFB368667C2C9F47796EEBB2B0B0F0C2EDDBB77F7E52576A8F5E99BD3BD50BCAE7A21D65F05854576DF625C761CBA0D64DF9BD55AE313BF4C958A54FB282D5C2EA6AB7C34CEAF7FB6F1C6581FCA5C71FFEF087CB383751F9F1177FA9717EFEF29C26225F49DDBA75EB03175D74D103E3FEA0A8FC03A08E7ECFEC5FCCD295D959B05A901D8936A8A553AAACA66E6FBB0C6ADD24D0CEB6687D72DE4B9F6415C76EA80EADCBADC3CCDBB66DDB53D2ACF291512ED8BE7DFBD4426D7EDCF47C5FB9229C9F373F7F794E1393D2F233534ABF7CC78E1DF75E7DF5D50FD6FD3DB5E9B883175C70C1F9E9046F49F5BEFC38E563D3AED582EC48B4416D4345B85CBC36EDDBDB2E835A3709B4B32D5A9F9CF7D227A9A10CAFE59F61EEA459E519A9F26FA3F9CA95DA8B2FBEB88C79EB921F6FF195D9A3CFF78CF25CA622FF8A9DF4647BB76CD9F2D0CE9D3B3FBE6BD7AE1B6FBEF9E6CFDC77DF7D5F48E7F6F0673FFBD9FD37DD74D3F5EF7DEF7B2F3AFDF4D3DF978EBD2F1F3F0BBF9A6756AD166447A20D6A1B2AC2E5E2B569DFDE7619D4BA49A09D6DD1FAE4BC973E494DA3107BE6D18FC22C732F85CDEF591C6A73E51FDCB4DE9F7E9CEF5FFC00A827C26C7EBEF21CA6AED7EB3D3D3DF929FD7EFFE2F4F1BA457FE1FCF1BAA3EBA7E4E3CAFBD24DD106B50D15E172F1DAB46F6FBB0C6ADD24D0CEB6687D72DE4B9F640D8E3DDA9F8559386AF397AFD47EE5CB8F73E5ABB5F9F7C5DE75D75D65565D513E3EDFAFB82A9B2B3F7E33576621DAA0B6A1225C2E5E9BF6ED6D9741AD9B04DAD916AD4FCE7BE993AC85FE0C4BE5EF693DFA83A2CA203A3CE38C3386E79F7FFEF0861B6E18DE7AEBADC3FBEFBFFF89F09A3FE63FE7F57CFB4B5FFAD225F7CD8F971F77AADF330BA56883DA868A70B9786DDAB7B75D06B56E3230CDB6687D72DE4B9F642DF46758DED15FE9F395DF53BBCEBA76E2BF9A07EA8836A86DA808978BD7A67D7BDB6550EBA6DCC8CB356647B43E39EFA54FB216FA33AC2E05D19F4EEF950B531DA908AA2B553EFEC27CFFF231A131D106B5744A95D5D4ED6D9741AD9B0C4CB32D5A9F9CF7D227590BFD19EADBB66DDBD3D27BE6F87EBFFF3BE9E3AE54B7A5FAE2D1F09A3FE63FEF3A7AFBF1F9F8F231A07106B5586550EB2603D36CD32763953EC95AE8CF0033CEA016AB0C6ADD64609A6DFA64ACD227590BFD1960C619D4629541AD9B0C4CB34D9F8C55FA246BA13F03CC38835AAC32A875938169B6E993B14A9F642DF467801967508B5506B56E3230CD367D3256E993AC85FE0C30E30C6AB1CAA0D64D06A6D9A64FC62A7D92B5D09F01669C412D5619D4BAC9C034DBF4C958A54FB216FA33C08C33A8C52A835A37199866DBAE5DBB1E3F74E8D092F7AB6ABED2EB704FEA9387CBD70896A33F03CC3881365609B4DD64609A6D7BF7EEBDE7E0C1834BDEAFAAF9BAE38E3B2E487DF2BAF23582E5E8CF00334EA08D55026D37199866DBEEDDBB9FB767CF9E870E1C38709F2BB5ED54FABC1FB8FDF6DBDF997AE467523DA77C8D6039FA33C08C1368639540DB4D06A6D9974354BE3298EA487E9FAAC62B7FDEF3E75F98654DF46780199707853254A9F62ABF1EE56B447C06268098F467801927D0C62A81B69B0C4C0031E9CF00334EA08D55026D3719980062D29F01669C401BAB04DA6E323001C4A43F03CC3881365609B4DD64600288497F069871026DAC1268BBC9C0041093FE0C30E304DA5825D0769381092026FD1960C609B4B14AA0ED260313404CFA33C08C1368639540DB4D06268098F467801927D0C62A81B69B0C4C0031E9CF00334EA08D55026D3719980062D29F01669C401BAB04DA6E323001C4A43F03CC3881365609B4DD64600288497F069871026DAC1268BBC9C0041093FE0C30E304DA5825D0769381092026FD1960C609B4B14AA0ED260313404CFA33C08CDBB56BD7E3870E1D5A12AC54F3955E877B52A03D5CBE46C467600288497F0698717BF7EEBDE7E0C1834BC2956ABEEEB8E38E0B52A0BDAE7C8D88CFC0041093FE0C30E376EFDEFDBC3D7BF63C74E0C081FBBA76A5F6F0E1C34BD6BA58E9F37EE0F6DB6F7F670AB39F49F59CF235223E0313404CFA33C01CC8212A5F194C75247F0F6717EA2D6F79CB70616161C97A472B7FDEF3E75F98ED280313404CFA3300E16CDDBAF51BD2067567AA2F96B7411B0C4C0031E9CF008433180C5E9B37A8548F1E77DC714F2D6F87A619980062D29F010865CB962D3F9036A7478E06DA610AB72796C740D30C4C0031E9CF0044724CDA98AE1E85D9A37575791034CDC0041093FE0C401883C160471166733DDEEFF7BFB73C169A64600288497F0620845EAFF7AD6953BAAF22D0E62F3BFE6FE5F1D0240313404CFA330021A40DE90FCA20BBA8EE4D81F7C9E57DA02906268098F467005A37180C8E4D1BD2E3154176F155DA4DE5FDA02906268098F467005A9736A39352BD35D5AE541FD9FCE5DF415B06DA2BCAFB41530C4C0031E9CF00849436A8BB7BBDDE0FA520FBFDE9BF37A68FCF4FCBC794C741130C4C0031E9CF0044947F7DCF232F7AD18BBEB6BC01DA60600288497F06209C134E38E15BD206757FB90E6D313001C4A43F03104EAFD7FBBEB4417DA25C87B618980062D29F010867D3A64D3F9936A8ABCA75688B81092026FD198070FAFD7EDA9F365F50AE435B0C4C0031E9CF00849302ED4BD306F53FCA75688B81092026FD198070D2E6F4EBA9CE2AD7A12D06268098F46700C2499BD3EFA77A61B90E6D313001C4A43F03104EDA9C2E190C06C795EBD0160313404CFA3300E1A4CDE9BA8585851F29D7A12D06268098F46700C2499BD31D29D07E7BB90E6D313001C4A43F03104EDA9C0E6FDBB6ED29E53AB4C5C0041093FE0C4028BD5EEF9BD2E6F450B90E6D323001C4A43F03104ABFDFFF876973FA74B90E6D323001C4A43F03104ADA98FE55AA3F29D7A14D06268098F4670042491BD3F1FD7EFFFF94EBD0260313404CFA3300A1A48DE91753A07D63B90E6D323001C4A43F03104ADA985E9D02EDAF95EBD0260313404CFA3300A1A48DE9BCC1607072B90E6D323001C4A43F03104ABFDF7F4FDA9C7EBE5C873619980062D29F0108256D4CD7A4FAF1721DDA64600288497F062094B431DDDAEFF79F59AE439B0C4C0031E9CF00849236A62FF47ABD6F2CD7A14D06268098F46700C2D8BA75EB37A48DE92FCB75689B81092026FD198030161616FE41DA98F697EBD0360313404CFA3300610C06831F4B1BD3BE721DDA66600288497F06208C1468FF7DDA98DE5BAE43DB0C4C0031E9CF00849102EDC969633AAF5C87B619980062D29F0108A3DFEFFF5ADA985E5DAE43DB0C4C0031E9CF00849102ED1B539D56AE43DB0C4C0031E9CF00849136A577A740DB2BD7A16D06268098F46700C2489BD2DE4D9B36FDEB721DDA66600288497F06208CB429DDDCEBF5BEBB5C87B619980062D29F0108236D4A0F6EDBB6ED69E53AB4CDC0041093FE0C4008CF7EF6B3BF2E6D4A87CB7588C0C0041093FE0C4008BD5EEFEFA54DE933E53A4460600288497F0620847EBFFFCFD3A6F4A1721D22303001C4A43F0310420AB4FF2E6D4AFFAF5C87080C4C0031E9CF00849036A417A6FAFD721D22303001C4A43F031042DA90CE4AF5EBE53A4460600288497F062084C160F0DBA9CE28D721020313404CFA330021A430FB47A906E53A4460600288497F062084946577A7FAA9721D22303001C4A43F0310420AB337A5FAFE721D22303001C4A43F031042DA90EE4B81F66F94EB108181092026FD1980D66DDCB8F16BD286F448FACF63CADB20020313404CFA3300AD4B9BD1DF49754FB90E5118980062D29F01685DDA8CFE49BFDFFF70B90E5118980062D29F0168DD6030F8B729D05E56AE431406268098F467005A9702ED89A9DE56AE431406268098F467005A97C2ECCBD286F49BE53A4461600288497F06A075FD7EFF7569433AB35C87280C4C0031E9CF00B42E6D467F986A6BB90E5118980062D29F01685DDA8CDEDFEFF77FA65C87280C4C0031E9CF00B42E6D461F4D81F607CB7588C2C0041093FE0C40EBD266F417BD5EEF6F97EB108581092026FD198056EDDCB9F34969337A2405DABF52DE065118980062D29F0168D5D6AD5BFF66DA8C3E5BAE432406268098F467005AB565CB961F489BD1C7CB7588C4C0041093FE0C40AB366DDAF4ACB4195D59AE432406268098F467005AD5EFF7B7A4CDE8FC721D22313001C4A43F03D0AAB411FD520AB5BF55AE432406268098F467005A9536A2DF4881F657CB7588C4C0041093FE0C40ABD246F4D61468B797EB108981092026FD198056A58DE8D28585859F2BD721120313404CFA3300AD4A1BD10D29D0FE70B90E9118980062D29F016855DA88EEDAB265CBDF2DD721120313404CFA33006D3A266D44477ABDDE93CB1B20120313404CFA3300AD4941F6AFA78DE873E53A4463600288497F06A035FD7EFF7BD346F4C9721DA2313001C4A43F03D09AB4096D4CB5A75C87680C4C0031E9CF00B4266D42FDC160F0AE721DA2313001C4A43F03D09A14664F4F1BD1EBCB7588C6C0041093FE0C406B52A07D4DDA885E51AE433406268098F467005AD3EFF77F2F6D442795EB108D81092026FD1980D6A4407B71DA889E5BAE433406268098F467005A9336A13F4DF52FCA7588C6C0041093FE0C406BD226747BAABF5FAE433406268098F467005A9336A143BD5EEFEBCB7588C6C0041093FE0C402BB66CD9F2D70683C1E7CB7588C8C0041093FE0C402B161616BE2B6D42B794EB109181092026FD1980560C06839F489BD0D5E53A4464600288497F06A015FD7EFF17D2267461B90E1119980062D29F0168450AB4A7A64DE8CDE53A4464600288497F06A0156903DA99AB5C87880C4C0031E9CF00B4225F9DCD5769CB7588C8C0041093FE0C402BF2F7CFE6EFA32DD721220313404CFA3300AD481BD007376DDAF42FCB7588C8C0041093FE0C402BD206F4E7BD5EEF3BCB7588C8C0041093FE0C402BD206F4F0739FFBDCBF5AAE434406268098F467001A77DC71C73D356D405F2CD7212A0313404CFA33008DEBF57ADF9136A0DBCA7588CAC0041093FE0C40E3FAFDFE8FA60DE8DA721DA2323001C4A43F03D0B8B4F93C3785DA8BCB7588CAC0041093FE0C40E3D2E673520AB4BF57AE435406268098F467001A97369F570C0683D794EB109581092026FD1980C6A5CDE7F529D09E5EAE435406268098F467001A97C2ECBB526D2AD7212A0313404CFA33008D4B61F603A98E2DD7212A0313404CFA33008D4B61F653A9BEA75C87A80C4C0031E9CF0034AEDFEF3FB0B0B0F0CDE53A4465600288497F06A051BD5EEFC969F33952AE436406268098F467001A95369E67A4BAB35C87C80C4C0031E9CF00346A6161E187D3E67343B90E9119980062D29F0168540AB43F97369F4BCB7588CCC0041093FE0C40A3FAFDFEF6B4F9BCB55C87C80C4C0031E9CF00342A05DA5F4D9BCF6F94EB109981092026FD198046A540FB5B69F3F9A5721D22333001C4A43F03D0A8B4F1BC33D542B90E9119980062D29F016854DA7876A5FA37E53A4466600288497F06A05169E3B9B1DFEFFFA3721D22333001C4A43F03D0A8B4F1DCDBEBF5BEB55C87C80C4C0031E9CF003466E3C68D5F93369E4776EEDCF9A4F23688CCC0041093FE0C40639EFFFCE77F5BDA780E94EB109D81092026FD1980C6F4FBFD1F4C1BCF47CB7588CEC0041093FE0C406352A0FD99B4F1BCBF5C87E80C4C0031E9CF0034266D3A5B53FD61B90ED119980062D29F01684CDA74CEECF7FBAF2BD7213A0313404CFA33008D499BCE6FA640FB2BE53A4467600288497F06A03169D3797B0AB42794EB109D81092026FD1980C6A44DE7F28585859F2DD7213A0313404CFA33008D499BCE4752A0FDA1721DA2333001C4A43F03D098B4E91C78FEF39FFF6DE53A4467600288497F06A029C7A44DE7918D1B377E4D79034467600288497F06A011BD5EEF5BD3A6735FB90E5D60600288497F06A01183C1E0FB53DD54AE431718980062D29F0168440AB33F956A77B90E5D60600288497F06A011832FFBA3721DBAC0C0041093FE0C402352983D23D56F97EBD00506268098F467001A91C2EC7F4DF59FCA7588260D4757E5016995BAAABC1F00CD13680168440AB3FF2B6D3A2F28D7219AF4EF746345802D6B63793F009A27D002D0887EBFFFC769D3794EB90E11E52BB01521D6D5598060045A001A91369CEB53FDB3721D22CA57602B82ACABB300C108B40034226D3877A67A46B90E51E52BB11561D6D5598040045A001A91369CC3CF7EF6B3BFAE5C87A8F295D88A40BBB13C0E80F608B4004CDDB66DDB9E96369C07CB7588AEB84AEBEA2C4030022D0053D7EBF5BE3B6D383797EB105D71957663793B00ED12680198BA4D9B36FDEBB4E1EC2DD7A10B465769CB7500DAA73F033075FD7EBF97369C7797EBD005A3ABB4E53A00EDD39F0198BA14684F4B1BCE1BCA7566DF70387CF2FEFDFBDFB56FDFBE4776EDDA35BCE28A2B54C3953EEF8FEFDDBBF79EDDBB773FAF7C7D00BA4EA00560EAD266734EAA5796EBCCBE1466DF9DC2D4F0E0C183C343870E0D8F1C39A21AAEFC79CF9FFF3D7BF63C9402EE73CAD708A0CB045A00A62E6D36BF9BEA45E53AB32F5F99CD61AA0C59AAF93A70E0C07D29D05E57BE46005D26D002307569B3B9A8DFEFFB72C73994BFCCD895D918955F8714680F97AF11409709B4004C5DDA6CAE4D81F647CB75665FFE1ECE3258A9F62ABF1EE56B04D065022D005397369BDB7ABDDE7794EBCCBEBA81F60B0F1E18EEFFD05B87375DF9EA272AFF775E2B8F53EB2B81169835022D005397369BBFDCBA75EB3794EBCCBE3A81F6E107EE1EDE78F92B871FFDE35FF9AACA6BF9B6F278357E09B4C0AC11680198AA5EAFF78D69B3F942B9CE7CA81368EFBCE9E22561765477DD74C992E3D5F825D002B346A00560AAFAFDFE33D366736BB9CE7CA813683F79D5B94B82ECA8F26DE5F16AFC1268815923D002305569A3F9F154D794EBCC873A81F6C62B762E09B2A3CAB795C7ABF14BA005668D400BC054A58DE6E7FBFDFE7BCA75E683401BAB045A60D608B4004C55DA684E4981F67F96EBCC873A8136FF54E332C88E2ADF561EAFC62F81169835022D005395369A570D0683B3CB75E6439D407BCB07DFB024C88E2ADF561EAFC62F81169835022D005395369A37A540FBE2729DF95027D0DE7FF7C78637BEFF554BC26C5ECBB795C7ABF14BA005668D400BC054A58DE6FFA640FB1FCA75E6439D409BEBB6EBDFBE24D0E6B5F238B5BE1268815923D002305569A3B93A05DA9F28D7990FB502EDE1C3C35BAE79F392409BD7F26D4B8E576397400BCC1A811680A94A1BCD2D0B0B0BDF55AE331F560BB40F3F70F7F0D31F7CFD92303BAA7C5B3EA6BC9F1AAF045A60D608B4004C55DA681EEAF57ADF54AE331F960DB4870F0F0FDCB27BF8F1CBCE5A1262CBCAC7E4635DAD5D7F09B4C0AC116801989A1464BF3E6D3487CA75E64755A05DEDAAEC72E56AEDFA4BA005668D400BC0D42C2C2C7C7BDA68EE28D7991F5581B6CE55D9E52ADFB77C3C55BF045A60D608B4004C4D0AB43F92369AEBCA75E64755A02D43EA5AAB7C3C55BF045A60D608B4004CCD6030382E6D349794EBCC8FAA40ABDA2B81169835022D00539302ED8EB4D1BCA55C677E08B4B14AA005668D400BC0D4F4FBFDFF9C369AFF52AE333F04DA5825D002B346A005606A52A0FD9DB4D1BCA45C677E08B4B14AA005668D400BC0D4A44DE67FA7EA97EBCC0F81365609B4C0AC116801989AB4C9EC49B5B15C677E08B4B14AA005668D400BC0D4A44DE693BD5EEFFBCA75E687401BAB045A60D608B4004C4DDA64EE3FE18413BEA55C677E08B4B14AA005668D400BC054BCE8452FFADAB4C91C49FF794C791BF343A08D55022D306B045A00A6A2D7EB3D3D6D327797EBCC1781365609B4C0AC116801988A7EBFFF4FD326F367E53AF345A08D55022D306B045A00A62205DA67A74DE67DE53AF345A08D55022D306B045A00A6226D30DB52FD41B9CE7C11686395400BCC1A811680A9481BCCCBFBFDFEB9E53AF345A08D55022D306B045A00A6226D30FF3D05DAFF58AE335F04DA58B55AA04DEFDB8DA9AE2AD701A2126801988AB4C19C9F02ED96729DF922D0C6AAE502ED28C8E6C1D0700874899E05C054A40DE6CA4D9B363DAB5C67BE08B4B1AA0CB46590156881AED1B300988A7EBFFFB1C160F08FCB75E68B401BAB468176B9202BD0025DA3670130156983399802EDDF2AD7992F026DACCAAFC74A4156A005BA46CF0260E276EEDCF9A4724056F35B65A852EDD5D140AB94523355E51C0200EB96436DB9C6FC71853656F992630000809AA205DA744A95D5D4ED6D971F0A0500005053C440BBD2DAB46F6FBBCA403B5206DBF276000080B923D056AFB555CB05DA9151B02DD7010000E68E405BBDD656AD1668010000384AA0AD5E6BAB045A0000809A04DAEAB5B64AA0050000A849A0AD5E6BAB045A0000809A2206DAAA6AEAF6B64BA0050000A8295AA09DF712680100006A12686395400B00005093401BAB045A0000809A04DA5825D0020000D424D0C62A81160000A02681365609B40000003509B4B14AA0050000A849A08D55022D0000404D026DAC12680100006A12686395400B00005093401BAB045A0000809A04DA5825D0020000D424D0C62A81160000A02681365609B40000003509B4B14AA0050000A849A08D55022D0000404D026DAC12680100006A12686395400B00005093401BAB045A0000809A04DA5825D0020000D424D0C62A81160000A02681365609B40000003509B4B14AA0050000A849A08D55022D0000404D026DAC12680100006A12686395400B00005093401BAB045A0000809A76EDDAF5F8A1438796042BD57CA5D7E19E14680F97AF1100000015F6EEDD7BCFC1830797842BD57CDD71C71D17A4407B5DF91A0100005061F7EEDDCFDBB367CF43070E1CB8CF95DA762A7DDE0FDC7EFBEDEF4C61F633A99E53BE460000002C2387A87C6530D591FC3D9CAAF1CA9FF7FCF917660100000000000000000000000000000000000000000000000000000000000000000080D9F3FF01F504E90D59A0EDCC0000000049454E44AE426082, 1);
INSERT INTO `act_ge_bytearray` VALUES ('dfc13bd4-3cc6-11f1-8b52-52284ac9a333', 1, 'process_5.bpmn20.xml', 'dfc13bd3-3cc6-11f1-8b52-52284ac9a333', 0x3C3F786D6C2076657273696F6E3D22312E302220656E636F64696E673D225554462D38223F3E0A3C646566696E6974696F6E7320786D6C6E733D22687474703A2F2F7777772E6F6D672E6F72672F737065632F42504D4E2F32303130303532342F4D4F44454C2220786D6C6E733A7873693D22687474703A2F2F7777772E77332E6F72672F323030312F584D4C536368656D612D696E7374616E63652220786D6C6E733A62706D6E64693D22687474703A2F2F7777772E6F6D672E6F72672F737065632F42504D4E2F32303130303532342F44492220786D6C6E733A6F6D6764633D22687474703A2F2F7777772E6F6D672E6F72672F737065632F44442F32303130303532342F44432220786D6C6E733A62696F633D22687474703A2F2F62706D6E2E696F2F736368656D612F62706D6E2F62696F636F6C6F722F312E302220786D6C6E733A64693D22687474703A2F2F7777772E6F6D672E6F72672F737065632F44442F32303130303532342F44492220786D6C6E733A666C6F7761626C653D22687474703A2F2F666C6F7761626C652E6F72672F62706D6E2220786D6C6E733A7873643D22687474703A2F2F7777772E77332E6F72672F323030312F584D4C536368656D6122207461726765744E616D6573706163653D22687474703A2F2F7777772E666C6F7761626C652E6F72672F70726F63657373646566223E0A20203C70726F636573732069643D2270726F636573735F396979333431706E22206E616D653D226E616D655F3034683839787A642220666C6F7761626C653A70726F6365737343617465676F72793D224C45415645223E0A202020203C73746172744576656E742069643D2273746172744E6F64653122206E616D653D22E5BC80E5A78B223E0A2020202020203C6F7574676F696E673E466C6F775F306F65653665743C2F6F7574676F696E673E0A202020203C2F73746172744576656E743E0A202020203C73657175656E6365466C6F772069643D22466C6F775F306F65653665742220736F757263655265663D2273746172744E6F64653122207461726765745265663D2241637469766974795F3133633736666A22202F3E0A202020203C757365725461736B2069643D2241637469766974795F3133633736666A22206E616D653D22E4B880E7BAA7E5AEA1E689B92220666C6F7761626C653A61737369676E65653D2231223E0A2020202020203C696E636F6D696E673E466C6F775F306F65653665743C2F696E636F6D696E673E0A2020202020203C6F7574676F696E673E466C6F775F316133367A68383C2F6F7574676F696E673E0A202020203C2F757365725461736B3E0A202020203C73657175656E6365466C6F772069643D22466C6F775F316133367A68382220736F757263655265663D2241637469766974795F3133633736666A22207461726765745265663D22476174657761795F316D746F33637622202F3E0A202020203C706172616C6C656C476174657761792069643D22476174657761795F316D746F336376223E0A2020202020203C696E636F6D696E673E466C6F775F316133367A68383C2F696E636F6D696E673E0A2020202020203C6F7574676F696E673E466C6F775F306A39733732383C2F6F7574676F696E673E0A2020202020203C6F7574676F696E673E466C6F775F316E316C71386E3C2F6F7574676F696E673E0A202020203C2F706172616C6C656C476174657761793E0A202020203C73657175656E6365466C6F772069643D22466C6F775F306A39733732382220736F757263655265663D22476174657761795F316D746F33637622207461726765745265663D2241637469766974795F3030743836313722202F3E0A202020203C73657175656E6365466C6F772069643D22466C6F775F316E316C71386E2220736F757263655265663D22476174657761795F316D746F33637622207461726765745265663D2241637469766974795F3173696A66706222202F3E0A202020203C6578636C7573697665476174657761792069643D22476174657761795F3172346E6B7764223E0A2020202020203C696E636F6D696E673E466C6F775F30366E676775643C2F696E636F6D696E673E0A2020202020203C6F7574676F696E673E466C6F775F307734717636743C2F6F7574676F696E673E0A2020202020203C6F7574676F696E673E466C6F775F3031786F396C6D3C2F6F7574676F696E673E0A202020203C2F6578636C7573697665476174657761793E0A202020203C73657175656E6365466C6F772069643D22466C6F775F30366E676775642220736F757263655265663D2241637469766974795F3030743836313722207461726765745265663D22476174657761795F3172346E6B776422202F3E0A202020203C6578636C7573697665476174657761792069643D22476174657761795F31396678746535223E0A2020202020203C696E636F6D696E673E466C6F775F306B64693663683C2F696E636F6D696E673E0A2020202020203C6F7574676F696E673E466C6F775F313066376936653C2F6F7574676F696E673E0A2020202020203C6F7574676F696E673E466C6F775F306C73387577333C2F6F7574676F696E673E0A202020203C2F6578636C7573697665476174657761793E0A202020203C73657175656E6365466C6F772069643D22466C6F775F306B64693663682220736F757263655265663D2241637469766974795F3173696A66706222207461726765745265663D22476174657761795F3139667874653522202F3E0A202020203C656E644576656E742069643D224576656E745F3132746761346C223E0A2020202020203C696E636F6D696E673E466C6F775F313066376936653C2F696E636F6D696E673E0A2020202020203C696E636F6D696E673E466C6F775F307734717636743C2F696E636F6D696E673E0A202020203C2F656E644576656E743E0A202020203C73657175656E6365466C6F772069643D22466C6F775F313066376936652220736F757263655265663D22476174657761795F3139667874653522207461726765745265663D224576656E745F3132746761346C223E0A2020202020203C636F6E646974696F6E45787072657373696F6E207873693A747970653D2274466F726D616C45787072657373696F6E223E247B6F7574636F6D653D3D2027415050524F5645277D3C2F636F6E646974696F6E45787072657373696F6E3E0A202020203C2F73657175656E6365466C6F773E0A202020203C73657175656E6365466C6F772069643D22466C6F775F307734717636742220736F757263655265663D22476174657761795F3172346E6B776422207461726765745265663D224576656E745F3132746761346C223E0A2020202020203C636F6E646974696F6E45787072657373696F6E207873693A747970653D2274466F726D616C45787072657373696F6E223E247B6F7574636F6D653D3D2027415050524F5645277D3C2F636F6E646974696F6E45787072657373696F6E3E0A202020203C2F73657175656E6365466C6F773E0A202020203C757365725461736B2069643D2241637469766974795F3030743836313722206E616D653D22E4BA8CE7BAA7E5AEA1E689B92DE4BC9AE7ADBE312220666C6F7761626C653A61737369676E65653D2231223E0A2020202020203C696E636F6D696E673E466C6F775F306A39733732383C2F696E636F6D696E673E0A2020202020203C6F7574676F696E673E466C6F775F30366E676775643C2F6F7574676F696E673E0A202020203C2F757365725461736B3E0A202020203C757365725461736B2069643D2241637469766974795F3173696A66706222206E616D653D22E4BA8CE7BAA7E5AEA1E689B92DE4BC9AE7ADBE322220666C6F7761626C653A61737369676E65653D2232223E0A2020202020203C696E636F6D696E673E466C6F775F316E316C71386E3C2F696E636F6D696E673E0A2020202020203C6F7574676F696E673E466C6F775F306B64693663683C2F6F7574676F696E673E0A202020203C2F757365725461736B3E0A202020203C73657175656E6365466C6F772069643D22466C6F775F3031786F396C6D2220736F757263655265663D22476174657761795F3172346E6B776422207461726765745265663D2241637469766974795F31636565636E70223E0A2020202020203C636F6E646974696F6E45787072657373696F6E207873693A747970653D2274466F726D616C45787072657373696F6E223E247B6F7574636F6D653D3D202752454A454354277D3C2F636F6E646974696F6E45787072657373696F6E3E0A202020203C2F73657175656E6365466C6F773E0A202020203C757365725461736B2069643D2241637469766974795F31636565636E70223E0A2020202020203C696E636F6D696E673E466C6F775F3031786F396C6D3C2F696E636F6D696E673E0A2020202020203C696E636F6D696E673E466C6F775F306C73387577333C2F696E636F6D696E673E0A202020203C2F757365725461736B3E0A202020203C73657175656E6365466C6F772069643D22466C6F775F306C73387577332220736F757263655265663D22476174657761795F3139667874653522207461726765745265663D2241637469766974795F31636565636E70223E0A2020202020203C636F6E646974696F6E45787072657373696F6E207873693A747970653D2274466F726D616C45787072657373696F6E223E247B6F7574636F6D653D3D202752454A454354277D3C2F636F6E646974696F6E45787072657373696F6E3E0A202020203C2F73657175656E6365466C6F773E0A20203C2F70726F636573733E0A20203C62706D6E64693A42504D4E4469616772616D2069643D2242504D4E4469616772616D5F666C6F77223E0A202020203C62706D6E64693A42504D4E506C616E652069643D2242504D4E506C616E655F666C6F77222062706D6E456C656D656E743D2270726F636573735F396979333431706E223E0A2020202020203C62706D6E64693A42504D4E456467652069643D22466C6F775F306C73387577335F6469222062706D6E456C656D656E743D22466C6F775F306C7338757733223E0A20202020202020203C64693A776179706F696E7420783D223733302220793D2232373522202F3E0A20202020202020203C64693A776179706F696E7420783D223733302220793D2235303022202F3E0A20202020202020203C64693A776179706F696E7420783D22313033302220793D2235303022202F3E0A20202020202020203C64693A776179706F696E7420783D22313033302220793D222D31373022202F3E0A20202020202020203C64693A776179706F696E7420783D223433302220793D222D31373022202F3E0A2020202020203C2F62706D6E64693A42504D4E456467653E0A2020202020203C62706D6E64693A42504D4E456467652069643D22466C6F775F3031786F396C6D5F6469222062706D6E456C656D656E743D22466C6F775F3031786F396C6D223E0A20202020202020203C64693A776179706F696E7420783D223731302220793D222D31303522202F3E0A20202020202020203C64693A776179706F696E7420783D223731302220793D222D31343022202F3E0A20202020202020203C64693A776179706F696E7420783D223433302220793D222D31343022202F3E0A2020202020203C2F62706D6E64693A42504D4E456467653E0A2020202020203C62706D6E64693A42504D4E456467652069643D22466C6F775F307734717636745F6469222062706D6E456C656D656E743D22466C6F775F30773471763674223E0A20202020202020203C64693A776179706F696E7420783D223733352220793D222D383022202F3E0A20202020202020203C64693A776179706F696E7420783D223832302220793D222D383022202F3E0A20202020202020203C64693A776179706F696E7420783D223832302220793D2232353022202F3E0A20202020202020203C64693A776179706F696E7420783D223836322220793D2232353022202F3E0A2020202020203C2F62706D6E64693A42504D4E456467653E0A2020202020203C62706D6E64693A42504D4E456467652069643D22466C6F775F313066376936655F6469222062706D6E456C656D656E743D22466C6F775F31306637693665223E0A20202020202020203C64693A776179706F696E7420783D223735352220793D2232353022202F3E0A20202020202020203C64693A776179706F696E7420783D223836322220793D2232353022202F3E0A2020202020203C2F62706D6E64693A42504D4E456467653E0A2020202020203C62706D6E64693A42504D4E456467652069643D22466C6F775F306B64693663685F6469222062706D6E456C656D656E743D22466C6F775F306B6469366368223E0A20202020202020203C64693A776179706F696E7420783D223632302220793D2232353022202F3E0A20202020202020203C64693A776179706F696E7420783D223730352220793D2232353022202F3E0A2020202020203C2F62706D6E64693A42504D4E456467653E0A2020202020203C62706D6E64693A42504D4E456467652069643D22466C6F775F30366E676775645F6469222062706D6E456C656D656E743D22466C6F775F30366E67677564223E0A20202020202020203C64693A776179706F696E7420783D223632302220793D22343022202F3E0A20202020202020203C64693A776179706F696E7420783D223731302220793D22343022202F3E0A20202020202020203C64693A776179706F696E7420783D223731302220793D222D353522202F3E0A2020202020203C2F62706D6E64693A42504D4E456467653E0A2020202020203C62706D6E64693A42504D4E456467652069643D22466C6F775F316E316C71386E5F6469222062706D6E456C656D656E743D22466C6F775F316E316C71386E223E0A20202020202020203C64693A776179706F696E7420783D223436302220793D2231363522202F3E0A20202020202020203C64693A776179706F696E7420783D223436302220793D2232353022202F3E0A20202020202020203C64693A776179706F696E7420783D223532302220793D2232353022202F3E0A2020202020203C2F62706D6E64693A42504D4E456467653E0A2020202020203C62706D6E64693A42504D4E456467652069643D22466C6F775F306A39733732385F6469222062706D6E456C656D656E743D22466C6F775F306A3973373238223E0A20202020202020203C64693A776179706F696E7420783D223436302220793D2231313522202F3E0A20202020202020203C64693A776179706F696E7420783D223436302220793D22343022202F3E0A20202020202020203C64693A776179706F696E7420783D223532302220793D22343022202F3E0A2020202020203C2F62706D6E64693A42504D4E456467653E0A2020202020203C62706D6E64693A42504D4E456467652069643D22466C6F775F316133367A68385F6469222062706D6E456C656D656E743D22466C6F775F316133367A6838223E0A20202020202020203C64693A776179706F696E7420783D223331302220793D2231343022202F3E0A20202020202020203C64693A776179706F696E7420783D223433352220793D2231343022202F3E0A2020202020203C2F62706D6E64693A42504D4E456467653E0A2020202020203C62706D6E64693A42504D4E456467652069643D22466C6F775F306F65653665745F6469222062706D6E456C656D656E743D22466C6F775F306F6565366574223E0A20202020202020203C64693A776179706F696E7420783D223134352220793D2232333022202F3E0A20202020202020203C64693A776179706F696E7420783D223236302220793D2232333022202F3E0A20202020202020203C64693A776179706F696E7420783D223236302220793D2231383022202F3E0A2020202020203C2F62706D6E64693A42504D4E456467653E0A2020202020203C62706D6E64693A42504D4E53686170652069643D2242504D4E53686170655F73746172744E6F646531222062706D6E456C656D656E743D2273746172744E6F646531222062696F633A7374726F6B653D22223E0A20202020202020203C6F6D6764633A426F756E647320783D223131352220793D22323135222077696474683D22333022206865696768743D22333022202F3E0A20202020202020203C62706D6E64693A42504D4E4C6162656C3E0A202020202020202020203C6F6D6764633A426F756E647320783D223131382220793D22323532222077696474683D22323222206865696768743D22313422202F3E0A20202020202020203C2F62706D6E64693A42504D4E4C6162656C3E0A2020202020203C2F62706D6E64693A42504D4E53686170653E0A2020202020203C62706D6E64693A42504D4E53686170652069643D2241637469766974795F306A6F6A31366B5F6469222062706D6E456C656D656E743D2241637469766974795F3133633736666A223E0A20202020202020203C6F6D6764633A426F756E647320783D223231302220793D22313030222077696474683D2231303022206865696768743D22383022202F3E0A2020202020203C2F62706D6E64693A42504D4E53686170653E0A2020202020203C62706D6E64693A42504D4E53686170652069643D22476174657761795F3133716F726C655F6469222062706D6E456C656D656E743D22476174657761795F316D746F336376223E0A20202020202020203C6F6D6764633A426F756E647320783D223433352220793D22313135222077696474683D22353022206865696768743D22353022202F3E0A2020202020203C2F62706D6E64693A42504D4E53686170653E0A2020202020203C62706D6E64693A42504D4E53686170652069643D22476174657761795F3172346E6B77645F6469222062706D6E456C656D656E743D22476174657761795F3172346E6B7764222069734D61726B657256697369626C653D2274727565223E0A20202020202020203C6F6D6764633A426F756E647320783D223638352220793D222D313035222077696474683D22353022206865696768743D22353022202F3E0A2020202020203C2F62706D6E64693A42504D4E53686170653E0A2020202020203C62706D6E64693A42504D4E53686170652069643D22476174657761795F313966787465355F6469222062706D6E456C656D656E743D22476174657761795F31396678746535222069734D61726B657256697369626C653D2274727565223E0A20202020202020203C6F6D6764633A426F756E647320783D223730352220793D22323235222077696474683D22353022206865696768743D22353022202F3E0A2020202020203C2F62706D6E64693A42504D4E53686170653E0A2020202020203C62706D6E64693A42504D4E53686170652069643D224576656E745F3132746761346C5F6469222062706D6E456C656D656E743D224576656E745F3132746761346C223E0A20202020202020203C6F6D6764633A426F756E647320783D223836322220793D22323332222077696474683D22333622206865696768743D22333622202F3E0A2020202020203C2F62706D6E64693A42504D4E53686170653E0A2020202020203C62706D6E64693A42504D4E53686170652069643D2241637469766974795F303762376932305F6469222062706D6E456C656D656E743D2241637469766974795F30307438363137223E0A20202020202020203C6F6D6764633A426F756E647320783D223532302220793D2230222077696474683D2231303022206865696768743D22383022202F3E0A2020202020203C2F62706D6E64693A42504D4E53686170653E0A2020202020203C62706D6E64693A42504D4E53686170652069643D2241637469766974795F317533666C66335F6469222062706D6E456C656D656E743D2241637469766974795F3173696A667062223E0A20202020202020203C6F6D6764633A426F756E647320783D223532302220793D22323130222077696474683D2231303022206865696768743D22383022202F3E0A2020202020203C2F62706D6E64693A42504D4E53686170653E0A2020202020203C62706D6E64693A42504D4E53686170652069643D2241637469766974795F31646E7171616E5F6469222062706D6E456C656D656E743D2241637469766974795F31636565636E70223E0A20202020202020203C6F6D6764633A426F756E647320783D223333302220793D222D313830222077696474683D2231303022206865696768743D22383022202F3E0A2020202020203C2F62706D6E64693A42504D4E53686170653E0A202020203C2F62706D6E64693A42504D4E506C616E653E0A20203C2F62706D6E64693A42504D4E4469616772616D3E0A3C2F646566696E6974696F6E733E0A, 0);
INSERT INTO `act_ge_bytearray` VALUES ('dfe9d275-3cc6-11f1-8b52-52284ac9a333', 1, 'process_5.process_9iy341pn.png', 'dfc13bd3-3cc6-11f1-8b52-52284ac9a333', 0x89504E470D0A1A0A0000000D4948445200000410000002B208060000006C612D2F0000427C49444154785EECDD0FB8A5575D2FF6405BCC635BABADF68F96F63E57FBD4B6F60FA26D6DED93781F2D2A95F4DE3233672612261020287FD21AF429C23518FB07EBED6DC51B9B7BB5540A9A4A1B252910D8CC649C4B323104114814880C09F9731C49482094992124BB6BCD9C2D27EBEC7DCEDEEF7AFFACB5DFCFE7797ECFC9D9FBDD7BBF39EF5EBF77ADEFBCE7EC0B2E006057D3E9F439274F9EFCFD13274E7CEDC89123D3C964A27AAEF0737FFAF8F1E30F1F3D7AF492F4F800000040114E9E3CF9EEB0789D9E3A756A7AFAF4E9E9D9B36755CF157FEEF1E77FECD8B12F4D269317A6C7080000000617AF3C888BD77451ABFAAFCDCDCD472693C99DE93102000080C1C55F5B70E54119158FC3643239931E23000000185CFC1DFC7421AB86AB783CD26304000000835B3640F8CAE39BD3931F79FBF49E0FFDF2B98AFF1D6F4BB753792540000000A048CB04084F3CF6D0F4EE0FBC79FAF1F7BEE119156F8BF7A5DBABE62540000000A048CB04080FDC73D38EF060560FDE73F38EED55F3122000000050A46502843FBFF5AD3B828359C5FBD2ED55F3122000000050A4650284BB27D7EC080E6615EF4BB757CD4B800000D0BA67A53700D08000A1AC1220000063F6CA57BEF29F3A74E8D0B76D6C6C3CF7C08103FF56A81FDCBF7FFF8F1C3C78F0A7421D0CB7BF22D47F1DEA4DA1FEC750BF11EAFF08DBFDDFA16E09FFFDE1507F1AEA2F42FD65A8AF848AF32B210240AE650284F8A90B697030AB785FBABD6A5E020400A0163FF5533FF5CD2F79C94BFEC5B0E0FF9B616DFFEF8585FA7F1216F1FF79A8BF13EAB270DBCF84FAF970FB2F87FA9F43FDC350EF0AF59E504742FD71B8FF9EF0F5FE508F863A1BEA6BA1BE18EAF3A1FE2CD49DA16E0D7573D8F6F7C2F3FEA3507F3F7C7F6DA85F08F5B3E1F69786FAAFC27EBC60FFFEFDFF69B8FFDF0FF5DDE1B67F29ECDF3FBD713E400020D73201C2BDB7FDC68EE06056F1BE747BD5BC04080040DB2EBEF8E27F72DFBE7DFF5CA8EF0AF56F8685F6F3C3E2FAA2B0B07E61A803A15E1E16DCAF0FF58BE1F6FF217CFFB6506F0FF5EE50EF0F753CD49F84FA4CA887C3365F0E5FBF1EEAFF0B752AD467437D3CD46DA13E10EAFF09F58E50D7856D7F353CEFDF0DF5DF84EF5F19EA50A81785DBFF56D88FFF30ECCFBF1DEA5F0BF5CF877A4EBAEF6DD8102000B4639900E1D1873E31BDFB83BFB4233C88B7C5FBD2ED55F3122000C0B81D3E7CF8C2B0B8FEF6B0E8FD1B61D1FD7DA1FEE3FDFBF7FF68B8EDBF0CF5D3E1F62B435D1DEA9A70DFAF85FADFC2EDEF0CDFFF61A80F85BA23D4DDA13E17EA0BA14E6F9C5FEC3F1EEAC1B0EDA7C2D7BB421D0BF5FF86BA21D46F85DBFF9750BF12EABF0DF5DAF0BC9787DA17EA27C2FDFF59A8E78505FFBFF1D33FFDD3FFCA8B5EF4A27FF69A6BAE7976BAEFA5DA102000B463990021D6E7EE7AC78E0021DE966EA7F24A80000075880BE84B2FBDF45BC2E2F43BE3C23A2EB0E3423B2EB8B716DE97C785785C9087DBFFBB50FF6BA8DF0EF57F85FBDE1B6EFFA3F0DF1F0DF5E9500F85FAD2C6F9857E5CF0C7857F0C003E19EA44D876121EF307E1BFFFCF50BF19EA7F0AF54BE1F69F0BF5AA182CC48021060D317088C143B8FF6F84DBBE3D0612E9BE8FCD860001A01D4B050867CE4CEFBDFD37770408F1B678DF8EED55E312200040FB7EE2277EE29B2EBBECB27F212CF4FFF5B0A8FE77C282F23F0A5FFF56F8FAA28DF397D4BF325E621FEAEF86DB7F357C7FDDC6F94BF06F0CF5C150B787FB3E11BE9E0CF557A1BE1AEAEB07CF5FCAFFF0C6F94BFBE325FEF152FFF785DB7F3FD4FF1E1EF3EBE1FBFF3ED41B43BD2ED4CBC2EDFBC37EFC64F87A51FC5582F82B055BBF5A107FC5E09F48F79D7C1B02048076EC15203CF1D843D3CFDCF6B61DE1C1ACE27D719BF471AA5909100018B9678545F43F13EA5F0EF53D6181FD1F8485F60F87FAF1B0087C71F8FAD2F0F56737CEFFF1BC6BC302FDEF87FA47E1F6DF0BDFDFBC71FE8FED7D24D49F877A20DCF758F8FAE4C6F93FCE17FF48DFFD07CFFFD1BE3FDE38FF47FCE21FF38B7FD4EFFA70FBDF0BF596F09837847A75B8ED25A1FE76B8EDC742FDD0A5975EFAEFC63F1618FF6860FCE381E98E53AE0D0102403B16060867CE4C37EF3D3AFDE42D6FDC111AA415B789DBBA1A21BF040800D4A2A38FDB7B2AD413A136B76E8FF77F386E1F1F171FBFF53CF1F9DE145EE6AA505784FB3642FD17E1B68B43FD40B8ED7BC382FF5F3D7CF8F0B7C6FD4CF79D71D9102000B4635E80B0D755078BCAD508F9254000A00BB57CDC5ED8D567A5FB0EB936040800ED9817202C73D5C1A28A8F4D9F4F2D5F020480711BFBC7ED411736040800ED981720A4A1C0AA953E9F5ABE040800F5F0717B50870D0102403BE605086AB8122000B4CFC7EDC1B86D081000DA214028AB0408C0D8F9B83DA06D1B020480760810CA2A010250111FB7075461438000D00E014259254000BAE0E3F68031DB102000B4438050560910001FB707D0AE0D0102403B040865950001EAE1E3F600EAB0214000688700A1AC122040377CDC1EC0786D081000DA214028AB04088C9D8FDB03A06D1B020480760810CA2A010235F1717B00D460438000D00E0142592540A0233E6E0F80D1DA102000B4438050560910F0717B00D0AE0D0102403B040865D532014238093E2FBD8D61F8B83D0028DF860001A01D0284B26AB70061E3FCBF00C73F1077577A1FBBF3717B00305E1B020480760810CAAA79014238E93D776B31FA743C018685E7A7D26DD6898FDB0300DAB4214000688700A1ACDA1E20C445EAC6F9CBD4E35FA69F6EAB33DB8FE1507CDC1E0050830D0102403B040865553C1EF123E736CEFFA1BCF807F0B607077F5DE971DC8B8FDB0300C66AA3C1DC098039040865553C1E07CFFF51BD1DA141523E6E0F0060091B020480760810CAAA783CB616FC6960F08C0A0BFC5FDBF0717B00007B122000B4448050566D0508F12A821DA1C1F63A78F0E0B7A7C71200809D0408002D112094555B0182524A7552E93900600CF43F80960810CAAAD9A7306C9CFF55845BD3C9FFACE2A70CA4C712603726D0C058E97F002D11209455DB3FC631DA2548F8CEEDDB01ECC5041A182BFD0FA0250284B22A0D1066D22021BD1F602F7A073056FA1F404B040865D5A20061661624A4B703ECC5041A182BFD0FA0250284B26AAF0001A029136860ACF43F80960810CA2A0102D015136860ACF43F80960810CA2A0102D015136860ACF43F80960810CA2A0102D015136860ACF43F80960810CA2A0102D015136860ACF43F80960810CA2A0102D015136860ACF43F80960810CA2A0102D015136860ACF43F80960810CA2A0102D015136860ACF43F80960810CA2A0102D015136860ACF43F80960810CA2A0102D015136860ACF43F80960810CA2A0102D015136860ACF43F80960810CA2A0102D015136860ACF43F80960810CA2A0102D015136860ACF43F80960810CA2A0102D015136860ACF43F80960810CA2A0102D015136860ACF43F80960810CA2A0102D015136860ACF43F80960810CA2A0102D015136860ACF43F80960810CA2A0102D015136860ACF43F80960810CA2A0102D015136860ACF43F80960810CA2A0102D015136860ACF43F80960810CA2A0102D015136860ACF43F80960810CA2A0102D015136860ACF43F80960810CA2A0102D015136860ACF43F80960810CA2A0102D015136860ACF43F80960810CA2A0102D015136860ACF43F80960810CA2A0102D015136860ACF43F80960810CA2A0102D015136860ACF43F80960810CA2A0102D015136860ACF43F80960810CA2A0102D015136860ACF43F80960810CA2A0102D015136860ACF43F80960810CA2A0102D0918BB626D017A57700AC3B0102404B040865950001E8400C0D4E85BA7AEBAB100118150102404B8E1C39F2F4E9D3A7772C6455FF158EC3C393C9E44C7A8C0032CCC2835968907E0FB0F60408002D397EFCF8C3A74E9DDAB19855FDD7FDF7DF7FC36432B9333D46000D2D0A0B16DD0EB0960408002D397AF4E825C78E1DFBD2E6E6E623AE4418A6C2CF7DF3BEFBEEFBDDC964F2F9502F4C8F1140037B85047BDD0FB0360408002D8A8BD6F82FDFA1CEC6DFC157BD57FCB9C79FBFF00068C3B2E1C0B2DB01544D800000003BAD1A0AACBA3D407504080000F04C4DC380A68F03A88200010000BE213704C87D3C40B104080000705E5B8BFFB69E07A02802040000687FD1DFF6F3010C4E800000C0D875B5D8EFEA7901062140000060CCBA5EE477FDFC00BD112000003056DB17F7CF0AF5D2ADAF39E63D8F1001580B02040000C6280D0F7E3B549C18C7AF4D4384DD9E478800544F800000C0D8A48BF978C5409C14CF2A5DFC2F637B7830ABCB9EB1C5CED705A88A000100803199B7889FB7F85F254498F7F8DFDABA3D35EFF501AA20400000602C765BBCCF0B01960911E63D6E517830B3DB7E00144B800000C0182CB3689F1706EC1622CCDB7EAFF0606699FD01288A0001008075B7CA627D5E28302F4498B7DDB2E1C1CC2AFB05303801020000EBACC9227D5E38B03D449877FFAAE1C14C93FD031884000100807595B3389F1712C4EF9F3DE7F6A6E1C14CCE7E02F446800000C03A6A63513E2F44F874F27D6E7830D3C6FE02744A800000C0BA6973313E2F44683B3C986973BF015A27400000609D74B1088FBFB6905E7910BF8FB7B7AD8BFD0768850001008075F1CD179C5F7C5F9DDE9161B72B10E67D3A431BAE8E9374D57EA53F686035C6110000EBA4CD7FC19F171EA45722B41D22B4B9FF6C63E103F98C230000D64D1B8BF079E141FC9B07F33E85A1AD10A18DFD66010B1FC8671C0100B08E7216E38BC283594830EFFEDC1021677F5982850FE4338E000058574D16E5F3C281799FB6306FBBA6214293FD6445163E90CF380200609DADB2389F170ACC0B0F66E66DBF6A88B0CAFE91C1C207F219470000ACBB6516E9F3C280DDC28399798F5B36445866BF6889850FE4338E00001883DD16EBF3428065C28399798FDF2B44D86D7FE880850FE4338E0000188B458BF6975ED03C3C989917225CF68C2DBE61D17ED0210B1FC8671C01003026F316EFDB17FF4DC28399659E67DEEBD3030B1FC8671C01003036F316F171B11FAF1898B7E85FC56ECF33EF75E989850FE4338E000018A3BE17F37DBF1E090B1FC8671C010030567D2DEAFB7A1D7661E103F98C230000C6ACEBC57DD7CFCF922C7C209F710400C0D875B5C8EFEA7969C0C207F219470000D0FE62BFEDE72393850FE4338E0000E0BCB616FD6D3D0F2DB2F0817CC61100007C43EEE23FF7F174C4C207F219470000F04C4D4380A68FA307163E90CF380200809D560D0356DD9E9E59F8403EE3080000E65B361458763B0664E103F98C230000586CAF7060AFFB2984850FE4338E000060778B428245B753200B1FC8671C0100C0DED2B020FD9EC259F8403EE308000096330B0DAEDEFA2A3CA888850FE4338E00006049CF7FFEF35FBF3581161E54C6C207F219470000B0A43079BED504BA4E8E1BE4338E0000600961E27C719C3C6FD5C5E9FD94CDC207F219470000B084D9D5075B756B7A3F65B3F0817CC6110000EC21B9FAC0550815B2F0817CC6110000EC21B9FAC0550815B2F0817CC6110000EC62C1D507AE42A88C850FE4338E00006017F14A8339C181AB102A63E103F98C23000058205E6130273448EBE2F47194C7C207F219470000B040BCC2604E609096AB102A60E103F98C230000588109749D1C37C8671C0100C00A4CA0EBE4B8413EE30800005660025D27C70DF219470000B00213E83A396E90CF38020080159840D7C971837CC6110000ACC004BA4E8E1BE4338E0000600526D07572DC209F710400002B3081AE93E306F98C230000588109749D1C37C8671C0100C00A4CA0EBE4B8413EE30800005660025D27C70DF219470000B00213E83A396E90CF38020080159840D7C971837CC6110000ACC004BA4E8E1BE4338E0000600526D07572DC209F710400002B3081AE93E306F98C230000588109749D1C37C8671C0100C00A4CA0EBE4B8413EE30800005660025D27C70DF219470000B00213E83A396E90CF38020080159840D7C971837CC6110000ACC004BA4E8E1BE4338E0000600526D07572DC209F710400002B3081AE93E306F98C230000588109749D1C37C8671C0100C00A4CA0EBE4B8413EE30800005660025D27C70DF219470000B00213E83A396E90CF38020080159840D7C971837CC6110000ACC004BA4E8E1BE4338E0000600526D07572DC209F710400002B3081AE93E306F98C230000588109749D1C37C8671C0100C00A4CA0EBE4B8413EE30800005660025D27C70DF219470000B00213E83A396E90CF38020080159840D7C971837CC6110000ACC004BA4E8E1BE4338E0000600526D07572DC209F710400002B3081AE93E306F98C230000588109749D1C37C8671C0100C00A4CA0EBE4B8413EE30800005660025D27C70DF219470000B00213E83A396E90CF38020080159840D7C971837CC61100D0D8743A7DCEC993277FFFC489135F3B72E4C8743299A89E2BFCDC9F3E7EFCF8C3478F1EBD243D3E74C304BA4E8E1BE4338E0080C64E9E3CF9EEB0789D9E3A756A7AFAF4E9E9D9B36755CF157FEEF1E77FECD8B12F4D269317A6C788F69940D7C971837CC61100D058BCF2202E5ED345ADEABF3637371F994C2677A6C788F69940D7C971837CC61100D058FCB505571E9451F1384C269333E931A27D26D07572DC209F71040034167F073F5DC8AAE12A1E8FF418D13E13E83A396E90CF3802001A5B3640F8CAE39BD3931F79FBF49E0FFDF2B98AFF1D6F4BB753792540E88709749D1C37C8671C01008D2D13203CF1D843D3BB3FF0E6E9C7DFFB866754BC2DDE976EAF9A9700A11F26D07572DC209F71040034B64C80F0C03D37ED080F66F5E03D37EFD85E352F01423F4CA0EBE4B8413EE30800686C9900E1CF6F7DEB8EE06056F1BE747BD5BC0408FD3081AE93E306F98C2300A0B1650284BB27D7EC080E6615EF4BB757CD4B80D00F13E83A396E90CF3802001A1320945502847E9840D7C971837CC61100D0D8320142FCD48534389855BC2FDD5E352F01423F4CA0EBE4B8413EE30800686C9900E1DEDB7E63477030AB785FBABD6A5E02847E9840D7C971837CC61100D0D83201C2A30F7D627AF7077F694778106F8BF7A5DBABE62540E88709749D1C37C8671C01008D2D1320C4FADC5DEFD81120C4DBD2ED545E0910FA61025D27C70DF219470040634B050867CE4CEFBDFD37770408F1B678DF8EED55E31220F4C304BA4E8E1BE4338E0080C6F60A109E78ECA1E9676E7BDB8EF06056F1BEB84DFA38D5AC0408FD3081AE93E306F98C2300A0B18501C29933D3CD7B8F4E3F79CB1B77840669C56DE2B6AE46C82F01423F4CA0EBE4B8413EE30800686C5E80B0D755078BCAD508F92540E88709749D1C37C8671C01008DCD0B1096B9EA6051C5C7A6CFA7962F01423F4CA0EBE4B8413EE30800686C5E80908602AB56FA7C6AF91220F4C304BA4E8E1BE4338E0080C6E605086AB81220F4C304BA4E8E1BE4338E0080C60408659500A11F26D07572DC209F71040034264028AB0408FD3081AE93E306F98C2300A0310142592540E88709749D1C37C8671C01008D0910CA2A01423F4CA0EBE4B8413EE30800684C8050560910FA61025D27C70DF219470040630284B24A80D00F13E83A396E90CF3802001A1320945502847E9840D7C971837CC61100D09800A1AC1220F4C304BA4E8E1BE4338E0080C60408659500A11F26D07572DC209F71040034264028AB0408FD3081AE93E306F98C2300A0310142592540E88709749D1C37C8671C01008D0910CA2A01423F4CA0EBE4B8413EE30800684C8050560910FA61025D27C70DF2194700C00E6182706BA88BD3DB530284B24A80D00F13E83A396E90CF38020076881384ADDA35481020945502847E9840D7C971837CC61100B0C3B60061D720418050560910FA61025D27C70DF2194700C00E730284B9418200A1AC1220F4C304BA4E8E1BE4338E00801DE60407699D0B120408659500A11F26D07572DC209F7104002D9AB3D05EEB12209455E9F151DD553AF6299FE306F98C230068D1BA9C58D3C5D2B6BA75C3AF30145BAE4080C5D6A53FC3908C230068D1BA9C58F70A0E66BA0E10C24BCCADBEEE4F2BDD2EDD3EBD3DBDFF2B5FF9CAF4A28B2EDAF535724A80008BAD4B7F8621194700D0A27539B1EE151CCCF41120EC765BD7F7A735EFBE659FEFC48913D31FFEE11F3EF7FDBCEDDA2801022CB62EFD1986641C01408BD6E5C4BA577030234058FEF9E2D71FFCC11F3CF775DE766D940001165B97FE0C43328E00A045633BB10A10967FBE4B2EB964BAB9B979EEFB79DBB5510204586C6CFD19BA601C01408BC676621520ACFE7CF1FBF4B6B64A80008B8DAD3F43178C230068D1D84EACEB1C20C4AFB34AEF9BB77DFADF8B6E4B9FB3CD1220C06263EBCFD005E308005A34B613EB3A0708F36ADE7DAB3E5FFC3EBDADAD1220C06263EBCFD005E308005A34B6136B1F01C2BCEAEBFEB4D2EDD2EDD3DBD3FBB76F933E771B254080C5C6D69FA10BC61100B4686C27D6AE0304B55A091060B1B1F567E8827104002D1ADB8955805056091060B1B1F567E8827104002D1ADB8955805056091060B1B1F567E8827104002D1ADB8955805056091060B1B1F567E8827104002D1ADB8955805056091060B1B1F567E8827104002D1ADB8955805056091060B1B1F567E8827104002D1ADB8955805056091060B1B1F567E8827104002D1ADB8955805056091060B1B1F567E8827104002D1ADB8955805056091060B1B1F567E8827104002D1ADB8955805056091060B1B1F567E8827104002D1ADB8955805056091060B1B1F567E8827104002D1ADB8955805056091060B1B1F567E8827104002D1ADB8955805056091060B1B1F567E8827104002D1ADB8955805056091060B1B1F567E8827104002D1ADB8955805056091060B1B1F567E8827104002D1ADB8955805056091060B1B1F567E8827104002D1ADB8955805056091060B1B1F567E8827104002D1ADB8955805056091060B1B1F567E8827104002D1ADB8955805056091060B1B1F567E8827104002D1ADB8955805056091060B1B1F567E8827104002D1ADB8955805056091060B1B1F567E8827104002D1ADB8955805056091060B1B1F567E8827104002D1ADB8955805056091060B1B1F567E8827104002D1ADB8955805056091060B1B1F567E8827104002D1ADB8955805056091060B1B1F567E8827104002D1ADB8955805056091060B1B1F567E8827104002D1ADB8955805056091060B1B1F567E8827104002D1ADB89F5C891234F9F3E7D7AC74256F55FE1383C3C994CCEA4C708386F6CFD19BA601C01408BC676623D7EFCF8C3A74E9DDAB19855FDD7FDF7DF7FC36432B9333D46C07963EBCFD005E308005A34B613EBD1A3472F3976ECD8973637371F7125C230157EEE9BF7DD77DFEF4E2693CF877A617A8C80F3C6D69FA10BC61100B4688C27D6B8688DFFF21DEA6CFC1D7CD57BC59F7BFCF90B0F601763ECCFD036E308005AE4C40A5026FD19F2194700D02227568032E9CF90CF3802801639B10294497F867CC61100B4C88915A04CFA33E4338E00A0454EAC0065D29F219F7104002D7262052893FE0CF98C23006891132B4099F467C8671C01408B9C5801CAA43F433EE308005AE4C40A5026FD19F2194700D02227568032E9CF90CF3802801639B10294497F867CC61100B4C88915A04CFA33E4338E00A0454EAC0065D29F219F7104002D7262052893FE0CF98C23006891132B4099F467C8671C01408B9C5801CAA43F433EE308005AE4C40A5026FD19F2194700D02227568032E9CF90CF3802801639B10294497F867CC611F4683A9D3EE7E4C993BF7FE2C489AF1D3972643A994C54CF157EEE4F1F3F7EFCE1A3478F5E921E1F6883132B4099F467C8671C418F4E9E3CF9EEB0789D9E3A756A7AFAF4E9E9D9B36755CF157FEEF1E77FECD8B12F4D269317A6C7087239B10294497F867CC611F4285E791017AFE9A256F55F9B9B9B8F4C26933BD36304B99C5801CAA43F433EE3087A147F6DC1950765543C0E93C9E44C7A8C2097132B4099F467C8671C418FE2EFE0A70B59355CC5E3911E23C8E5C40A5026FD19F21947D0A3650384AF3CBE393DF991B74FEFF9D02F9FABF8DFF1B6743B95570204BAE0C40A5026FD19F21947D0A3650284271E7B687AF707DE3CFDF87BDFF08C8AB7C5FBD2ED55F31220D00527568032E9CF90CF38821E2D13203C70CF4D3BC283593D78CFCD3BB657CD4B8040179C5801CAA43F433EE3087AB44C80F0E7B7BE75477030AB785FBABD6A5E0204BAE0C40A5026FD19F21947D0A3650284BB27D7EC080E6615EF4BB757CD4B8040179C5801CAA43F433EE3087A244028AB040874C18915A04CFA33E4338EA047CB0408F15317D2E06056F1BE747BD5BC040874C18915A04CFA33E4338EA047CB0408F7DEF61B3B828359C5FBD2ED55F31220D00527568032E9CF90CF38821E2D13203CFAD027A6777FF097768407F1B6785FBABD6A5E0204BAE0C40A5026FD19F21947D0A3650284589FBBEB1D3B0284785BBA9DCA2B01025D7062052893FE0CF98C23E8D15201C29933D37B6FFFCD1D0142BC2DDEB7637BD5B8040874E0A2AD13EB45E91D000CCBC207F21947D0A3BD0284271E7B68FA99DBDEB6233C9855BC2F6E933E4E352B01022D8BA1C1A950576F7D15220014C4C207F21947D0A38501C29933D3CD7B8F4E3F79CB1B77840669C56DE2B6AE46C82F01022D9A8507B3D020FD1E808159F8403EE3087A342F40D8EBAA8345E56A84FC1220D0924561C1A2DB011880850FE4338EA047F3028465AE3A5854F1B1E9F3A9E54B80400BF60A09F6BA1F809E58F8403EE3087A342F40484381552B7D3EB57C0910C8B46C38B0EC760074C8C207F21947D0A37901821AAE04086458351458757B005A66E103F98C23E89100A1AC1220D050D330A0E9E3006881850FE4338EA0470284B24A804003B92140EEE30168C8C207F21947D02301425925406045CB2CFEE37B6A568B2CF33C00B4CCC207F21947D02301425925406005CB2EFA970910A2659F0F809658F8403EE3087A244028AB04082C6995C5FEB20142B4CAF30290C9C207F21947D02301425925406009AB2EF2570910A2559F1F80862C7C209F71043D122094550204F6D06471BF6A801035791D005664E103F98C23E89100A1AC1220B08BA68BFA260142D4F4F5005892850FE4338EA0470284B24A80C002398BF9A6014294F3BA00ECC1C207F21947D0230142592540608EDC457C4E8010E5BE3E000B58F8403EE3087A244028AB040824DA58BCE70608511BFB0140C2C207F21947D0230142592540609BB616ED6D0408515BFB03C0160B1FC8671C418F0408659500812D6D2ED6DB0A10A236F70B60F42C7C209F71043D122094550284F5114E66B786BA38BD7D096D2FD2DB0C10A2B6F70F60B42C7C209F71043D122094550284F5114F665BB54A90D0C5E2BCED0021EA623F0146C7C207F21947D0230142592540581FDB0284658384AE16E55D04085157FB0B301A163E90CF38821E0910CA2A01C2FA981320EC162474B918EF2A4088BADC6F80B567E103F98C23E89100A1AC1220AC8F39C1415AB320619945F8F61060A85AE4A20BF6DE7F00E6B0F0817CC611F448805056CD5964AA35AE7DFBF64D2FBCF0C278D2BB3A1D9B8974313F44ED26EE7F0C11BE39BD0380C5E2B920BD0D588D71043D12209455AE40581F6958B0AD6EDD78E6AF305C74C1DEFF829F2EE687A8452EBA60EFFD07600E0B1FC8671C418F4A0B102ED8B96839577DDD3F740910D6C712C1C176175DD0DD227CFB7BBD6D5DEE37C0DAB3F0817CC611F4A8C40061B7DBBABE7FE81220AC8F258383EDBA5A8C9F7B8F6F559BBADA5F80D1B0F0817CC611F4488030FFB6A14A80B03E56080EB6EB62517EEE3DBE556DE9623F0146C7C207F21947D02301C2FCDB862A010217B4BF383FF71EDFAA36B4BD7F00A365E103F98C23E8910061FE6D439500812D6D2ED2CFBDC7B72A579BFB05307A163E90CF38821E0910E6DF36540910D8A6ADC5FAB9F7F856E5686B7F00D862E103F98C23E8910061FE6D43950081441B8BF673EFF1AD6AAA8DFD002061E103F98C23E8518901C2BCEAEBFEA14B80C01C175D90B778DFFE5E6F22F7F50158C0C207F21947D0A3D20284B1970081057216F1390142CEEB02B0070B1FC8671C418F0408659500815D345DCC370D109ABE1E004BB2F0817CC611F4488050560910D84393457D9300A1C9EB00B0220B1FC8671C418F04086595008125ACBAB85F354058F5F90168C8C207F21947D02301425925406049AB2CF257091056795E003259F8403EE3087A244028AB0408AC60D9C5FEB201C2B2CF07404B2C7C209F71043D12209455020456B4CCA27F99006199E701A065163E90CF38821E0910CA2A01020DE42EFE731F0F4043163E90CF38821E0910CA2A01020D350D019A3E0E801658F8403EE3087A244028AB04086458350C58757B005A66E103F98C23E89100A1AC12209069D95060D9ED00E890850FE4338EA0470284B24A80400BF60A07F6BA1F809E58F8403EE3087A244028AB0408B4645148B0E876000660E103F98C23E89100A1AC1220D0A2342C48BF076060163E90CF38821E0910CA2A01022D9B8506576F7D151E0014C4C207F21947D0230142592540A003176D9D5885070085B1F0817CC611F4488050560910E882132B4099F467C8671C418F0408659500812E38B10294497F867CC611F4488050560910E882132B4099F467C8671C418F0408659500812E38B10294497F867CC611F4488050560910E882132B4099F467C8671C418F0408659500812E38B10294497F867CC611F4488050560910E882132B4099F467C8671C418F0408659500812E38B10294497F867CC611F4488050560910E882132B4099F467C8671C418F0408659500812E38B10294497F867CC611F4488050560910E882132B4099F467C8671C418F8E1C39F2F4E9D3A7772C6455FF158EC3C393C9E44C7A8C2097132B4099F467C8671C418F8E1F3FFEF0A953A7762C6655FF75FFFDF7DF30994CEE4C8F11E47262052893FE0CF98C23E8D1D1A3472F3976ECD8973637371F7125C230157EEE9BF7DD77DFEF4E2693CF877A617A8C2097132B4099F467C8671C41CFE2A235FECB77A8B3F177F055EF157FEEF1E72F3CA0134EAC0065D29F219F7104AC24348D5B350E58CCF8002893FE0CF98C236069A1615C1C9BC6565D9CDE0F38B102944A7F867CC611B0B4D9D5075B756B7A3FE0C40A502AFD19F21947C05292AB0F5C85000B38B10294497F867CC611B094E4EA035721C0024EAC0065D29F219F7104EC295E6930273C701502CCE1C40A5026FD19F21947C09EE295067382035721C01C4EAC0065D29F219F7104EC2A5E6130273448EBE2F47130564EAC0065D29F219F7104EC6A63F7AB0F66E52A04D8E2C40A5026FD19F21947C0CA340E58CCF8002893FE0CF98C2360651A072C667C0094497F867CC611B0328D0316333E00CAA43F433EE3085899C6018B191F0065D29F219F7104AC4CE380C58C0F8032E9CF90CF380256A671C062C6074099F467C8671C012BD3386031E303A04CFA33E4338E8095691CB098F1015026FD19F21947C0CA340E58CCF8002893FE0CF98C2360651A072C667C0094497F867CC611B0328D0316333E00CAA43F433EE3085899C6018B191F0065D29F219F7104AC4CE380C58C0F8032E9CF90CF380256A671C062C6074099F467C8671C012BD3386031E303A04CFA33E4338E8095691CB098F1015026FD19F21947C0CA340E58CCF8002893FE0CF98C2360651A072C667C0094497F867CC611B0328D0316333E00CAA43F433EE3085899C6018B191F0065D29F219F7104AC4CE380C5C6363EA6D3E9734E9E3CF9FB274E9CF8DA912347A693C944F55CE1E7FEF4F1E3C71F3E7AF4E825E9F101BE616CFD19BA601C012BD33860B1B18D8F93274FBE3B2C5EA7A74E9D9A9E3E7D7A7AF6EC59D573C59F7BFCF91F3B76EC4B93C9E485E93102CE1B5B7F862E1847C0CA340E586C6CE3235E791017AFE9A256F55F9B9B9B8F4C26933BD363049C37B6FE0C5D308E8095691CB0D8D8C647FCB505571E9451F1384C269333E93102CE1B5B7F862E1847C0CA340E586C6CE323FE0E7EBA9055C3553C1EE93102CE1B5B7F862E1847CC359D4E9F7DE2C489BFF38E77BCE3836F79CB5B1EF9855FF885D3AF7EF5AB9F8E6F982BAFBCF2C9ABAFBEFACBE1B6BFB8F6DA6B7FEDF2CB2F7F6EFA78D69BC6018B8D6D7C2C1B207CE5F1CDE9C98FBC7D7ACF877EF95CC5FF8EB7A5DBA9BC1220C06263EBCFD005E38867984EA717DE72CB2DFFF0CD6F7EF3D7AEB8E28AE975D75D37BDE38E3BA69FFDEC67A78F3EFAE8348A5FE3F7F1F678FFCB5FFEF2A75EFBDAD79E7CC52B5EF182F4F9584F1A072C36B6F1B14C80F0C4630F4DEFFEC09BA71F7FEF1B9E51F1B6785FBABD6A5E0204586C6CFD19BA601CF1D7EEB8E38E9FBDF6DA6B4F5F75D555D313274E4C9F7AEAA97381C15EE27671FBD7BDEE754FFECCCFFCCC9F1C3870E0BBD3E766BD681CB0D8D8C6C73201C203F7DCB4233C98D583F7DCBC637BD5BC0408B0D8D8FA3374C138225E75F0AC0F7CE003EF7AD5AB5E357DDFFBDE37FDFAD7BF9E66044B898F8B8F3F7CF8F0570E1E3CF863E9EBB03E340E586C6CE3639900E1CF6F7DEB8EE06056F1BE747BD5BC0408B0D8D8FA3374C1381AB9B0EE7FD68D37DEF8C7AF7EF5ABA79FFAD4A7D24CA091F83C575C71C5570F1D3AF4F2F4F5580F1A072C36B6F1B14C8070F7E49A1DC1C1ACE27DE9F6AA79091060B1B1F567E882713472F1CA832BAFBC721A3FC3BB4DF1F92EBFFCF227F6EFDFFFA3E96B523F8D03161BDBF8102094550204586C6CFD19BA601C8DD8EDB7DFFEB3313C68EBCA835478DEA72FBBECB2C7F6EDDBF73DE96B53378D03161BDBF8582640889FBA900607B38AF7A5DBABE6254080C5C6D69FA10BC6D14885F5FD85BFF22BBF723AFECD822EBDE73DEF79ECD0A143B7A4AF4FDD340E586C6CE3639900E1DEDB7E63477030AB785FBABD6A5E0204586C6CFD19BA601C8DD4FBDFFFFEEBE3A72D34FD8389CB8ACF7FC515577C61FFFEFD3F92EE03F5D23860B1B18D8F650284471FFAC4F4EE0FFED28EF020DE16EF4BB757CD4B80008B8DAD3F43178CA3110AEBFA67BFE94D6FFA5AFCE8C53E7CF8C31F7E3CBCD1FE71BA1FD44BE380C5C6363E960910627DEEAE77EC0810E26DE9762AAF0408D5FAE6F406DA37B6FE0C5D308E46E8F6DB6FFFDBAF78C52BA64F3DF554BAD6EF447C9D4B2FBDF4F17DFBF67D57BA2FD449E380C5C6363E960A10CE9C99DE7BFB6FEE0810E26DF1BE1DDBABC62540A8D245A14E6D7DA54363EBCFD005E368847EE7777E6772DD75D7A5EBFC4EBDE52D6FB9FBC08103AF4EF7853A691CB0D8D8C6C75E01C2138F3D34FDCC6D6FDB111ECC2ADE17B7491FA79A9500A13AB3F0E0EAADAF42840E8DAD3F43178CA311BAF6DA6BBFD0D7AF2FCC7CE8431FBA27BCD96E4CF7853A691CB0D8D8C6C7C200E1CC99E9E6BD47A79FBCE58D3B4283B4E236715B5723E49700A12AE99507E9F7B46C6CFD19BA601C8DD0CFFFFCCF9F3E79F264BAC6EFD4A73FFDE9FBC29BED23E9BE50278D03161BDBF8981720EC75D5C1A27235427E0910AAB1282C58743B2D185B7F862E18472374E595573EFDC52F7E315DE377EAD1471F7D22BCD91E4AF7853A691CB0D8D8C6C7BC006199AB0E16557C6CFA7C6AF912205461AF9060AFFB69686CFD19BA601C8DD04B5EF292E9934F3E99AEF13B155EEFCBF1CDA6D6A7D2F71570DED8C6C7BC00210D0556ADF4F9D4F2254028DEB2E1C0B2DBB182B1F567E882713442AF7AD5AB9EECFB0A842F7CE10B7FB1E10A046004C676629D1720A8E14A8050B455438155B7670FEBDA9F0F1F3EFCADE1FFEDC5070E1CF8F5F0F548A8CF85FAEAD63FFAC4AFF1FB235BF7BF386E9F3E072C6B5DC711BBF8B99FFBB92FF7FD3710FEECCFFEECAE0D7F03011881B19D580508659500A1584DC380A68F638E75EBCF070F1EFCB1F0FF7463A8B35B61C1B215B7BF313E3E7D4ED8CBBA8D2396F0C637BEF1337D7F0AC31FFCC11FDC141B55BA2F00EB666C2756014259254028526E0890FB78B6AC4B7F0E0BFF1F0AFF2F77CC09069AD41DF1F9D2D78045E2FB26BD8D35F796B7BCE5D7AEBBEEBA748DDFA9D7BCE635EF3B70E0C0ABD37D015837633BB10A10CA2A014271DA5AFCB7F53CA3567B7F3E7CF8F085613EFD0FC2FFC7D3691070D555574DDFF5AE774D3FFAD18F4E3FFBD9CFC63F607E6E0E1EBFC6EFE3EDF1FEB85DFAD8F87CF179E3F3A7AF09A9DAC7110D5C7EF9E5CFBDE28A2B9E0A92657E37C2EBFC6578A37D61DFBE7DDF95EE0BC0BA19DB895580505609108AD2F6A2BFEDE71B9D9AFB73D8F7E71E3C78F0E3DB17FE870E1D9A5E7FFDF5D3071F7C309D7EEF2A6E1F1F171F9F04097F1A5F277D6DD8AEE6714486D7BEF6B59FEBEBD7186EB8E186778637DA3F4EF701601D8DEDC42A4028AB0408C5E86AB1DFD5F38E42ADFDF9E0C183DF1BEAA1ED8BFDB7BEF5ADD3071E78209D76AF243E3E3E4F12223C105F2FDD0798A9751C91E915AF78C50B5EF7BAD73DF9F5AF7F3DED25AD0ACFFF407893DDBB7FFFFE1F49F701601D8DEDC42A4028AB040845E87A91DFF5F3AFAD1AFB73BC22607B7810AF1AB8E9A69BD2297796F87CC9D50871FEEE4A04E6AA711CD192D7BCE6357FF2BEF7BDEFE9B489B4E8E95FFDD55F7D7B7893BD2F7D6D807535B613AB00A1AC12200C6EFBE2FE59A15EBAF535C7BCE7112234505B7F8E7F9360FBAF2D5C7EF9E5D38F7DEC63E97CBB15F179E3F36F0B11FED4DF44609EDAC6112DDAB76FDFF78446F1C4A73EF5A9B487B4E28FFEE88F7E27BCC136E3EBA4AF0DB0AEC6766215209455028441A5E1C16F878AC7237E6D1A22ECF63C428415D5D69FB7FE60E25F5F79D0557830139F7FFB9508F1F5D37D82DAC6112D8B9FFFFAB297BDECABA74E9D4A7B4896FBEEBBEFE6F0E67A78FFFEFD3F9ABE26C03A1BDB8955805056091006932EE65F7AC1F945FFACD2C5FF32B68707B3BAEC195BEC7C5D7651537FDEFAA8C6A7668BF99B6FBE399D6E7722BECEEC35E3EBFB884752358D233A72E8D0A1975F7EF9E55F6EEB4A84AD2B0FE2EF6ABD2C7D2D807537B613AB00A1AC12200C62DE227EDEE27F951061DEE37F6BEBF6D4BCD7678E9AFA73D8D73B660BF9F8870EFB94FC61C53BD27D63DC6A1A4774285E29F09297BCE4B1F7BCE73D8F35FDC38AF10F266EFDCD83BF74E5013056633BB10A10CA2A0142EF765BBCCF0B01960911E63D6E517830B3DB7EB0A596FE1CE7D1B3057CFC9582DC4F5B58557CBDEDBFCA605ECF76B58C237A70E0C081EF0ECDE203575C71C5173EFCE10F3FFED4534FA5FD64AEB0DDA91B6EB8E15DE1CD746FA8F7C7E7499F1B602CC676621520945502845E2DB3689F1706EC1622CCDB7EAFF0606699FD19B55AFA73D8CF1B678BF7EBAFBF3E9D7AF722BEEE6C1FE2FEA4FBC878D5328EE851FCC8C5F0C6387EE9A5977EE99A6BAEF9E4912347EEFEF4A73FFDF9471E79E42BA19F3CF1577FF55727EFB9E79EBBFEF00FFFF03DAF7DED6BDF1FB67D246EEFA31A01C67762152094550284DEACB2589F170ACC0B11E66DB76C7830B3CA7E8D4E0DFDF9D0A143DF16F6F3EC6CF1DEF7D50733F175B7050867E37EA5FBCA38D5308E18C8BE7DFBBE2BBC41AE3C70E0C04DE1EB9D1BE73F13363691F8F5CEADDBAF8CDBA58F0518AB7539B186FF8F5B435D9CDE9E122094550284E52DFB1E9FA3C9227D5E38B03D449877FFAAE1C14C93FD1B85A1FBF3C183071F0B75557AFB76611F5FBC35DF9E5E75D555E9BABE57F1F567FB12F72BDD57C669E87104006B655D4EACDB268DBB2EB204086595006179CBBEC713398BF3792141FCFED9736E6F1A1ECCE4ECE7DA1ABA3FCFDE73BB0509E1FEB7CDB67BE73BDF99AEE97B155F7FDB38795BBAAF8CD3D0E30800D6CABA9C58B74D1A775D640910CA2A01C2F2967D8F6FD3C6A27C5E88F0E9E4FBDCF060A68DFD5D2B43F7E7F43D372F4808DF1F9DDD7FD75D77A56BFA5EC5D7DFB6AF47B7EF27E335F4380280B5B22E27D674A2BBAD9EB1C8122094550284E5CD796FCF7D8F6F6973313E2F44683B3C986973BFAB178F6F7A5B9FE6BCD7CED5F620217CFFF9D9ED274F9E4CD7F4BD8AAFBF6D3F3F9FFEFF304E438F2300582BEB72624D27B873EAD650170B10CA2A01C2F2E6BCA7D33AF71EBFA09B4578FCB585F4CA83F87DBCBD6D5DEC7F95E2714D6FEBD39CF7D8332A0609E1EB99D9F75FFCE217D3357DAFE2EB6FDBB72FA7FF3F8CD3D0E30800D64A3A215CF712209455E9F151ED5418DA57A7633DC36E5720CCFB7486365C9DFE3FA9F2EBC9279F4CD7F4BD8AAFBF6D7FBE9EBEA918A7F87E486F0300462E9DC86EAB5B37FC0A43B1E50A84E5CD796FCF7D8F5FD0EEBFE0CF0B0FD22B11DA0E11DADC7F32CC79AF9DABEDBFC210FFA57F76BB2B1028517C3FA4B7010023974E7037762EAACEE93240B860E7BFCE9EABBEEE4F2BDD2EDD3EBD7DFBFDB7DC72CBF4FBBEEFFBA6175E78E1F4F9CF7FFEF4A31FFDE88EE76FA30408CB5BF63DBEE5A20BF217E1F3C283F8370FE67D0A435B21421BFB4D4BD2F7DCBC3FA2B8E16F2050B8F87E486F0300466EC94555E701C26EB7757D7F5AF3EE5BF6F97EE0077E60FA4DDFF44DB305FEF4FBBFFFFB776CDB46091096B7EC7B7C9BB8086FBA185F141ECC428279F7E7860839FB4B0766EFB979C1C18C4F61A07402040060876517550284D59EEFBEFBEE3B77DBB77CCBB7ECD8B68D12202C6FD9F778222EC6575D94CF0B07E67DDAC2BCED9A86084DF6938EED161CCC84F7E4DB668BF677BEF39DE99ABE57F1F567FB12F72BDD57C64980000034264058EDF97EF1177FF1DC6D3FF9933FB963DB364A80D08BB8285F76713E2F1498171ECCCCDB7ED5106195FDA3306171F6E2D9A2FDAAABAE4AD7F4BD7AFDEB5FFFF4B600E1C5E9BE324E020400A03101C2F2CFF77BBFF77BD3673FFBD9D3EFFCCEEF9CDE7BEFBD3BB66DA30408BD5966913E2F0CD82D3C9899F7B865438465F68B821D3A74E8DBC202EDEC6CE1FEC0030FA4EBFA5EC4D7DD161E9C8DFB95EE2BE3244000001A5BD700217E9D557ADFBCEDD3FF4E6FBBEDB6DBA6CF79CE73A6CF7BDEF3CEFD61B274BBB64A80D0AB8B2E58BC589F17022C131ECCCC7BFC5E21C26EFB4345C202EDC6D9E2FDFAEBAF4FD7F6BD88AFBB2D40B831DD47C64B80000034B6AE01C2BC9A77DFB2CFF78217BC60FAE33FFEE3D3C71F7F7CC7366D9600A1778B16ED2FBDE0998BFF55C283997921C265CFD8E21B16ED0715DABF7FFF8FCE16EF870E1DEAFD2A84F87A070F1EFCEB5F5F88FB93EE23E3254000001AEB3A4098577DDD9F56BA5DBA7D7AFBF6FBBFE33BBEE319B7BDE94D6FDAF1FC6D94006110175DB073F1BE7DF1DF243C9859E679E6BD3E950B8BB43B660BF8B7BEF5ADE91ABF53F1F5B65D7D7047BA6F8C9B00010068ACCB0041AD5E0284C1CC5BC4C7C57EBC6260DEA27F15BB3DCFBCD7650D1C3C78F087C242EDA9D942FEE69B6F4ED7F99D88AFB32D3C782AEE47BA6F8C9B000100684C805056091006D5F762BEEFD7A367070E1CF807B3C57CFC55868F7DEC63E97ABF55F1F9B7FFEA427CFD749F4080000034264028AB040883EB6B51DFD7EB30A0C3870F5F18166B7F3A5BD05F7EF9E59D8508F179C3EBFDF5150FF175E3EBA7FB04020400A03101425925402842D78BFBAE9F9F8284C5DA73433DB0FD4A849B6EBA295DFF6789CFB7FDCA83ADD77B6EBA2F1009100080C60408659500A1185D2DF2BB7A5E0A1616F7DFBB3D448815FFD061EEA733C4C7277F30F15C78105F2FDD0798112000008D0910CA2A014251DA5EECB7FD7C54245E11B0B1EDD71962C5AB11AEBFFEFAE9830F3E986603BB8ADBC7C725571D9CFBB585F83AE96BC376020400A0310142592540284E5B8BFEB69E878AC5BF49B0F58715D385FFF4AAABAE9ABEEB5DEF9A7EF4A31F9D7EF6B39F9D3EFAE8A3E7C282F8357E1F6F8FF7BFFEF5AFDFF1D8F87CF179FDCD0396214000001A13209455028422E52EFE731FCF9AD9FA88C73BE604014DEA0E1FD5C82AE2FB26BD0D0060290284B24A8050ACA62140D3C7310261E1FF6361317763A8B3738281DD2A6E7F637C7CFA9CB017010200D09800A1AC1220146DD53060D5ED19A9C3870F7F6B58D4BDF8C08103BF1EBE1E09F5B9505FDD0A0BE2D7F8FD91ADFB5F1CB74F9F0396254000001A132094550284E22D1B0A2CBB1D40AF04080040630284B24A805085BDC281BDEE07188C000100684C8050560910AAB1282458743B401104080040630284B24A805095342C48BF07288E000100684C8050560910AA330B0DAEDEFA2A3C008A264000001A1320945502842A5DB43521171E00C5132000008D0910CA2A01429D4CC8815AE8570040630284B24A8050271372A016FA1500D09800A1AC1220D4C9841CA8857E050034264028AB0408753221076AA15F01008D0910CA2A01429D4CC8815AE8570040630284B24A8050271372A016FA1500D09800A1AC1220D4C9841CA8857E050034264028AB0408753221076AA15F01008D0910CA2A01429D4CC8815AE8570040630284B24A8050271372A016FA1500D09800A1AC1220D4C9841CA8857E05003476E4C891A74F9F3EBD6321ABFAAF701C1E9E4C2667D26344F94CC8815AE857004063C78F1F7FF8D4A9533B16B3AAFFBAFFFEFB6F984C2677A6C788F2999003B5D0AF0080C68E1E3D7AC9B163C7BEB4B9B9F9882B1186A9F073DFBCEFBEFB7E7732997C3ED40BD36344F94CC8815AE857004096B8688DFFF21DEA6CFC1D7CD57BC59F7BFCF90B0F2A65420ED442BF02008001999003B5D0AF0000604026E4402DF42B000018900939500BFD0A00000664420ED442BF02008001999003B5D0AF0000604026E4402DF42B000018900939500BFD0A00000664420ED442BF02008001999003B5D0AF0000604026E4402DF42B000018900939500BFD0A00000664420ED442BF02008001999003B5D0AF0000604026E4402DF42B000018900939500BFD0A00000664420ED442BF02008001999003B5D0AF0000604026E4402DF42B000018900939500BFD0A00000664420ED442BF02008001999003B5D0AF0000604026E4402DF42B000018900939500BFD0A00000664420ED442BF02008001999003B5D0AF0000604026E4402DF42B000018900939500BFD0A00000664420ED442BF02008001999003B5D0AF0000604026E4402DF42B000018900939500BFD0A00000664420ED442BF02008001999003B5D0AF0000604026E4402DF42B000018900939500BFD0A00000664420ED442BF02008001999003B5D0AF0000604026E4402DF42B000018900939500BFD0A00000664420ED442BF02008001999003B5D0AF0000604026E4402DF42B000018900939500BFD0A00000664420ED442BF02008001999003B5D0AF0000604026E4402DF42B000018900939500BFD0A00000664420ED442BF02008001999003B5D0AF0000604026E4402DF42B000018900939500BFD0A00000664420ED442BF02008001999003B5D0AF0000604026E4402DF42B000018900939500BFD0A00000664420ED442BF02008001999003B5D0AF0000604026E4402DF42B000018900939500BFD0A00000664420ED442BF02008001999003B5D0AF0000604026E4402DF42B000018900939500BFD0A00000664420ED442BF02008001999003B5D0AF0000604026E4402DF42B000018900939500BFD0A00000664420ED442BF02008001999003B5D0AF0000604026E4402DF42B000018900939500BFD0A00000664420ED442BF02008001999003B5D0AF0000604026E4402DF42B000018900939500BFD0A00000664420ED442BF02008001999003B5D0AF0000604026E4402DF42B000018900939500BFD0A00000664420ED442BF02008001999003B5D0AF0000604026E4402DF42B000018900939500BFD0A00000664420ED442BF02008001999003B5D0AF0000604026E4402DF42B000018900939500BFD0A00000664420ED442BF02008001999003B5D0AF0000604026E4402DF42B000018900939500BFD0A00000664420ED442BF02008001999003B5D0AF0000604026E4402DF42B000018900939500BFD0A00000664420ED442BF02008001999003B5D0AF0000604026E4402DF42B000018900939500BFD0A00000664420ED442BF02008001999003B5D0AF0000604026E4402DF42B000018900939500BFD0A00000664420ED442BF02008001999003B5D0AF0000604026E4402DF42B000018900939500BFD0A00000664420ED442BF02008001999003B5D0AF0000604026E4402DF42B000018900939500BFD0A00000664420ED442BF02008001999003B5D0AF0000604026E4402DF42B000018900939500BFD0A00000664420ED442BF02008001999003B5D0AF0000604026E4402DF42B000018900939500BFD0A00000664420ED442BF02008001999003B5D0AF0000604026E4402DF42B000018900939500BFD0A00000664420ED442BF02008001999003B5D0AF0000604026E4402DF42B000018900939500BFD0A00000664420ED442BF02008001999003B5D0AF0000604026E4402DF42B000018900939500BFD0A00000664420ED442BF02008001999003B5D0AF0000604026E4402DF42B000018900939500BFD0A00000664420ED442BF02008001999003B5D0AF0000604026E4402DF42B000018900939500BFD0A00000664420ED442BF02008001999003B5D0AF0000604026E4402DF42B000018900939500BFD0A00000664420ED442BF02008001999003B5D0AF0000604026E4402DF42B000018900939500BFD0A00000664420ED442BF02008001999003B5D0AF0000604026E4402DF42B000018900939500BFD0A00000664420ED442BF02008001999003B5D0AF0000604026E4402DF42B000018900939500BFD0A00000664420ED442BF02008001999003B5D0AF0000604026E4402DF42B000018900939500BFD0A00000664420ED442BF02008001999003B5D0AF0000604026E4402DF42B000018900939500BFD0A00000664420ED442BF02008001999003B5D0AF0000604026E4402DF42B000018900939500BFD0A00000664420ED442BF02008001999003B5D0AF0000604026E4402DF42B000018900939500BFD0A00000664420ED442BF02008001999003B5D0AF0000604026E4402DF42B000018900939500BFD0A00000664420ED442BF02008001999003B5D0AF0000604026E4402DF42B000018900939500BFD0A00000664420ED442BF02008001999003B5D0AF0000604026E4402DF42B000018900939500BFD0A00000664420ED442BF02008001999003B5D0AF0000604026E4402DF42B000018900939500BFD0A00000664420ED442BF02008001999003B5D0AF0000604026E4402DF42B000018900939500BFD0A00000664420ED442BF02008001999003B5D0AF0000604026E4402DF42B000018900939500BFD0A00000664420ED442BF02008001999003B5D0AF0000604026E4402DF42B000018900939500BFD0A00000664420ED442BF02008001999003B5D0AF0000604026E4402DF42B000018900939500BFD0A00000664420ED442BF02008001999003B5D0AF0000604026E4402DF42B000018900939500BFD0A00000664420ED442BF02008001999003B5D0AF000060407142AE9452B554DAC3000000000000000000000000000080FFBF3D38240000000010F4FFB523AC000000000000000000000000000000000000000000000C01622906F1416139C50000000049454E44AE426082, 1);
INSERT INTO `act_ge_bytearray` VALUES ('f846cf8c-3cc5-11f1-8b52-52284ac9a333', 1, 'process_4.bpmn20.xml', 'f846cf8b-3cc5-11f1-8b52-52284ac9a333', 0x3C3F786D6C2076657273696F6E3D22312E302220656E636F64696E673D225554462D38223F3E0A3C646566696E6974696F6E7320786D6C6E733D22687474703A2F2F7777772E6F6D672E6F72672F737065632F42504D4E2F32303130303532342F4D4F44454C2220786D6C6E733A7873693D22687474703A2F2F7777772E77332E6F72672F323030312F584D4C536368656D612D696E7374616E63652220786D6C6E733A62706D6E64693D22687474703A2F2F7777772E6F6D672E6F72672F737065632F42504D4E2F32303130303532342F44492220786D6C6E733A6F6D6764633D22687474703A2F2F7777772E6F6D672E6F72672F737065632F44442F32303130303532342F44432220786D6C6E733A62696F633D22687474703A2F2F62706D6E2E696F2F736368656D612F62706D6E2F62696F636F6C6F722F312E302220786D6C6E733A64693D22687474703A2F2F7777772E6F6D672E6F72672F737065632F44442F32303130303532342F44492220786D6C6E733A666C6F7761626C653D22687474703A2F2F666C6F7761626C652E6F72672F62706D6E2220786D6C6E733A7873643D22687474703A2F2F7777772E77332E6F72672F323030312F584D4C536368656D6122207461726765744E616D6573706163653D22687474703A2F2F7777772E666C6F7761626C652E6F72672F70726F63657373646566223E0A20203C70726F636573732069643D2270726F636573735F66796A797072677022206E616D653D226E616D655F6962693375306C672220666C6F7761626C653A70726F6365737343617465676F72793D22666F726D5F31303031223E0A202020203C73746172744576656E742069643D2273746172744E6F64653122206E616D653D22E5BC80E5A78B223E0A2020202020203C6F7574676F696E673E466C6F775F30777A396C6D373C2F6F7574676F696E673E0A202020203C2F73746172744576656E743E0A202020203C73657175656E6365466C6F772069643D22466C6F775F30777A396C6D372220736F757263655265663D2273746172744E6F64653122207461726765745265663D2241637469766974795F30636F73686A6E22202F3E0A202020203C6578636C7573697665476174657761792069643D22476174657761795F30667564733066223E0A2020202020203C696E636F6D696E673E466C6F775F303374307078643C2F696E636F6D696E673E0A2020202020203C6F7574676F696E673E466C6F775F3169687569787A3C2F6F7574676F696E673E0A2020202020203C6F7574676F696E673E466C6F775F306D6A687A75773C2F6F7574676F696E673E0A202020203C2F6578636C7573697665476174657761793E0A202020203C73657175656E6365466C6F772069643D22466C6F775F303374307078642220736F757263655265663D2241637469766974795F30636F73686A6E22207461726765745265663D22476174657761795F3066756473306622202F3E0A202020203C73657175656E6365466C6F772069643D22466C6F775F3169687569787A2220736F757263655265663D22476174657761795F3066756473306622207461726765745265663D2241637469766974795F31396A36367864223E0A2020202020203C636F6E646974696F6E45787072657373696F6E207873693A747970653D2274466F726D616C45787072657373696F6E223E247B6F7574636F6D653D3D2027415050524F5645277D3C2F636F6E646974696F6E45787072657373696F6E3E0A202020203C2F73657175656E6365466C6F773E0A202020203C6578636C7573697665476174657761792069643D22476174657761795F30646F6F377477223E0A2020202020203C696E636F6D696E673E466C6F775F31336E716F77703C2F696E636F6D696E673E0A2020202020203C6F7574676F696E673E466C6F775F30743879796C683C2F6F7574676F696E673E0A2020202020203C6F7574676F696E673E466C6F775F3066306D7669763C2F6F7574676F696E673E0A202020203C2F6578636C7573697665476174657761793E0A202020203C73657175656E6365466C6F772069643D22466C6F775F31336E716F77702220736F757263655265663D2241637469766974795F31396A3636786422207461726765745265663D22476174657761795F30646F6F37747722202F3E0A202020203C73657175656E6365466C6F772069643D22466C6F775F306D6A687A75772220736F757263655265663D22476174657761795F3066756473306622207461726765745265663D2241637469766974795F30726338636C69223E0A2020202020203C636F6E646974696F6E45787072657373696F6E207873693A747970653D2274466F726D616C45787072657373696F6E223E247B6F7574636F6D653D3D202752454A454354277D3C2F636F6E646974696F6E45787072657373696F6E3E0A202020203C2F73657175656E6365466C6F773E0A202020203C73657175656E6365466C6F772069643D22466C6F775F317134306778632220736F757263655265663D2241637469766974795F30726338636C6922207461726765745265663D2241637469766974795F30636F73686A6E22202F3E0A202020203C73657175656E6365466C6F772069643D22466C6F775F30743879796C682220736F757263655265663D22476174657761795F30646F6F37747722207461726765745265663D2241637469766974795F30726338636C69223E0A2020202020203C636F6E646974696F6E45787072657373696F6E207873693A747970653D2274466F726D616C45787072657373696F6E223E247B6F7574636F6D653D3D202752454A454354277D3C2F636F6E646974696F6E45787072657373696F6E3E0A202020203C2F73657175656E6365466C6F773E0A202020203C656E644576656E742069643D224576656E745F31796965717068223E0A2020202020203C696E636F6D696E673E466C6F775F3066306D7669763C2F696E636F6D696E673E0A202020203C2F656E644576656E743E0A202020203C73657175656E6365466C6F772069643D22466C6F775F3066306D7669762220736F757263655265663D22476174657761795F30646F6F37747722207461726765745265663D224576656E745F31796965717068223E0A2020202020203C636F6E646974696F6E45787072657373696F6E207873693A747970653D2274466F726D616C45787072657373696F6E223E247B6F7574636F6D653D3D2027415050524F5645277D3C2F636F6E646974696F6E45787072657373696F6E3E0A202020203C2F73657175656E6365466C6F773E0A202020203C757365725461736B2069643D2241637469766974795F30636F73686A6E22206E616D653D22E4B880E7BAA7E5AEA1E689B92220666C6F7761626C653A666F726D4B65793D22417070726F76653A4C6576656C312220666C6F7761626C653A63616E64696461746547726F7570733D222220666C6F7761626C653A61737369676E65653D2232223E0A2020202020203C646F63756D656E746174696F6E3EE4B880E7BAA7E5AEA1E689B93C2F646F63756D656E746174696F6E3E0A2020202020203C696E636F6D696E673E466C6F775F30777A396C6D373C2F696E636F6D696E673E0A2020202020203C696E636F6D696E673E466C6F775F317134306778633C2F696E636F6D696E673E0A2020202020203C6F7574676F696E673E466C6F775F303374307078643C2F6F7574676F696E673E0A202020203C2F757365725461736B3E0A202020203C757365725461736B2069643D2241637469766974795F31396A3636786422206E616D653D22E4BA8CE7BAA7E5AEA1E689B92220666C6F7761626C653A666F726D4B65793D22417070726F76653A4C6576656C322220666C6F7761626C653A63616E64696461746555736572733D22312C32223E0A2020202020203C696E636F6D696E673E466C6F775F3169687569787A3C2F696E636F6D696E673E0A2020202020203C6F7574676F696E673E466C6F775F31336E716F77703C2F6F7574676F696E673E0A202020203C2F757365725461736B3E0A202020203C757365725461736B2069643D2241637469766974795F30726338636C6922206E616D653D22E8BF94E59B9EE5A1ABE58699223E0A2020202020203C696E636F6D696E673E466C6F775F306D6A687A75773C2F696E636F6D696E673E0A2020202020203C696E636F6D696E673E466C6F775F30743879796C683C2F696E636F6D696E673E0A2020202020203C6F7574676F696E673E466C6F775F317134306778633C2F6F7574676F696E673E0A202020203C2F757365725461736B3E0A20203C2F70726F636573733E0A20203C62706D6E64693A42504D4E4469616772616D2069643D2242504D4E4469616772616D5F666C6F77223E0A202020203C62706D6E64693A42504D4E506C616E652069643D2242504D4E506C616E655F666C6F77222062706D6E456C656D656E743D2270726F636573735F66796A7970726770223E0A2020202020203C62706D6E64693A42504D4E456467652069643D22466C6F775F3066306D7669765F6469222062706D6E456C656D656E743D22466C6F775F3066306D766976223E0A20202020202020203C64693A776179706F696E7420783D223733352220793D2232313022202F3E0A20202020202020203C64693A776179706F696E7420783D223830392220793D2232313022202F3E0A20202020202020203C64693A776179706F696E7420783D223830392220793D2232323022202F3E0A20202020202020203C64693A776179706F696E7420783D223930322220793D2232323022202F3E0A2020202020203C2F62706D6E64693A42504D4E456467653E0A2020202020203C62706D6E64693A42504D4E456467652069643D22466C6F775F30743879796C685F6469222062706D6E456C656D656E743D22466C6F775F30743879796C68223E0A20202020202020203C64693A776179706F696E7420783D223731302220793D2232333522202F3E0A20202020202020203C64693A776179706F696E7420783D223731302220793D2234363022202F3E0A20202020202020203C64693A776179706F696E7420783D223430302220793D2234363022202F3E0A2020202020203C2F62706D6E64693A42504D4E456467653E0A2020202020203C62706D6E64693A42504D4E456467652069643D22466C6F775F317134306778635F6469222062706D6E456C656D656E743D22466C6F775F31713430677863223E0A20202020202020203C64693A776179706F696E7420783D223330302220793D2234363022202F3E0A20202020202020203C64693A776179706F696E7420783D223137302220793D2234363022202F3E0A20202020202020203C64693A776179706F696E7420783D223137302220793D2232373022202F3E0A2020202020203C2F62706D6E64693A42504D4E456467653E0A2020202020203C62706D6E64693A42504D4E456467652069643D22466C6F775F306D6A687A75775F6469222062706D6E456C656D656E743D22466C6F775F306D6A687A7577223E0A20202020202020203C64693A776179706F696E7420783D223335302220793D2232323522202F3E0A20202020202020203C64693A776179706F696E7420783D223335302220793D2234323022202F3E0A2020202020203C2F62706D6E64693A42504D4E456467653E0A2020202020203C62706D6E64693A42504D4E456467652069643D22466C6F775F31336E716F77705F6469222062706D6E456C656D656E743D22466C6F775F31336E716F7770223E0A20202020202020203C64693A776179706F696E7420783D223537302220793D2232313022202F3E0A20202020202020203C64693A776179706F696E7420783D223638352220793D2232313022202F3E0A2020202020203C2F62706D6E64693A42504D4E456467653E0A2020202020203C62706D6E64693A42504D4E456467652069643D22466C6F775F3169687569787A5F6469222062706D6E456C656D656E743D22466C6F775F3169687569787A223E0A20202020202020203C64693A776179706F696E7420783D223337352220793D2232303022202F3E0A20202020202020203C64693A776179706F696E7420783D223432332220793D2232303022202F3E0A20202020202020203C64693A776179706F696E7420783D223432332220793D2232313022202F3E0A20202020202020203C64693A776179706F696E7420783D223437302220793D2232313022202F3E0A2020202020203C2F62706D6E64693A42504D4E456467653E0A2020202020203C62706D6E64693A42504D4E456467652069643D22466C6F775F303374307078645F6469222062706D6E456C656D656E743D22466C6F775F30337430707864223E0A20202020202020203C64693A776179706F696E7420783D223234302220793D2232333022202F3E0A20202020202020203C64693A776179706F696E7420783D223238332220793D2232333022202F3E0A20202020202020203C64693A776179706F696E7420783D223238332220793D2232303022202F3E0A20202020202020203C64693A776179706F696E7420783D223332352220793D2232303022202F3E0A2020202020203C2F62706D6E64693A42504D4E456467653E0A2020202020203C62706D6E64693A42504D4E456467652069643D22466C6F775F30777A396C6D375F6469222062706D6E456C656D656E743D22466C6F775F30777A396C6D37223E0A20202020202020203C64693A776179706F696E7420783D2233352220793D2232323022202F3E0A20202020202020203C64693A776179706F696E7420783D2238332220793D2232323022202F3E0A20202020202020203C64693A776179706F696E7420783D2238332220793D2232333022202F3E0A20202020202020203C64693A776179706F696E7420783D223134302220793D2232333022202F3E0A2020202020203C2F62706D6E64693A42504D4E456467653E0A2020202020203C62706D6E64693A42504D4E53686170652069643D2242504D4E53686170655F73746172744E6F646531222062706D6E456C656D656E743D2273746172744E6F646531222062696F633A7374726F6B653D22223E0A20202020202020203C6F6D6764633A426F756E647320783D22352220793D22323035222077696474683D22333022206865696768743D22333022202F3E0A20202020202020203C62706D6E64693A42504D4E4C6162656C3E0A202020202020202020203C6F6D6764633A426F756E647320783D22382220793D22323432222077696474683D22323222206865696768743D22313422202F3E0A20202020202020203C2F62706D6E64693A42504D4E4C6162656C3E0A2020202020203C2F62706D6E64693A42504D4E53686170653E0A2020202020203C62706D6E64693A42504D4E53686170652069643D22476174657761795F306675647330665F6469222062706D6E456C656D656E743D22476174657761795F30667564733066222069734D61726B657256697369626C653D2274727565223E0A20202020202020203C6F6D6764633A426F756E647320783D223332352220793D22313735222077696474683D22353022206865696768743D22353022202F3E0A2020202020203C2F62706D6E64693A42504D4E53686170653E0A2020202020203C62706D6E64693A42504D4E53686170652069643D22476174657761795F30646F6F3774775F6469222062706D6E456C656D656E743D22476174657761795F30646F6F377477222069734D61726B657256697369626C653D2274727565223E0A20202020202020203C6F6D6764633A426F756E647320783D223638352220793D22313835222077696474683D22353022206865696768743D22353022202F3E0A2020202020203C2F62706D6E64693A42504D4E53686170653E0A2020202020203C62706D6E64693A42504D4E53686170652069643D224576656E745F317969657170685F6469222062706D6E456C656D656E743D224576656E745F31796965717068223E0A20202020202020203C6F6D6764633A426F756E647320783D223930322220793D22323032222077696474683D22333622206865696768743D22333622202F3E0A2020202020203C2F62706D6E64693A42504D4E53686170653E0A2020202020203C62706D6E64693A42504D4E53686170652069643D2241637469766974795F31777274346D645F6469222062706D6E456C656D656E743D2241637469766974795F30636F73686A6E223E0A20202020202020203C6F6D6764633A426F756E647320783D223134302220793D22313930222077696474683D2231303022206865696768743D22383022202F3E0A2020202020203C2F62706D6E64693A42504D4E53686170653E0A2020202020203C62706D6E64693A42504D4E53686170652069643D2241637469766974795F316B32637378685F6469222062706D6E456C656D656E743D2241637469766974795F31396A36367864223E0A20202020202020203C6F6D6764633A426F756E647320783D223437302220793D22313730222077696474683D2231303022206865696768743D22383022202F3E0A2020202020203C2F62706D6E64693A42504D4E53686170653E0A2020202020203C62706D6E64693A42504D4E53686170652069643D2241637469766974795F306170737671345F6469222062706D6E456C656D656E743D2241637469766974795F30726338636C69223E0A20202020202020203C6F6D6764633A426F756E647320783D223330302220793D22343230222077696474683D2231303022206865696768743D22383022202F3E0A2020202020203C2F62706D6E64693A42504D4E53686170653E0A202020203C2F62706D6E64693A42504D4E506C616E653E0A20203C2F62706D6E64693A42504D4E4469616772616D3E0A3C2F646566696E6974696F6E733E0A, 0);
INSERT INTO `act_ge_bytearray` VALUES ('f87bc23d-3cc5-11f1-8b52-52284ac9a333', 1, 'process_4.process_fyjyprgp.png', 'f846cf8b-3cc5-11f1-8b52-52284ac9a333', 0x89504E470D0A1A0A0000000D49484452000003B4000001FE0806000000AC9B428D00002ED349444154785EEDDD0DBC64657D1FF0C526C698B4314DD336B5364D4D9AB7A6499B364DD2B46C5293D458B449999D9DBB2EECEA226040494334A51A17B16930B649E35B494C8D460CD516051A04619775832C41886FA022610179D9AC808018771781E9F3E08E9FEB73CFBDF7DCB933E7FCCFCCF7FBF9FC3F977DE6CCCCD93B3BFFE7FFE3DC970D1B00000000000000000000000000000000000000000000000000000000000000000000000000000000000000000000000000000000000000000000000000000000000000000000000000000000000000000000000000000000000000000000000000000000000000000000000000000000000000000000000000000000000000000000000000000000000000000000000000000000000000000000000000000000000000000000000000000000000000000000000000000000000000000000000000000000000000000000000000000000000000000000000000000000000000000000000000000000000000000000000000000000000000000000000000000000000000000000000000000000000000000000000000000000000000000000000000000000000000000000000000000000000000000000000000000000000000000000000000000000000000000000000000000000000000000000000000000000000000000000000000000000000000000000000000000000000000000000000000000000000000000000000000000000000000000000000000000000000000000000000000000000000000000000000000000000000000000000000000000000000000000000000000000000000000000000000000000000000000000000000000000000000000000000000000000000000000000000000000000000000000000000000000000000000000000000000000000000000000000000000000000000000000000000000000000000000000000000000000000000000000000000000000000000000000000000000000000000000000000000000000000000000000000000000000000000000000000000000000002094E170F8E4FDFBF7BF6BDFBE7D8FECDAB56B78C51557A8862B7DDE1FDFBB77EF3DBB77EF7E5EF9FA000000B08C1466DF9DC2D4F0E0C183C343870E0D8F1C39A21AAEFC79CF9FFF3D7BF63C9402EE73CAD7080000800AF9CA6C0E5365C852CDD7810307EE4B81F6BAF235020000A042FE3263576663547E1D52A03D5CBE460000C0F89E5A2E303BF2F77096C14AB557F9F5285F230000603CC7A63A78F42333A86EA0FDC2830786FB3FF4D6E14D57BEFA89CAFF9DD7CAE3D4FA4AA0050080C91885D9338F7E146A67509D40FBF003770F6FBCFC95C38FFEF1AF7C55E5B57C5B79BC1ABF045A000058BFF2CA6CF96766449D407BE74D172F09B3A3BAEBA64B961CAFC62F81160000D667B9F0BADC3A1D5627D07EF2AA739704D951E5DBCAE3D5F825D00200C0F8560BADABDD4EC7D409B4375EB17349901D55BEAD3C5E8D5F022D00008CA76E58AD7B1C1D20D0C62A81160000D66EAD2175ADC713549D409B7FAA71196447956F2B8F57E397400B00006B336E381DF77E045227D0DEF2C1372C09B2A3CAB795C7ABF14BA0050080FAD61B4AD77B7F5A5627D0DE7FF7C78637BEFF554BC26C5ECBB795C7ABF14BA00500807A26154627F538B4A04EA0CD75DBF56F5F1268F35A799C5A5F09B4ACD153CB0500807930E9103AE9C7A321B502EDE1C3C35BAE79F392409BD7F26D4B8E57639740CB1AE8BB00C05C9AD61034ADC7658A560BB40F3F70F7F0D31F7CFD92303BAA7C5B3EA6BC9F1AAF045A6A1AF5DB338F7ED4770180B930EDD039EDC767C2960DB4870F0F0FDCB27BF8F1CBCE5A1262CBCAC7E4635DAD5D7F09B4D450F6D9F2CF00003369F1D0734CAA138F7E5C8FAAC7315C754855A05DEDAAEC72E56AEDFA4BA06515CBF5D7E5D60100664219667F3F551E9CF3C77143ED4A8F63B8EA88AA405BE7AAEC7295EF5B3E9EAA5F022D2B58ADAFAE763B005D331C0E9FBC7FFFFE77EDDBB7EF915DBB763D3128A8662B7DDE1FDFBB77EF3DBB77EF7E5EF9FAD09872C83971C39743E8A8CA305AC7E2303BAA13BEEA88A5CF4B40F97D5A86AA32A4AEB5CAC753F52BBF1EE56B041BEAF7D3BAC701D00529CCBE3B85A9E1C1830787870E1D5A3238A8E957FEBCE7CFFF9E3D7B1E4A83DA73CAD788A9AB1A6EAAC2E85A426DD5FDDF7274BD54F5FC04521568557B25D05261AD7D74ADC7031055BE329BC3543930A8E6EBC08103F7A541EDBAF23562AA561A6AAA42699D505B75BFE5C2ECC84AE741CB04DA5825D05218B77F8E7B3F0022C95F66ECCA6C8CCAAF431AD40E97AF1153536798A90AA72B85DAAAE3570BB32375CE871608B4B14AA06591F5F6CDF5DE1F80B619D4629541AD316B1962AA426A55A8AD3AAE6E981D59CB79D1107D3256E9931C35A97E39A9C701A00D7507B52F3C7860B8FF436F1DDE74E5AB9FA8FCDF79AD3C4EADAF0C6AF56DDEBCF9AA541BCBF51AC6195EAAC2EAE2505B75FB5AC3ECC838E7C714D5ED93AA99D227D930F93E39E9C703A0297506B5FC3B136FBCFC954B7E4A675EF3FB14275B06B5FA52981D1EADB504DBF50C2D55A135FFF94915EBE386D991F59C271356A74FAAE64A9F9C7BD3EA8FD37A5C00A6A9CEA076E74D172F09B3A3BAEBA64B961CAFC62F835A7D8B026DDD603B8961A52AD4DE5CFC79BD61766412E7CB04D4E993AAB9D227E7DAB4FBE2B41F1F8049AB33A87DF2AA739704D951E5DBCAE3D5F86550ABAF22D0AE146C2739A45485DA4987D991499E3763AAD3275573A54FCEADC5FD30F7D9138F7E5C8FAAC7D17701BAA4CEA076E3153B9704D951E5DBCAE3D5F86550ABAF22C896350AB6D3184EF29719975766F39FF3FAA44DE3FC59833A7D523557FAE45C2AC3ECE87F2A56FD80BEBA567A1C7D17A02BEA0C6A026D73D5A541AD224086AD74BA6796E7BF0E2B5DA12D87A24939B3FC3B75B1CABF5457D4E993AAB9EA529F6422CA7079E286F5F7DDAA3E7EC2571DB1F4790188A8CEA0967FAA71196447956F2B8F57E3579706B5B6034A199616D5559BBFFA4B8E273994540D41E595DA7186AB954CF2FC5BD3F6BF97F5A8D3275573D5A53EC9BA55F5BFAA3EBC96BE5B75FFE5BE5DA4EAF961666DDBB6ED6969BF3EBEDFEFFF4EFAB82BD56DA9BE7874BECA1FF39F771DBDFDF87C7CF918D0B83A83DA2D1F7CC392203BAA7C5B79BC1ABFBA34A8B51D508A105B1564179BC450B2DC1054F5538ED7325CAD6412E71D42DBFF5ED6A34E9F54CD5597FA24EBB252FFABEAC775FA6ED5FD960BB3232B9D07CC84C160F0D3699FBE30D5918AF96AA5CAC75F98EF5F3E2634A6CEA076FFDD1F1BDEF8FE572D09B3792DDF561EAFC6AF2E0D6A6D079445CD74A520BBD87A8692D586A0AADBEB0C572B59CFF986D3F6BF97F5A8D3275573D5A53EC9D8EAF4BFB5F6DDAAE3570BB32375CE073A2705D11F4BFBF3B51541759CBA363F5EF91C30757507B5DBAE7FFB92409BD7CAE3D4FAAA4B835A6E5EE55A9336D70FB28B8D3394D41D82AA8E5B69B85AC938E7195ADBFF5ED6A36E9F54CD5497FA2463594BFFABDB77AB8EABEAE32B59CB794168DBB66D7B4ABFDF7F63DA9B1F2F83E919679C313CFFFCF38737DC70C3F0D65B6F1DDE7FFFFDC32C7FCC7FCEEBF9F67C5C79DFFC78F971F3E397CFD988749E4FDAB76FDF2FBCFDED6F7FFFD9679F7DDFCB5FFEF243A79E7AEA137FC9534E39E54B679E79E6E7D3DA9F9F73CE39AFDBBE7DFB33CAFBD34DB506B5C38787B75CF3E6258136AFE5DB961CAFC6AE2E0D6A1D0E286B194AD63A04551D5F355CAD642DE7D71911FFBDD4FD9F22B5FAA46AACBAD427E755DDF7568571FADF6A7DB7EAF695FAF84AC6393F0825BD379F31180C3EBA38882E2C2C0CCF3BEFBCE15D77DDF54478AD2B1F9FEF97EF5F04DB8FE4E7299F7B6AD2B93CE5B2CB2EFBDD57BEF2958FECD8B163F8A637BD6978EDB5D75626F2BC9E6F7FE10B5FF8D8E9A79FBEFFA4934EFAD9F2F1E896D506B5871FB87BF8E90FBE7E49981D55BE2D1F53DE4F8D575D1AD422069435A833948C3B0455DDAF6EA8AD735E9D14F1DFCBA28D77C5E17BB53EA99AAD2EF5C97955F7BD55584FFF5BAEEF56FD8C833A7D7C25EB394F68550AB2DF93EAEEC5E1F3DC73CF1DDE79E79D5F9D54D728DF3F3FCEE2C74D75677EBEF21C262E05D45F3CE79C730EE54BC6FBF6ED1B3EF6D863E5F955CAC7E5E35FF292977CE9C52F7EF19FF5FBFD67968F4D372C3BA81D3E3C3C70CBEEE1C72F3B6B49882D2B1F938F75B576FDD5A5412D624059A3958692AAE1682D4350D5FD570BB52B9D4FE745FCF7526CBCCB0EDFCBF649D54A75A94FCEABBAEFAD4526D1FFAAFA6EF953E8D7D2C7573289F385466DFEF295D9AF84D97C55F5E28B2F2E63DEBAE4C72BAED6DE999FB73C978948CF77CCE5975F7EFEC9279F3CBCF4D24B878F3EFA68793EB5E4FBE5FB6FDBB6ED0B7EBA5537550D6AAB5D955DAE5CAD5D7F756950CB8DAA5CEBA0E586921337AC7F08AA1AAECADF7338B2DC79CC8C88FF5E2A86EECAE1BBAA4FAAF6AA4B7D725E55BCA72ADF5B474DB2FF55F5DDF5F4F1954CF2BC61AAF2F7B42EFE32E3EDDBB70F3FFCE10F97D16E22F2E3E6C75FF4BEFFC8C4BFA7363DCF31175E78E19F9E7AEAA9C34F7DEA53E5398C253FCE8E1D3BBE9812F90BCBE723B6AA41ADCE55D9E52ADFB77C3C55BFBA34A8E52655AE7554D550B278285ACF1054E771AA9E7FE644FCF752316C97F5C4F05DD527557BD5A53E39AF2ADE4B653DF1DEDA309DFE97BFCCB8BC329BFF9CD7276D1AE70F1377F407403DF1FECB5750A7156647F2E32FBE529B9FBF3CA775C957664F39E594E1C18307CBE75E97FC78298D3FBC69D3A66795CF495C55835A1952D75AE5E3A9FAD5A5412D37A872ADC3AA86921C3EF315D5AA10BA162B3D4ED5F3CEA48A81B63355D527557B55BE3EAADB95DAC39965BF588795AED0AEF66D1FE33AB3FC3BA9E5ABFCE4317D477F35CF63A3D7E0924B2E2963DC54E4E759F4DA3F36B15FE973CD35D7FC620EB393BA325B4A8FFBF809279CF040AFD7FBCEF2B989C9A016AB04DA56351D2E9B7E3E0AE5A0B5A8AEDAEC4B8EC35697FAE4BCAA784F55BEB7364CB60F5685D9F24AEDA443ED24CF7FE6E57F03E51AD3B779D1EF99CD3FB8A949C50F8ABAB63CB7354B8FF994D7BCE63587F2F7BC4ED345175DF4C0C2C2C265E5F31393412D567569509BD18DA9A9E1A4A9E761053586ED2744EB931B965E797AA29ABABDEDEA529F9C5775DF5B471DBB61FDFDB02ACCE66FF3A8FA29C7930AB59338EFB932A3734368F92B6747EFC3FC25C0EBFD69C66B959F6FF1971EAFFB2B79DFF7BEF79D977F9AF1B83F00AAAEFCF83B76ECB8379DF04F96E7403CD106B579AF2E0D6A33BC314D7B4899F6E35353CD613B5C9FDC50112E17AF4DFBF6B6AB4B7D725ED57D6F2DB29EBEB85C981D85D6AADBD71B6AD773BE736B86E786B0D2E7FCC2D1FB31FFBED836E4E75DD4132E2CCFB1B6F4584F7AC52B5EF148FE553B4DB8FAEAAB1F4C27FC27E579104FB4416DDEAB4B83DA8C6F4CD31A56A6F5B88CA1EEB01DAD4F6EA808978BD7A67D7BDBD5A53E39AFEABEB70AE3F4C7AAB05AF503F8AA8E1B37D48E739E6C98F9B9219C8585856F4E9FF323A330D9F4D5D991FCBC8B02ED917C5EE5B9D672CD35D7FCFC49279D54FBF7CCAE577E9E2D5BB63CD8EBF59E5E9E0BB1441BD4E6BDBA34A8CDC1C634E9A165D28F4743A2F5C90D15E172F1DAB46F6FBBBAD42759B3B5F4C9AA905A156647AA8E5F6BA85DCBF9519883B9A13175FEA751BAFDF85190CC5FA5DBA6FCFC8B42EDF1E5B9D6F2B6B7BDED8A37BDE94DE5634FD5D9679F7D63BFDF3FB53C17628936A8CD7B7569509B938D6952C3CBA41E871644EB931B2AC2E5E2B569DFDE7675A94F32963AFDB22A9CAE146647AAEE5737D4D6392F5630277343231685C365836D5A7FFDE8B877BCE31D65546B547EFE45E7FCFAF25C6B39E79C73EE6DEACB8D47AEBCF2CA9B36AFE7EBA46944B4416DDEAB4B83DA1C6D4CEB1D62D67B7F5A16AD4F6EA808978BD7A67D7BDBD5A53EC9D856EA9B55A1B44E981DA9BAFF6AA176A5F3A1A6399A1BA66E51385C36D80E0683DDA3DBAFBFFEFA32AA352A3FFFE85CF2792D3ECFDA5EF6B2971DDABF7F7FF9D85375F3CD37DF9E4EFA43E5B9104BB4416DDEAB4B83DA9C6D4CE30E33E3DE8F40A2F5C90D15E172F1DAB46F6FBBBAD4275997E5FAE7891BC60FB32355A136FFBEF02ACB9D076B346773C3545504DA25C1367DFCCC68BDE91C58CACFBFE81C3F53FC75EA39E594531EFFDCE73E573EF654DD7FFFFD0FA713BEBB3C17628936A8CD7B7569509BC38D69AD43CD5A8F27A8687D72C3570FE15FA9A66E6FBBBAD42759B763372CEDA38BC3E8386176A4CEE3543D3F639AC3B9616A2A826C5939D8FEE5E8CF4DE7C0527EFED1B90C0683CF977F9F5AB66EDD3AFCD297BE543EF654A5E7FB7CC527B773557E2E674DB4416DDEAB4B83DA3CBC3F2AD41D6EEA1E4707E893B1AA4B7D9289A8EAA7397CE62BAA5521742D567A9CAAE7651DCA195B35574DE7C0527EFE45E7F368F96FA396934F3EF94B4D27F37BEFBDF7CF3777FC0A6DFEA4976BB3C6A016ABBA34A8CDC3FB6319AB0D39ABDD4EC7E893B1AA4B7D928969BAAF36FD7CB02665605D54576D3EFA25C7F94AE868BDE91C589AC815DA5FFEE55FFE7CD35F3BFD894F7CE2FACD1DFF1EDA7918D80D6AB1AA4B83DA3CBC3F56B0DCB0B3DC3A1DA64FC6AA2EF54926AAA9FEDAD4F3C0D8560AB28B8E99ADEFA13DEBACB33EDDF44F397ECF7BDE73F1E68EFF94E37918D80D6AB1AA4B83DA3CBC3F56510E3DE59F9911FA64ACEA529F64E2A6DD67A7FDF830112B05D99199FB29C7679F7DF6EB9AFE3DB4A79D76DAA55DFF3DB4F330B01BD462559706B579787FD4301A7ECE3CFAD1103483F4C958D5A53EC9544C2B744EEB7161E2560AB2239B67EDF7D06EDFBEFD193B76EC782C291F7F2AD2F3FC453AD97B7BBDDED3CB73E9922E0FEC75FEA16706B558D5A541ADCBEF8F093BF6E8E7C21034A3F4C958D5A53EC9D44C3A7C4EFAF1A0756936397E1422CF38E38C32AE35EAA52F7DE9E38B02EDF1E5B9D676FAE9A7DFD6D4971D5F70C105EF4827FB27E539744D9707F645FF68560CB606B558D5A541ADCBEF8F49F3B9986DFA64ACEA529F64AA26154227F53810CAC2C2C237A7F9E4C82813DC79E79D65646B447EDE45B9E4483EAFF25C6B3BE9A4937EF6252F79C9971E7DF4D1F279262A3DFE9DE9646FD9B469D34F96E7D0355D1E5217FDC35931D81AD462559706B52EBF3F26CDE762B6E993B1AA4B7D92A95B6F185DEFFD21B4349F5C38CA02E79D775E19DB1A919F77511E59FFCF573AEDB4D3FEECD24B2F7DBC7CA2097AFCB5AF7DED5BD3C95E5A3E7717757948AD08B495C1D6A016ABBA34A875F9FD31693E17B34D9F8C555DEA933462DC503AEEFDA033366DDAF4AC510658585868FC2A6D7EBEC160F0952F37CEE7539EE39AF57ABDEFDCBE7DFBC39FFAD4A7CAE79B880F7CE0036F4B277B203F4FF9DC5DD4E521B522C896F544B035A8C5AA2E0D6A5D7E7F4C9ACFC56CD327635597FA248D596B385DEBF1D0596946B97634FF9F7BEEB9657C9BAAFC7C8BB2C7B5E5B98D2DA5E49F7EC10B5EF0C583070F96CFB92EB7DF7EFB25E944EF9948F20EA22204CE5C19D46255F9FA44AFF23D33AF7C2E669B3E19AB045A965137A4D63D0E6642CA7E3F96E694C746B3DB25975C52C6B8A9C8CFB368667C2C9F47796EEBB2B0B0F0C2EDDBB77F7E52576A8F5E99BD3BD50BCAE7A21D65F05854576DF625C761CBA0D64DF9BD55AE313BF4C958A54FB282D5C2EA6AB7C34CEAF7FB6F1C6581FCA5C71FFEF087CB383751F9F1177FA9717EFEF29C26225F49DDBA75EB03175D74D103E3FEA0A8FC03A08E7ECFEC5FCCD295D959B05A901D8936A8A553AAACA66E6FBB0C6ADD24D0CEB6687D72DE4B9F6415C76EA80EADCBADC3CCDBB66DDB53D2ACF291512ED8BE7DFBD4426D7EDCF47C5FB9229C9F373F7F794E1393D2F233534ABF7CC78E1DF75E7DF5D50FD6FD3DB5E9B883175C70C1F9E9046F49F5BEFC38E563D3AED582EC48B4416D4345B85CBC36EDDBDB2E835A3709B4B32D5A9F9CF7D227A9A10CAFE59F61EEA459E519A9F26FA3F9CA95DA8B2FBEB88C79EB921F6FF195D9A3CFF78CF25CA622FF8A9DF4647BB76CD9F2D0CE9D3B3FBE6BD7AE1B6FBEF9E6CFDC77DF7D5F48E7F6F0673FFBD9FD37DD74D3F5EF7DEF7B2F3AFDF4D3DF978EBD2F1F3F0BBF9A6756AD166447A20D6A1B2AC2E5E2B569DFDE7619D4BA49A09D6DD1FAE4BC973E494DA3107BE6D18FC22C732F85CDEF591C6A73E51FDCB4DE9F7E9CEF5FFC00A827C26C7EBEF21CA6AED7EB3D3D3DF929FD7EFFE2F4F1BA457FE1FCF1BAA3EBA7E4E3CAFBD24DD106B50D15E172F1DAB46F6FBB0C6ADD24D0CEB6687D72DE4B9F640D8E3DDA9F8559386AF397AFD47EE5CB8F73E5ABB5F9F7C5DE75D75D65565D513E3EDFAFB82A9B2B3F7E33576621DAA0B6A1225C2E5E9BF6ED6D9741AD9B04DAD916AD4FCE7BE993AC85FE0C4BE5EF693DFA83A2CA203A3CE38C3386E79F7FFEF0861B6E18DE7AEBADC3FBEFBFFF89F09A3FE63FE7F57CFB4B5FFAD225F7CD8F971F77AADF330BA56883DA868A70B9786DDAB7B75D06B56E3230CDB6687D72DE4B9F642DF46758DED15FE9F395DF53BBCEBA76E2BF9A07EA8836A86DA808978BD7A67D7BDB6550EBA6DCC8CB356647B43E39EFA54FB216FA33AC2E05D19F4EEF950B531DA908AA2B553EFEC27CFFF231A131D106B5744A95D5D4ED6D9741AD9B0C4CB32D5A9F9CF7D227590BFD19EADBB66DDBD3D27BE6F87EBFFF3BE9E3AE54B7A5FAE2D1F09A3FE63FEF3A7AFBF1F9F8F231A07106B5586550EB2603D36CD32763953EC95AE8CF0033CEA016AB0C6ADD64609A6DFA64ACD227590BFD1960C619D4629541AD9B0C4CB34D9F8C55FA246BA13F03CC38835AAC32A875938169B6E993B14A9F642DF467801967508B5506B56E3230CD367D3256E993AC85FE0C30E30C6AB1CAA0D64D06A6D9A64FC62A7D92B5D09F01669C412D5619D4BAC9C034DBF4C958A54FB216FA33C08C33A8C52A835A37199866DBAE5DBB1E3F74E8D092F7AB6ABED2EB704FEA9387CBD70896A33F03CC3881365609B4DD64609A6D7BF7EEBDE7E0C1834BDEAFAAF9BAE38E3B2E487DF2BAF23582E5E8CF00334EA08D55026D37199866DBEEDDBB9FB767CF9E870E1C38709F2BB5ED54FABC1FB8FDF6DBDF997AE467523DA77C8D6039FA33C08C1368639540DB4D06A6D9974354BE3298EA487E9FAAC62B7FDEF3E75F98654DF46780199707853254A9F62ABF1EE56B447C06268098F467801927D0C62A81B69B0C4C0031E9CF00334EA08D55026D3719980062D29F01669C401BAB04DA6E323001C4A43F03CC3881365609B4DD64600288497F069871026DAC1268BBC9C0041093FE0C30E304DA5825D0769381092026FD1960C609B4B14AA0ED260313404CFA33C08C1368639540DB4D06268098F467801927D0C62A81B69B0C4C0031E9CF00334EA08D55026D3719980062D29F01669C401BAB04DA6E323001C4A43F03CC3881365609B4DD64600288497F069871026DAC1268BBC9C0041093FE0C30E304DA5825D0769381092026FD1960C609B4B14AA0ED260313404CFA33C08CDBB56BD7E3870E1D5A12AC54F3955E877B52A03D5CBE46C467600288497F0698717BF7EEBDE7E0C1834BC2956ABEEEB8E38E0B52A0BDAE7C8D88CFC0041093FE0C30E376EFDEFDBC3D7BF63C74E0C081FBBA76A5F6F0E1C34BD6BA58E9F37EE0F6DB6F7F670AB39F49F59CF235223E0313404CFA33C01CC8212A5F194C75247F0F6717EA2D6F79CB70616161C97A472B7FDEF3E75F98ED280313404CFA3300E16CDDBAF51BD2067567AA2F96B7411B0C4C0031E9CF008433180C5E9B37A8548F1E77DC714F2D6F87A619980062D29F010865CB962D3F9036A7478E06DA610AB72796C740D30C4C0031E9CF0044724CDA98AE1E85D9A37575791034CDC0041093FE0C401883C160471166733DDEEFF7BFB73C169A64600288497F0620845EAFF7AD6953BAAF22D0E62F3BFE6FE5F1D0240313404CFA330021A40DE90FCA20BBA8EE4D81F7C9E57DA02906268098F467005A37180C8E4D1BD2E3154176F155DA4DE5FDA02906268098F467005A9736A39352BD35D5AE541FD9FCE5DF415B06DA2BCAFB41530C4C0031E9CF00849436A8BB7BBDDE0FA520FBFDE9BF37A68FCF4FCBC794C741130C4C0031E9CF0044947F7DCF232F7AD18BBEB6BC01DA60600288497F06209C134E38E15BD206757FB90E6D313001C4A43F03104EAFD7FBBEB4417DA25C87B618980062D29F010867D3A64D3F9936A8ABCA75688B81092026FD198070FAFD7EDA9F365F50AE435B0C4C0031E9CF00849302ED4BD306F53FCA75688B81092026FD198070D2E6F4EBA9CE2AD7A12D06268098F46700C2499BD3EFA77A61B90E6D313001C4A43F03104EDA9C2E190C06C795EBD0160313404CFA3300E1A4CDE9BA8585851F29D7A12D06268098F46700C2499BD31D29D07E7BB90E6D313001C4A43F03104EDA9C0E6FDBB6ED29E53AB4C5C0041093FE0C4028BD5EEF9BD2E6F450B90E6D323001C4A43F03104ABFDFFF876973FA74B90E6D323001C4A43F03104ADA98FE55AA3F29D7A14D06268098F4670042491BD3F1FD7EFFFF94EBD0260313404CFA3300A1A48DE91753A07D63B90E6D323001C4A43F03104ADA985E9D02EDAF95EBD0260313404CFA3300A1A48DE9BCC1607072B90E6D323001C4A43F03104ABFDF7F4FDA9C7EBE5C873619980062D29F0108256D4CD7A4FAF1721DDA64600288497F062094B431DDDAEFF79F59AE439B0C4C0031E9CF00849236A62FF47ABD6F2CD7A14D06268098F46700C2D8BA75EB37A48DE92FCB75689B81092026FD198030161616FE41DA98F697EBD0360313404CFA3300610C06831F4B1BD3BE721DDA66600288497F06208C1468FF7DDA98DE5BAE43DB0C4C0031E9CF00849102EDC969633AAF5C87B619980062D29F0108A3DFEFFF5ADA985E5DAE43DB0C4C0031E9CF00849102ED1B539D56AE43DB0C4C0031E9CF00849136A577A740DB2BD7A16D06268098F46700C2489BD2DE4D9B36FDEB721DDA66600288497F06208CB429DDDCEBF5BEBB5C87B619980062D29F0108236D4A0F6EDBB6ED69E53AB4CDC0041093FE0C4008CF7EF6B3BF2E6D4A87CB7588C0C0041093FE0C4008BD5EEFEFA54DE933E53A4460600288497F0620847EBFFFCFD3A6F4A1721D22303001C4A43F0310420AB4FF2E6D4AFFAF5C87080C4C0031E9CF00849036A417A6FAFD721D22303001C4A43F031042DA90CE4AF5EBE53A4460600288497F062084C160F0DBA9CE28D721020313404CFA330021A430FB47A906E53A4460600288497F062084946577A7FAA9721D22303001C4A43F0310420AB337A5FAFE721D22303001C4A43F031042DA90EE4B81F66F94EB108181092026FD1980D66DDCB8F16BD286F448FACF63CADB20020313404CFA3300AD4B9BD1DF49754FB90E5118980062D29F01685DDA8CFE49BFDFFF70B90E5118980062D29F0168DD6030F8B729D05E56AE431406268098F467005A9702ED89A9DE56AE431406268098F467005A97C2ECCBD286F49BE53A4461600288497F06A075FD7EFF7569433AB35C87280C4C0031E9CF00B42E6D467F986A6BB90E5118980062D29F01685DDA8CDEDFEFF77FA65C87280C4C0031E9CF00B42E6D461F4D81F607CB7588C2C0041093FE0C40EBD266F417BD5EEF6F97EB108581092026FD198056EDDCB9F34969337A2405DABF52DE065118980062D29F0168D5D6AD5BFF66DA8C3E5BAE432406268098F467005AB565CB961F489BD1C7CB7588C4C0041093FE0C40AB366DDAF4ACB4195D59AE432406268098F467005AD5EFF7B7A4CDE8FC721D22313001C4A43F03D0AAB411FD520AB5BF55AE432406268098F467005A9536A2DF4881F657CB7588C4C0041093FE0C40ABD246F4D61468B797EB108981092026FD198056A58DE8D28585859F2BD721120313404CFA3300AD4A1BD10D29D0FE70B90E9118980062D29F016855DA88EEDAB265CBDF2DD721120313404CFA33006D3A266D44477ABDDE93CB1B20120313404CFA3300AD4941F6AFA78DE873E53A4463600288497F06A035FD7EFF7BD346F4C9721DA2313001C4A43F03D09AB4096D4CB5A75C87680C4C0031E9CF00B4266D42FDC160F0AE721DA2313001C4A43F03D09A14664F4F1BD1EBCB7588C6C0041093FE0C406B52A07D4DDA885E51AE433406268098F467005AD3EFF77F2F6D442795EB108D81092026FD1980D6A4407B71DA889E5BAE433406268098F467005A9336A13F4DF52FCA7588C6C0041093FE0C406BD226747BAABF5FAE433406268098F467005A9336A143BD5EEFEBCB7588C6C0041093FE0C402BB66CD9F2D70683C1E7CB7588C8C0041093FE0C402B161616BE2B6D42B794EB109181092026FD1980560C06839F489BD0D5E53A4464600288497F06A015FD7EFF17D2267461B90E1119980062D29F0168450AB4A7A64DE8CDE53A4464600288497F06A0156903DA99AB5C87880C4C0031E9CF00B4225F9DCD5769CB7588C8C0041093FE0C402BF2F7CFE6EFA32DD721220313404CFA3300AD481BD007376DDAF42FCB7588C8C0041093FE0C402BD206F4E7BD5EEF3BCB7588C8C0041093FE0C402BD206F4F0739FFBDCBF5AAE434406268098F467001A77DC71C73D356D405F2CD7212A0313404CFA33008DEBF57ADF9136A0DBCA7588CAC0041093FE0C40E3FAFDFE8FA60DE8DA721DA2323001C4A43F03D0B8B4F93C3785DA8BCB7588CAC0041093FE0C40E3D2E673520AB4BF57AE435406268098F467001A97369F570C0683D794EB109581092026FD1980C6A5CDE7F529D09E5EAE435406268098F467001A97C2ECBB526D2AD7212A0313404CFA33008D4B61F603A98E2DD7212A0313404CFA33008D4B61F653A9BEA75C87A80C4C0031E9CF0034AEDFEF3FB0B0B0F0CDE53A4465600288497F06A051BD5EEFC969F33952AE436406268098F467001A95369E67A4BAB35C87C80C4C0031E9CF00346A6161E187D3E67343B90E9119980062D29F0168540AB43F97369F4BCB7588CCC0041093FE0C40A3FAFDFEF6B4F9BCB55C87C80C4C0031E9CF00342A05DA5F4D9BCF6F94EB109981092026FD198046A540FB5B69F3F9A5721D22333001C4A43F03D0A8B4F1BC33D542B90E9119980062D29F016854DA7876A5FA37E53A4466600288497F06A05169E3B9B1DFEFFFA3721D22333001C4A43F03D0A8B4F1DCDBEBF5BEB55C87C80C4C0031E9CF003466E3C68D5F93369E4776EEDCF9A4F23688CCC0041093FE0C40639EFFFCE77F5BDA780E94EB109D81092026FD1980C6F4FBFD1F4C1BCF47CB7588CEC0041093FE0C406352A0FD99B4F1BCBF5C87E80C4C0031E9CF0034266D3A5B53FD61B90ED119980062D29F01684CDA74CEECF7FBAF2BD7213A0313404CFA33008D499BCE6FA640FB2BE53A4467600288497F06A03169D3797B0AB42794EB109D81092026FD1980C6A44DE7F28585859F2DD7213A0313404CFA33008D499BCE4752A0FDA1721DA2333001C4A43F03D098B4E91C78FEF39FFF6DE53A4467600288497F06A029C7A44DE7918D1B377E4D79034467600288497F06A011BD5EEF5BD3A6735FB90E5D60600288497F06A01183C1E0FB53DD54AE431718980062D29F0168440AB33F956A77B90E5D60600288497F06A011832FFBA3721DBAC0C0041093FE0C402352983D23D56F97EBD00506268098F467001A91C2EC7F4DF59FCA7588260D4757E5016995BAAABC1F00CD13680168440AB3FF2B6D3A2F28D7219AF4EF746345802D6B63793F009A27D002D0887EBFFFC769D3794EB90E11E52BB01521D6D5598060045A001A91369CEB53FDB3721D22CA57602B82ACABB300C108B40034226D3877A67A46B90E51E52BB11561D6D5598040045A001A91369CC3CF7EF6B3BFAE5C87A8F295D88A40BBB13C0E80F608B4004CDDB66DDB9E96369C07CB7588AEB84AEBEA2C4030022D0053D7EBF5BE3B6D383797EB105D71957663793B00ED12680198BA4D9B36FDEBB4E1EC2DD7A10B465769CB7500DAA73F033075FD7EBF97369C7797EBD005A3ABB4E53A00EDD39F0198BA14684F4B1BCE1BCA7566DF70387CF2FEFDFBDFB56FDFBE4776EDDA35BCE28A2B54C3953EEF8FEFDDBBF79EDDBB773FAF7C7D00BA4EA00560EAD266734EAA5796EBCCBE1466DF9DC2D4F0E0C183C343870E0D8F1C39A21AAEFC79CF9FFF3D7BF63C9402EE73CAD708A0CB045A00A62E6D36BF9BEA45E53AB32F5F99CD61AA0C59AAF93A70E0C07D29D05E57BE46005D26D002307569B3B9A8DFEFFB72C73994BFCCD895D918955F8714680F97AF11409709B4004C5DDA6CAE4D81F647CB75665FFE1ECE3258A9F62ABF1EE56B04D065022D005397369BDB7ABDDE7794EBCCBEBA81F60B0F1E18EEFFD05B87375DF9EA272AFF775E2B8F53EB2B81169835022D005397369BBFDCBA75EB3794EBCCBE3A81F6E107EE1EDE78F92B871FFDE35FF9AACA6BF9B6F278357E09B4C0AC11680198AA5EAFF78D69B3F942B9CE7CA81368EFBCE9E22561765477DD74C992E3D5F825D002B346A00560AAFAFDFE33D366736BB9CE7CA813683F79D5B94B82ECA8F26DE5F16AFC1268815923D002305569A3F9F154D794EBCC873A81F6C62B762E09B2A3CAB795C7ABF14BA005668D400BC054A58DE6E7FBFDFE7BCA75E683401BAB045A60D608B4004C55DA684E4981F67F96EBCC873A8136FF54E332C88E2ADF561EAFC62F81169835022D005395369A570D0683B3CB75E6439D407BCB07DFB024C88E2ADF561EAFC62F81169835022D005395369A37A540FBE2729DF95027D0DE7FF7C78637BEFF554BC26C5ECBB795C7ABF14BA005668D400BC054A58DE6FFA640FB1FCA75E6439D409BEBB6EBDFBE24D0E6B5F238B5BE1268815923D002305569A3B93A05DA9F28D7990FB502EDE1C3C35BAE79F392409BD7F26D4B8E576397400BCC1A811680A94A1BCD2D0B0B0BDF55AE331F560BB40F3F70F7F0D31F7CFD92303BAA7C5B3EA6BC9F1AAF045A60D608B4004C55DA681EEAF57ADF54AE331F960DB4870F0F0FDCB27BF8F1CBCE5A1262CBCAC7E4635DAD5D7F09B4C0AC116801989A1464BF3E6D3487CA75E64755A05DEDAAEC72E56AEDFA4BA005668D400BC0D42C2C2C7C7BDA68EE28D7991F5581B6CE55D9E52ADFB77C3C55BF045A60D608B4004C4D0AB43F92369AEBCA75E64755A02D43EA5AAB7C3C55BF045A60D608B4004CCD6030382E6D349794EBCC8FAA40ABDA2B81169835022D00539302ED8EB4D1BCA55C677E08B4B14AA005668D400BC0D4F4FBFDFF9C369AFF52AE333F04DA5825D002B346A005606A52A0FD9DB4D1BCA45C677E08B4B14AA005668D400BC0D4A44DE67FA7EA97EBCC0F81365609B4C0AC116801989AB4C9EC49B5B15C677E08B4B14AA005668D400BC0D4A44DE693BD5EEFFBCA75E687401BAB045A60D608B4004C4DDA64EE3FE18413BEA55C677E08B4B14AA005668D400BC054BCE8452FFADAB4C91C49FF794C791BF343A08D55022D306B045A00A6A2D7EB3D3D6D327797EBCC1781365609B4C0AC116801988A7EBFFF4FD326F367E53AF345A08D55022D306B045A00A62205DA67A74DE67DE53AF345A08D55022D306B045A00A6226D30DB52FD41B9CE7C11686395400BCC1A811680A9481BCCCBFBFDFEB9E53AF345A08D55022D306B045A00A6226D30FF3D05DAFF58AE335F04DA58B55AA04DEFDB8DA9AE2AD701A2126801988AB4C19C9F02ED96729DF922D0C6AAE502ED28C8E6C1D0700874899E05C054A40DE6CA4D9B363DAB5C67BE08B4B1AA0CB46590156881AED1B300988A7EBFFFB1C160F08FCB75E68B401BAB468176B9202BD0025DA3670130156983399802EDDF2AD7992F026DACCAAFC74A4156A005BA46CF0260E276EEDCF9A4724056F35B65A852EDD5D140AB94523355E51C0200EB96436DB9C6FC71853656F992630000809AA205DA744A95D5D4ED6D971F0A0500005053C440BBD2DAB46F6FBBCA403B5206DBF276000080B923D056AFB555CB05DA9151B02DD7010000E68E405BBDD656AD1668010000384AA0AD5E6BAB045A0000809A04DAEAB5B64AA0050000A849A0AD5E6BAB045A0000809A2206DAAA6AEAF6B64BA0050000A8295AA09DF712680100006A12686395400B00005093401BAB045A0000809A04DA5825D0020000D424D0C62A81160000A02681365609B40000003509B4B14AA0050000A849A08D55022D0000404D026DAC12680100006A12686395400B00005093401BAB045A0000809A04DA5825D0020000D424D0C62A81160000A02681365609B40000003509B4B14AA0050000A849A08D55022D0000404D026DAC12680100006A12686395400B00005093401BAB045A0000809A04DA5825D0020000D424D0C62A81160000A02681365609B40000003509B4B14AA0050000A849A08D55022D0000404D026DAC12680100006A12686395400B00005093401BAB045A0000809A76EDDAF5F8A1438796042BD57CA5D7E19E14680F97AF1100000015F6EEDD7BCFC1830797842BD57CDD71C71D17A4407B5DF91A0100005061F7EEDDCFDBB367CF43070E1CB8CF95DA762A7DDE0FDC7EFBEDEF4C61F633A99E53BE460000002C2387A87C6530D591FC3D9CAAF1CA9FF7FCF917660100000000000000000000000000000000000000000000000000000000000000000080D9F3FF01F504E90D59A0EDCC0000000049454E44AE426082, 1);

-- ----------------------------
-- Table structure for act_ge_property
-- ----------------------------
DROP TABLE IF EXISTS `act_ge_property`;
CREATE TABLE `act_ge_property`  (
  `NAME_` varchar(64) CHARACTER SET utf8mb3 COLLATE utf8mb3_bin NOT NULL,
  `VALUE_` varchar(300) CHARACTER SET utf8mb3 COLLATE utf8mb3_bin NULL DEFAULT NULL,
  `REV_` int NULL DEFAULT NULL,
  PRIMARY KEY (`NAME_`) USING BTREE
) ENGINE = InnoDB CHARACTER SET = utf8mb3 COLLATE = utf8mb3_bin ROW_FORMAT = Dynamic;

-- ----------------------------
-- Records of act_ge_property
-- ----------------------------
INSERT INTO `act_ge_property` VALUES ('batch.schema.version', '7.0.0.0', 1);
INSERT INTO `act_ge_property` VALUES ('cfg.execution-related-entities-count', 'true', 1);
INSERT INTO `act_ge_property` VALUES ('cfg.task-related-entities-count', 'true', 1);
INSERT INTO `act_ge_property` VALUES ('common.schema.version', '7.0.0.0', 1);
INSERT INTO `act_ge_property` VALUES ('entitylink.schema.version', '7.0.0.0', 1);
INSERT INTO `act_ge_property` VALUES ('eventsubscription.schema.version', '7.0.0.0', 1);
INSERT INTO `act_ge_property` VALUES ('identitylink.schema.version', '7.0.0.0', 1);
INSERT INTO `act_ge_property` VALUES ('job.schema.version', '7.0.0.0', 1);
INSERT INTO `act_ge_property` VALUES ('next.dbid', '1', 1);
INSERT INTO `act_ge_property` VALUES ('schema.history', 'create(7.0.0.0)', 1);
INSERT INTO `act_ge_property` VALUES ('schema.version', '7.0.0.0', 1);
INSERT INTO `act_ge_property` VALUES ('task.schema.version', '7.0.0.0', 1);
INSERT INTO `act_ge_property` VALUES ('variable.schema.version', '7.0.0.0', 1);

-- ----------------------------
-- Table structure for act_hi_actinst
-- ----------------------------
DROP TABLE IF EXISTS `act_hi_actinst`;
CREATE TABLE `act_hi_actinst`  (
  `ID_` varchar(64) CHARACTER SET utf8mb3 COLLATE utf8mb3_bin NOT NULL,
  `REV_` int NULL DEFAULT 1,
  `PROC_DEF_ID_` varchar(64) CHARACTER SET utf8mb3 COLLATE utf8mb3_bin NOT NULL,
  `PROC_INST_ID_` varchar(64) CHARACTER SET utf8mb3 COLLATE utf8mb3_bin NOT NULL,
  `EXECUTION_ID_` varchar(64) CHARACTER SET utf8mb3 COLLATE utf8mb3_bin NOT NULL,
  `ACT_ID_` varchar(255) CHARACTER SET utf8mb3 COLLATE utf8mb3_bin NOT NULL,
  `TASK_ID_` varchar(64) CHARACTER SET utf8mb3 COLLATE utf8mb3_bin NULL DEFAULT NULL,
  `CALL_PROC_INST_ID_` varchar(64) CHARACTER SET utf8mb3 COLLATE utf8mb3_bin NULL DEFAULT NULL,
  `ACT_NAME_` varchar(255) CHARACTER SET utf8mb3 COLLATE utf8mb3_bin NULL DEFAULT NULL,
  `ACT_TYPE_` varchar(255) CHARACTER SET utf8mb3 COLLATE utf8mb3_bin NOT NULL,
  `ASSIGNEE_` varchar(255) CHARACTER SET utf8mb3 COLLATE utf8mb3_bin NULL DEFAULT NULL,
  `START_TIME_` datetime(3) NOT NULL,
  `END_TIME_` datetime(3) NULL DEFAULT NULL,
  `TRANSACTION_ORDER_` int NULL DEFAULT NULL,
  `DURATION_` bigint NULL DEFAULT NULL,
  `DELETE_REASON_` varchar(4000) CHARACTER SET utf8mb3 COLLATE utf8mb3_bin NULL DEFAULT NULL,
  `TENANT_ID_` varchar(255) CHARACTER SET utf8mb3 COLLATE utf8mb3_bin NULL DEFAULT '',
  PRIMARY KEY (`ID_`) USING BTREE,
  INDEX `ACT_IDX_HI_ACT_INST_START`(`START_TIME_` ASC) USING BTREE,
  INDEX `ACT_IDX_HI_ACT_INST_END`(`END_TIME_` ASC) USING BTREE,
  INDEX `ACT_IDX_HI_ACT_INST_PROCINST`(`PROC_INST_ID_` ASC, `ACT_ID_` ASC) USING BTREE,
  INDEX `ACT_IDX_HI_ACT_INST_EXEC`(`EXECUTION_ID_` ASC, `ACT_ID_` ASC) USING BTREE
) ENGINE = InnoDB CHARACTER SET = utf8mb3 COLLATE = utf8mb3_bin ROW_FORMAT = Dynamic;

-- ----------------------------
-- Records of act_hi_actinst
-- ----------------------------
INSERT INTO `act_hi_actinst` VALUES ('00aeb737-3c01-11f1-ac70-52284ac9a333', 1, 'process_fyjyprgp:2:61f2458b-3c00-11f1-94b8-52284ac9a333', '00ae4201-3c01-11f1-ac70-52284ac9a333', '00aeb736-3c01-11f1-ac70-52284ac9a333', 'startNode1', NULL, NULL, '开始', 'startEvent', NULL, '2026-04-19 23:04:02.928', '2026-04-19 23:04:02.932', 1, 4, NULL, '');
INSERT INTO `act_hi_actinst` VALUES ('00af7a88-3c01-11f1-ac70-52284ac9a333', 1, 'process_fyjyprgp:2:61f2458b-3c00-11f1-94b8-52284ac9a333', '00ae4201-3c01-11f1-ac70-52284ac9a333', '00aeb736-3c01-11f1-ac70-52284ac9a333', 'Flow_0wz9lm7', NULL, NULL, NULL, 'sequenceFlow', NULL, '2026-04-19 23:04:02.933', '2026-04-19 23:04:02.933', 2, 0, NULL, '');
INSERT INTO `act_hi_actinst` VALUES ('00af7a89-3c01-11f1-ac70-52284ac9a333', 2, 'process_fyjyprgp:2:61f2458b-3c00-11f1-94b8-52284ac9a333', '00ae4201-3c01-11f1-ac70-52284ac9a333', '00aeb736-3c01-11f1-ac70-52284ac9a333', 'Activity_0coshjn', '00b40e6a-3c01-11f1-ac70-52284ac9a333', NULL, '一级审批', 'userTask', '2', '2026-04-19 23:04:02.933', '2026-04-19 23:04:14.227', 3, 11294, NULL, '');
INSERT INTO `act_hi_actinst` VALUES ('076af57e-3c01-11f1-ac70-52284ac9a333', 1, 'process_fyjyprgp:2:61f2458b-3c00-11f1-94b8-52284ac9a333', '00ae4201-3c01-11f1-ac70-52284ac9a333', '00aeb736-3c01-11f1-ac70-52284ac9a333', 'Flow_03t0pxd', NULL, NULL, NULL, 'sequenceFlow', NULL, '2026-04-19 23:04:14.228', '2026-04-19 23:04:14.228', 1, 0, NULL, '');
INSERT INTO `act_hi_actinst` VALUES ('076b1c8f-3c01-11f1-ac70-52284ac9a333', 1, 'process_fyjyprgp:2:61f2458b-3c00-11f1-94b8-52284ac9a333', '00ae4201-3c01-11f1-ac70-52284ac9a333', '00aeb736-3c01-11f1-ac70-52284ac9a333', 'Gateway_0fuds0f', NULL, NULL, NULL, 'exclusiveGateway', NULL, '2026-04-19 23:04:14.229', '2026-04-19 23:04:14.248', 2, 19, NULL, '');
INSERT INTO `act_hi_actinst` VALUES ('076e02c0-3c01-11f1-ac70-52284ac9a333', 1, 'process_fyjyprgp:2:61f2458b-3c00-11f1-94b8-52284ac9a333', '00ae4201-3c01-11f1-ac70-52284ac9a333', '00aeb736-3c01-11f1-ac70-52284ac9a333', 'Flow_1ihuixz', NULL, NULL, NULL, 'sequenceFlow', NULL, '2026-04-19 23:04:14.248', '2026-04-19 23:04:14.248', 3, 0, NULL, '');
INSERT INTO `act_hi_actinst` VALUES ('076e50e1-3c01-11f1-ac70-52284ac9a333', 3, 'process_fyjyprgp:2:61f2458b-3c00-11f1-94b8-52284ac9a333', '00ae4201-3c01-11f1-ac70-52284ac9a333', '00aeb736-3c01-11f1-ac70-52284ac9a333', 'Activity_19j66xd', '076e77f2-3c01-11f1-ac70-52284ac9a333', NULL, '二级审批', 'userTask', '1', '2026-04-19 23:04:14.250', '2026-04-19 23:04:38.644', 4, 24394, NULL, '');
INSERT INTO `act_hi_actinst` VALUES ('0de79b54-3bf3-11f1-8094-52284ac9a333', 1, 'process_fyjyprgp:1:03c3c80d-3bf3-11f1-8094-52284ac9a333', '0de7743e-3bf3-11f1-8094-52284ac9a333', '0de79b53-3bf3-11f1-8094-52284ac9a333', 'startNode1', NULL, NULL, '开始', 'startEvent', NULL, '2026-04-19 21:24:12.157', '2026-04-19 21:24:12.161', 1, 4, NULL, '');
INSERT INTO `act_hi_actinst` VALUES ('0de83795-3bf3-11f1-8094-52284ac9a333', 1, 'process_fyjyprgp:1:03c3c80d-3bf3-11f1-8094-52284ac9a333', '0de7743e-3bf3-11f1-8094-52284ac9a333', '0de79b53-3bf3-11f1-8094-52284ac9a333', 'Flow_0wz9lm7', NULL, NULL, NULL, 'sequenceFlow', NULL, '2026-04-19 21:24:12.161', '2026-04-19 21:24:12.161', 2, 0, NULL, '');
INSERT INTO `act_hi_actinst` VALUES ('0de83796-3bf3-11f1-8094-52284ac9a333', 2, 'process_fyjyprgp:1:03c3c80d-3bf3-11f1-8094-52284ac9a333', '0de7743e-3bf3-11f1-8094-52284ac9a333', '0de79b53-3bf3-11f1-8094-52284ac9a333', 'Activity_0coshjn', '0deb44d7-3bf3-11f1-8094-52284ac9a333', NULL, '一级审批', 'userTask', '2', '2026-04-19 21:24:12.161', '2026-04-19 22:41:50.822', 3, 4658661, NULL, '');
INSERT INTO `act_hi_actinst` VALUES ('15f88b88-3c01-11f1-ac70-52284ac9a333', 1, 'process_fyjyprgp:2:61f2458b-3c00-11f1-94b8-52284ac9a333', '00ae4201-3c01-11f1-ac70-52284ac9a333', '00aeb736-3c01-11f1-ac70-52284ac9a333', 'Flow_13nqowp', NULL, NULL, NULL, 'sequenceFlow', NULL, '2026-04-19 23:04:38.644', '2026-04-19 23:04:38.644', 1, 0, NULL, '');
INSERT INTO `act_hi_actinst` VALUES ('15f88b89-3c01-11f1-ac70-52284ac9a333', 1, 'process_fyjyprgp:2:61f2458b-3c00-11f1-94b8-52284ac9a333', '00ae4201-3c01-11f1-ac70-52284ac9a333', '00aeb736-3c01-11f1-ac70-52284ac9a333', 'Gateway_0doo7tw', NULL, NULL, NULL, 'exclusiveGateway', NULL, '2026-04-19 23:04:38.644', '2026-04-19 23:04:38.646', 2, 2, NULL, '');
INSERT INTO `act_hi_actinst` VALUES ('15f8d9aa-3c01-11f1-ac70-52284ac9a333', 1, 'process_fyjyprgp:2:61f2458b-3c00-11f1-94b8-52284ac9a333', '00ae4201-3c01-11f1-ac70-52284ac9a333', '00aeb736-3c01-11f1-ac70-52284ac9a333', 'Flow_0t8yylh', NULL, NULL, NULL, 'sequenceFlow', NULL, '2026-04-19 23:04:38.646', '2026-04-19 23:04:38.646', 3, 0, NULL, '');
INSERT INTO `act_hi_actinst` VALUES ('15f8d9ab-3c01-11f1-ac70-52284ac9a333', 2, 'process_fyjyprgp:2:61f2458b-3c00-11f1-94b8-52284ac9a333', '00ae4201-3c01-11f1-ac70-52284ac9a333', '00aeb736-3c01-11f1-ac70-52284ac9a333', 'Activity_0rc8cli', '15f8d9ac-3c01-11f1-ac70-52284ac9a333', NULL, '返回填写', 'userTask', NULL, '2026-04-19 23:04:38.646', '2026-04-19 23:04:38.680', 4, 34, 'Rejected by user', '');
INSERT INTO `act_hi_actinst` VALUES ('27df1c27-3cbb-11f1-a4a9-52284ac9a333', 1, 'process_fyjyprgp:2:61f2458b-3c00-11f1-94b8-52284ac9a333', '27def511-3cbb-11f1-a4a9-52284ac9a333', '27df1c26-3cbb-11f1-a4a9-52284ac9a333', 'startNode1', NULL, NULL, '开始', 'startEvent', NULL, '2026-04-20 21:16:35.068', '2026-04-20 21:16:35.069', 1, 1, NULL, '');
INSERT INTO `act_hi_actinst` VALUES ('27df4338-3cbb-11f1-a4a9-52284ac9a333', 1, 'process_fyjyprgp:2:61f2458b-3c00-11f1-94b8-52284ac9a333', '27def511-3cbb-11f1-a4a9-52284ac9a333', '27df1c26-3cbb-11f1-a4a9-52284ac9a333', 'Flow_0wz9lm7', NULL, NULL, NULL, 'sequenceFlow', NULL, '2026-04-20 21:16:35.069', '2026-04-20 21:16:35.069', 2, 0, NULL, '');
INSERT INTO `act_hi_actinst` VALUES ('27df4339-3cbb-11f1-a4a9-52284ac9a333', 2, 'process_fyjyprgp:2:61f2458b-3c00-11f1-94b8-52284ac9a333', '27def511-3cbb-11f1-a4a9-52284ac9a333', '27df1c26-3cbb-11f1-a4a9-52284ac9a333', 'Activity_0coshjn', '27df433a-3cbb-11f1-a4a9-52284ac9a333', NULL, '一级审批', 'userTask', '2', '2026-04-20 21:16:35.069', '2026-04-20 21:17:52.939', 3, 77870, NULL, '');
INSERT INTO `act_hi_actinst` VALUES ('4d6e2183-3cbb-11f1-a4a9-52284ac9a333', 1, 'process_9iy341pn:1:898e5c57-3c04-11f1-82d8-52284ac9a333', '4d6e217d-3cbb-11f1-a4a9-52284ac9a333', '4d6e2182-3cbb-11f1-a4a9-52284ac9a333', 'startNode1', NULL, NULL, '开始', 'startEvent', NULL, '2026-04-20 21:17:38.081', '2026-04-20 21:17:38.081', 1, 0, NULL, '');
INSERT INTO `act_hi_actinst` VALUES ('4d6e2184-3cbb-11f1-a4a9-52284ac9a333', 1, 'process_9iy341pn:1:898e5c57-3c04-11f1-82d8-52284ac9a333', '4d6e217d-3cbb-11f1-a4a9-52284ac9a333', '4d6e2182-3cbb-11f1-a4a9-52284ac9a333', 'Flow_0oee6et', NULL, NULL, NULL, 'sequenceFlow', NULL, '2026-04-20 21:17:38.081', '2026-04-20 21:17:38.081', 2, 0, NULL, '');
INSERT INTO `act_hi_actinst` VALUES ('4d6e4895-3cbb-11f1-a4a9-52284ac9a333', 1, 'process_9iy341pn:1:898e5c57-3c04-11f1-82d8-52284ac9a333', '4d6e217d-3cbb-11f1-a4a9-52284ac9a333', '4d6e2182-3cbb-11f1-a4a9-52284ac9a333', 'Activity_13c76fj', '4d6e4896-3cbb-11f1-a4a9-52284ac9a333', NULL, '一级审批', 'userTask', '1', '2026-04-20 21:17:38.082', NULL, 3, NULL, NULL, '');
INSERT INTO `act_hi_actinst` VALUES ('5649964a-3cbb-11f1-a4a9-52284ac9a333', 1, 'process_fyjyprgp:2:61f2458b-3c00-11f1-94b8-52284ac9a333', '27def511-3cbb-11f1-a4a9-52284ac9a333', '27df1c26-3cbb-11f1-a4a9-52284ac9a333', 'Flow_03t0pxd', NULL, NULL, NULL, 'sequenceFlow', NULL, '2026-04-20 21:17:52.941', '2026-04-20 21:17:52.941', 1, 0, NULL, '');
INSERT INTO `act_hi_actinst` VALUES ('5649bd5b-3cbb-11f1-a4a9-52284ac9a333', 1, 'process_fyjyprgp:2:61f2458b-3c00-11f1-94b8-52284ac9a333', '27def511-3cbb-11f1-a4a9-52284ac9a333', '27df1c26-3cbb-11f1-a4a9-52284ac9a333', 'Gateway_0fuds0f', NULL, NULL, NULL, 'exclusiveGateway', NULL, '2026-04-20 21:17:52.942', '2026-04-20 21:17:52.942', 2, 0, NULL, '');
INSERT INTO `act_hi_actinst` VALUES ('5649e46c-3cbb-11f1-a4a9-52284ac9a333', 1, 'process_fyjyprgp:2:61f2458b-3c00-11f1-94b8-52284ac9a333', '27def511-3cbb-11f1-a4a9-52284ac9a333', '27df1c26-3cbb-11f1-a4a9-52284ac9a333', 'Flow_1ihuixz', NULL, NULL, NULL, 'sequenceFlow', NULL, '2026-04-20 21:17:52.943', '2026-04-20 21:17:52.943', 3, 0, NULL, '');
INSERT INTO `act_hi_actinst` VALUES ('564a0b7d-3cbb-11f1-a4a9-52284ac9a333', 3, 'process_fyjyprgp:2:61f2458b-3c00-11f1-94b8-52284ac9a333', '27def511-3cbb-11f1-a4a9-52284ac9a333', '27df1c26-3cbb-11f1-a4a9-52284ac9a333', 'Activity_19j66xd', '564a0b7e-3cbb-11f1-a4a9-52284ac9a333', NULL, '二级审批', 'userTask', '1', '2026-04-20 21:17:52.944', '2026-04-20 22:48:18.556', 4, 5425612, NULL, '');
INSERT INTO `act_hi_actinst` VALUES ('65c363dd-3cbf-11f1-900c-52284ac9a333', 1, 'process_fyjyprgp:2:61f2458b-3c00-11f1-94b8-52284ac9a333', '65c22b57-3cbf-11f1-900c-52284ac9a333', '65c363dc-3cbf-11f1-900c-52284ac9a333', 'startNode1', NULL, NULL, '开始', 'startEvent', NULL, '2026-04-20 21:46:56.892', '2026-04-20 21:46:56.901', 1, 9, NULL, '');
INSERT INTO `act_hi_actinst` VALUES ('65c55fae-3cbf-11f1-900c-52284ac9a333', 1, 'process_fyjyprgp:2:61f2458b-3c00-11f1-94b8-52284ac9a333', '65c22b57-3cbf-11f1-900c-52284ac9a333', '65c363dc-3cbf-11f1-900c-52284ac9a333', 'Flow_0wz9lm7', NULL, NULL, NULL, 'sequenceFlow', NULL, '2026-04-20 21:46:56.905', '2026-04-20 21:46:56.905', 2, 0, NULL, '');
INSERT INTO `act_hi_actinst` VALUES ('65c55faf-3cbf-11f1-900c-52284ac9a333', 1, 'process_fyjyprgp:2:61f2458b-3c00-11f1-94b8-52284ac9a333', '65c22b57-3cbf-11f1-900c-52284ac9a333', '65c363dc-3cbf-11f1-900c-52284ac9a333', 'Activity_0coshjn', '65ce8770-3cbf-11f1-900c-52284ac9a333', NULL, '一级审批', 'userTask', '2', '2026-04-20 21:46:56.905', NULL, 3, NULL, NULL, '');
INSERT INTO `act_hi_actinst` VALUES ('6ced3ef2-3c00-11f1-94b8-52284ac9a333', 1, 'process_fyjyprgp:2:61f2458b-3c00-11f1-94b8-52284ac9a333', '6cecf0cc-3c00-11f1-94b8-52284ac9a333', '6ced3ef1-3c00-11f1-94b8-52284ac9a333', 'startNode1', NULL, NULL, '开始', 'startEvent', NULL, '2026-04-19 22:59:55.035', '2026-04-19 22:59:55.038', 1, 3, NULL, '');
INSERT INTO `act_hi_actinst` VALUES ('6ceddb33-3c00-11f1-94b8-52284ac9a333', 1, 'process_fyjyprgp:2:61f2458b-3c00-11f1-94b8-52284ac9a333', '6cecf0cc-3c00-11f1-94b8-52284ac9a333', '6ced3ef1-3c00-11f1-94b8-52284ac9a333', 'Flow_0wz9lm7', NULL, NULL, NULL, 'sequenceFlow', NULL, '2026-04-19 22:59:55.039', '2026-04-19 22:59:55.039', 2, 0, NULL, '');
INSERT INTO `act_hi_actinst` VALUES ('6ceddb34-3c00-11f1-94b8-52284ac9a333', 2, 'process_fyjyprgp:2:61f2458b-3c00-11f1-94b8-52284ac9a333', '6cecf0cc-3c00-11f1-94b8-52284ac9a333', '6ced3ef1-3c00-11f1-94b8-52284ac9a333', 'Activity_0coshjn', '6cf09a55-3c00-11f1-94b8-52284ac9a333', NULL, '一级审批', 'userTask', '2', '2026-04-19 22:59:55.039', '2026-04-19 23:00:12.806', 3, 17767, NULL, '');
INSERT INTO `act_hi_actinst` VALUES ('778530c9-3c00-11f1-94b8-52284ac9a333', 1, 'process_fyjyprgp:2:61f2458b-3c00-11f1-94b8-52284ac9a333', '6cecf0cc-3c00-11f1-94b8-52284ac9a333', '6ced3ef1-3c00-11f1-94b8-52284ac9a333', 'Flow_03t0pxd', NULL, NULL, NULL, 'sequenceFlow', NULL, '2026-04-19 23:00:12.808', '2026-04-19 23:00:12.808', 1, 0, NULL, '');
INSERT INTO `act_hi_actinst` VALUES ('77857eea-3c00-11f1-94b8-52284ac9a333', 1, 'process_fyjyprgp:2:61f2458b-3c00-11f1-94b8-52284ac9a333', '6cecf0cc-3c00-11f1-94b8-52284ac9a333', '6ced3ef1-3c00-11f1-94b8-52284ac9a333', 'Gateway_0fuds0f', NULL, NULL, NULL, 'exclusiveGateway', NULL, '2026-04-19 23:00:12.810', '2026-04-19 23:00:12.825', 2, 15, NULL, '');
INSERT INTO `act_hi_actinst` VALUES ('7787c8db-3c00-11f1-94b8-52284ac9a333', 1, 'process_fyjyprgp:2:61f2458b-3c00-11f1-94b8-52284ac9a333', '6cecf0cc-3c00-11f1-94b8-52284ac9a333', '6ced3ef1-3c00-11f1-94b8-52284ac9a333', 'Flow_1ihuixz', NULL, NULL, NULL, 'sequenceFlow', NULL, '2026-04-19 23:00:12.825', '2026-04-19 23:00:12.825', 3, 0, NULL, '');
INSERT INTO `act_hi_actinst` VALUES ('778816fc-3c00-11f1-94b8-52284ac9a333', 3, 'process_fyjyprgp:2:61f2458b-3c00-11f1-94b8-52284ac9a333', '6cecf0cc-3c00-11f1-94b8-52284ac9a333', '6ced3ef1-3c00-11f1-94b8-52284ac9a333', 'Activity_19j66xd', '77883e0d-3c00-11f1-94b8-52284ac9a333', NULL, '二级审批', 'userTask', '2', '2026-04-19 23:00:12.827', '2026-04-19 23:00:26.776', 4, 13949, NULL, '');
INSERT INTO `act_hi_actinst` VALUES ('7fd8b0e3-3c00-11f1-94b8-52284ac9a333', 1, 'process_fyjyprgp:2:61f2458b-3c00-11f1-94b8-52284ac9a333', '6cecf0cc-3c00-11f1-94b8-52284ac9a333', '6ced3ef1-3c00-11f1-94b8-52284ac9a333', 'Flow_13nqowp', NULL, NULL, NULL, 'sequenceFlow', NULL, '2026-04-19 23:00:26.777', '2026-04-19 23:00:26.777', 1, 0, NULL, '');
INSERT INTO `act_hi_actinst` VALUES ('7fd8ff04-3c00-11f1-94b8-52284ac9a333', 1, 'process_fyjyprgp:2:61f2458b-3c00-11f1-94b8-52284ac9a333', '6cecf0cc-3c00-11f1-94b8-52284ac9a333', '6ced3ef1-3c00-11f1-94b8-52284ac9a333', 'Gateway_0doo7tw', NULL, NULL, NULL, 'exclusiveGateway', NULL, '2026-04-19 23:00:26.779', '2026-04-19 23:00:26.779', 2, 0, NULL, '');
INSERT INTO `act_hi_actinst` VALUES ('7fd8ff05-3c00-11f1-94b8-52284ac9a333', 1, 'process_fyjyprgp:2:61f2458b-3c00-11f1-94b8-52284ac9a333', '6cecf0cc-3c00-11f1-94b8-52284ac9a333', '6ced3ef1-3c00-11f1-94b8-52284ac9a333', 'Flow_0f0mviv', NULL, NULL, NULL, 'sequenceFlow', NULL, '2026-04-19 23:00:26.779', '2026-04-19 23:00:26.779', 3, 0, NULL, '');
INSERT INTO `act_hi_actinst` VALUES ('7fd92616-3c00-11f1-94b8-52284ac9a333', 1, 'process_fyjyprgp:2:61f2458b-3c00-11f1-94b8-52284ac9a333', '6cecf0cc-3c00-11f1-94b8-52284ac9a333', '6ced3ef1-3c00-11f1-94b8-52284ac9a333', 'Event_1yieqph', NULL, NULL, NULL, 'endEvent', NULL, '2026-04-19 23:00:26.781', '2026-04-19 23:00:26.783', 4, 2, NULL, '');
INSERT INTO `act_hi_actinst` VALUES ('908b4d1e-3c04-11f1-82d8-52284ac9a333', 1, 'process_9iy341pn:1:898e5c57-3c04-11f1-82d8-52284ac9a333', '908ad7e8-3c04-11f1-82d8-52284ac9a333', '908b4d1d-3c04-11f1-82d8-52284ac9a333', 'startNode1', NULL, NULL, '开始', 'startEvent', NULL, '2026-04-19 23:29:32.778', '2026-04-19 23:29:32.782', 1, 4, NULL, '');
INSERT INTO `act_hi_actinst` VALUES ('908c377f-3c04-11f1-82d8-52284ac9a333', 1, 'process_9iy341pn:1:898e5c57-3c04-11f1-82d8-52284ac9a333', '908ad7e8-3c04-11f1-82d8-52284ac9a333', '908b4d1d-3c04-11f1-82d8-52284ac9a333', 'Flow_0oee6et', NULL, NULL, NULL, 'sequenceFlow', NULL, '2026-04-19 23:29:32.784', '2026-04-19 23:29:32.784', 2, 0, NULL, '');
INSERT INTO `act_hi_actinst` VALUES ('908c3780-3c04-11f1-82d8-52284ac9a333', 2, 'process_9iy341pn:1:898e5c57-3c04-11f1-82d8-52284ac9a333', '908ad7e8-3c04-11f1-82d8-52284ac9a333', '908b4d1d-3c04-11f1-82d8-52284ac9a333', 'Activity_13c76fj', '908f92e1-3c04-11f1-82d8-52284ac9a333', NULL, '一级审批', 'userTask', '1', '2026-04-19 23:29:32.784', '2026-04-19 23:29:49.742', 3, 16958, NULL, '');
INSERT INTO `act_hi_actinst` VALUES ('92a6d7e1-3cb9-11f1-bfd6-52284ac9a333', 1, 'process_fyjyprgp:2:61f2458b-3c00-11f1-94b8-52284ac9a333', '92a5ed7b-3cb9-11f1-bfd6-52284ac9a333', '92a6d7e0-3cb9-11f1-bfd6-52284ac9a333', 'startNode1', NULL, NULL, '开始', 'startEvent', NULL, '2026-04-20 21:05:15.222', '2026-04-20 21:05:15.228', 1, 6, NULL, '');
INSERT INTO `act_hi_actinst` VALUES ('92a85e82-3cb9-11f1-bfd6-52284ac9a333', 1, 'process_fyjyprgp:2:61f2458b-3c00-11f1-94b8-52284ac9a333', '92a5ed7b-3cb9-11f1-bfd6-52284ac9a333', '92a6d7e0-3cb9-11f1-bfd6-52284ac9a333', 'Flow_0wz9lm7', NULL, NULL, NULL, 'sequenceFlow', NULL, '2026-04-20 21:05:15.232', '2026-04-20 21:05:15.232', 2, 0, NULL, '');
INSERT INTO `act_hi_actinst` VALUES ('92a85e83-3cb9-11f1-bfd6-52284ac9a333', 2, 'process_fyjyprgp:2:61f2458b-3c00-11f1-94b8-52284ac9a333', '92a5ed7b-3cb9-11f1-bfd6-52284ac9a333', '92a6d7e0-3cb9-11f1-bfd6-52284ac9a333', 'Activity_0coshjn', '92af6364-3cb9-11f1-bfd6-52284ac9a333', NULL, '一级审批', 'userTask', '2', '2026-04-20 21:05:15.232', '2026-04-20 21:13:19.444', 3, 484212, NULL, '');
INSERT INTO `act_hi_actinst` VALUES ('9aa7f475-3c04-11f1-82d8-52284ac9a333', 1, 'process_9iy341pn:1:898e5c57-3c04-11f1-82d8-52284ac9a333', '908ad7e8-3c04-11f1-82d8-52284ac9a333', '908b4d1d-3c04-11f1-82d8-52284ac9a333', 'Flow_1a36zh8', NULL, NULL, NULL, 'sequenceFlow', NULL, '2026-04-19 23:29:49.743', '2026-04-19 23:29:49.743', 1, 0, NULL, '');
INSERT INTO `act_hi_actinst` VALUES ('9aa81b86-3c04-11f1-82d8-52284ac9a333', 1, 'process_9iy341pn:1:898e5c57-3c04-11f1-82d8-52284ac9a333', '908ad7e8-3c04-11f1-82d8-52284ac9a333', '908b4d1d-3c04-11f1-82d8-52284ac9a333', 'Gateway_1mto3cv', NULL, NULL, NULL, 'parallelGateway', NULL, '2026-04-19 23:29:49.744', '2026-04-19 23:29:49.745', 2, 1, NULL, '');
INSERT INTO `act_hi_actinst` VALUES ('9aa890b8-3c04-11f1-82d8-52284ac9a333', 1, 'process_9iy341pn:1:898e5c57-3c04-11f1-82d8-52284ac9a333', '908ad7e8-3c04-11f1-82d8-52284ac9a333', '908b4d1d-3c04-11f1-82d8-52284ac9a333', 'Flow_0j9s728', NULL, NULL, NULL, 'sequenceFlow', NULL, '2026-04-19 23:29:49.747', '2026-04-19 23:29:49.747', 3, 0, NULL, '');
INSERT INTO `act_hi_actinst` VALUES ('9aa890b9-3c04-11f1-82d8-52284ac9a333', 1, 'process_9iy341pn:1:898e5c57-3c04-11f1-82d8-52284ac9a333', '908ad7e8-3c04-11f1-82d8-52284ac9a333', '9aa890b7-3c04-11f1-82d8-52284ac9a333', 'Flow_1n1lq8n', NULL, NULL, NULL, 'sequenceFlow', NULL, '2026-04-19 23:29:49.747', '2026-04-19 23:29:49.747', 4, 0, NULL, '');
INSERT INTO `act_hi_actinst` VALUES ('9aa8b7ca-3c04-11f1-82d8-52284ac9a333', 2, 'process_9iy341pn:1:898e5c57-3c04-11f1-82d8-52284ac9a333', '908ad7e8-3c04-11f1-82d8-52284ac9a333', '908b4d1d-3c04-11f1-82d8-52284ac9a333', 'Activity_00t8617', '9aa8dedb-3c04-11f1-82d8-52284ac9a333', NULL, '二级审批-会签1', 'userTask', '1', '2026-04-19 23:29:49.748', '2026-04-19 23:29:59.612', 5, 9864, NULL, '');
INSERT INTO `act_hi_actinst` VALUES ('9aa92cfd-3c04-11f1-82d8-52284ac9a333', 2, 'process_9iy341pn:1:898e5c57-3c04-11f1-82d8-52284ac9a333', '908ad7e8-3c04-11f1-82d8-52284ac9a333', '9aa890b7-3c04-11f1-82d8-52284ac9a333', 'Activity_1sijfpb', '9aa92cfe-3c04-11f1-82d8-52284ac9a333', NULL, '二级审批-会签2', 'userTask', '2', '2026-04-19 23:29:49.751', '2026-04-19 23:30:12.771', 6, 23020, NULL, '');
INSERT INTO `act_hi_actinst` VALUES ('a089d851-3c04-11f1-82d8-52284ac9a333', 1, 'process_9iy341pn:1:898e5c57-3c04-11f1-82d8-52284ac9a333', '908ad7e8-3c04-11f1-82d8-52284ac9a333', '908b4d1d-3c04-11f1-82d8-52284ac9a333', 'Flow_06nggud', NULL, NULL, NULL, 'sequenceFlow', NULL, '2026-04-19 23:29:59.612', '2026-04-19 23:29:59.612', 1, 0, NULL, '');
INSERT INTO `act_hi_actinst` VALUES ('a089ff62-3c04-11f1-82d8-52284ac9a333', 1, 'process_9iy341pn:1:898e5c57-3c04-11f1-82d8-52284ac9a333', '908ad7e8-3c04-11f1-82d8-52284ac9a333', '908b4d1d-3c04-11f1-82d8-52284ac9a333', 'Gateway_1r4nkwd', NULL, NULL, NULL, 'exclusiveGateway', NULL, '2026-04-19 23:29:59.613', '2026-04-19 23:29:59.629', 2, 16, NULL, '');
INSERT INTO `act_hi_actinst` VALUES ('a08c7063-3c04-11f1-82d8-52284ac9a333', 1, 'process_9iy341pn:1:898e5c57-3c04-11f1-82d8-52284ac9a333', '908ad7e8-3c04-11f1-82d8-52284ac9a333', '908b4d1d-3c04-11f1-82d8-52284ac9a333', 'Flow_0w4qv6t', NULL, NULL, NULL, 'sequenceFlow', NULL, '2026-04-19 23:29:59.629', '2026-04-19 23:29:59.629', 3, 0, NULL, '');
INSERT INTO `act_hi_actinst` VALUES ('a08c9774-3c04-11f1-82d8-52284ac9a333', 1, 'process_9iy341pn:1:898e5c57-3c04-11f1-82d8-52284ac9a333', '908ad7e8-3c04-11f1-82d8-52284ac9a333', '908b4d1d-3c04-11f1-82d8-52284ac9a333', 'Event_12tga4l', NULL, NULL, NULL, 'endEvent', NULL, '2026-04-19 23:29:59.630', '2026-04-19 23:29:59.633', 4, 3, NULL, '');
INSERT INTO `act_hi_actinst` VALUES ('a861e6d5-3c04-11f1-82d8-52284ac9a333', 1, 'process_9iy341pn:1:898e5c57-3c04-11f1-82d8-52284ac9a333', '908ad7e8-3c04-11f1-82d8-52284ac9a333', '9aa890b7-3c04-11f1-82d8-52284ac9a333', 'Flow_0kdi6ch', NULL, NULL, NULL, 'sequenceFlow', NULL, '2026-04-19 23:30:12.772', '2026-04-19 23:30:12.772', 1, 0, NULL, '');
INSERT INTO `act_hi_actinst` VALUES ('a8620de6-3c04-11f1-82d8-52284ac9a333', 1, 'process_9iy341pn:1:898e5c57-3c04-11f1-82d8-52284ac9a333', '908ad7e8-3c04-11f1-82d8-52284ac9a333', '9aa890b7-3c04-11f1-82d8-52284ac9a333', 'Gateway_19fxte5', NULL, NULL, NULL, 'exclusiveGateway', NULL, '2026-04-19 23:30:12.773', '2026-04-19 23:30:12.773', 2, 0, NULL, '');
INSERT INTO `act_hi_actinst` VALUES ('a8620de7-3c04-11f1-82d8-52284ac9a333', 1, 'process_9iy341pn:1:898e5c57-3c04-11f1-82d8-52284ac9a333', '908ad7e8-3c04-11f1-82d8-52284ac9a333', '9aa890b7-3c04-11f1-82d8-52284ac9a333', 'Flow_0ls8uw3', NULL, NULL, NULL, 'sequenceFlow', NULL, '2026-04-19 23:30:12.773', '2026-04-19 23:30:12.773', 3, 0, NULL, '');
INSERT INTO `act_hi_actinst` VALUES ('a86234f8-3c04-11f1-82d8-52284ac9a333', 2, 'process_9iy341pn:1:898e5c57-3c04-11f1-82d8-52284ac9a333', '908ad7e8-3c04-11f1-82d8-52284ac9a333', '9aa890b7-3c04-11f1-82d8-52284ac9a333', 'Activity_1ceecnp', 'a86234f9-3c04-11f1-82d8-52284ac9a333', NULL, NULL, 'userTask', NULL, '2026-04-19 23:30:12.774', '2026-04-19 23:30:12.821', 4, 47, 'Rejected by user', '');
INSERT INTO `act_hi_actinst` VALUES ('b3476473-3cba-11f1-a4a9-52284ac9a333', 1, 'process_fyjyprgp:2:61f2458b-3c00-11f1-94b8-52284ac9a333', '92a5ed7b-3cb9-11f1-bfd6-52284ac9a333', '92a6d7e0-3cb9-11f1-bfd6-52284ac9a333', 'Flow_03t0pxd', NULL, NULL, NULL, 'sequenceFlow', NULL, '2026-04-20 21:13:19.459', '2026-04-20 21:13:19.459', 1, 0, NULL, '');
INSERT INTO `act_hi_actinst` VALUES ('b34800b4-3cba-11f1-a4a9-52284ac9a333', 1, 'process_fyjyprgp:2:61f2458b-3c00-11f1-94b8-52284ac9a333', '92a5ed7b-3cb9-11f1-bfd6-52284ac9a333', '92a6d7e0-3cb9-11f1-bfd6-52284ac9a333', 'Gateway_0fuds0f', NULL, NULL, NULL, 'exclusiveGateway', NULL, '2026-04-20 21:13:19.462', '2026-04-20 21:13:19.560', 2, 98, NULL, '');
INSERT INTO `act_hi_actinst` VALUES ('b356f4d5-3cba-11f1-a4a9-52284ac9a333', 1, 'process_fyjyprgp:2:61f2458b-3c00-11f1-94b8-52284ac9a333', '92a5ed7b-3cb9-11f1-bfd6-52284ac9a333', '92a6d7e0-3cb9-11f1-bfd6-52284ac9a333', 'Flow_1ihuixz', NULL, NULL, NULL, 'sequenceFlow', NULL, '2026-04-20 21:13:19.560', '2026-04-20 21:13:19.560', 3, 0, NULL, '');
INSERT INTO `act_hi_actinst` VALUES ('b3576a06-3cba-11f1-a4a9-52284ac9a333', 3, 'process_fyjyprgp:2:61f2458b-3c00-11f1-94b8-52284ac9a333', '92a5ed7b-3cb9-11f1-bfd6-52284ac9a333', '92a6d7e0-3cb9-11f1-bfd6-52284ac9a333', 'Activity_19j66xd', 'b357b827-3cba-11f1-a4a9-52284ac9a333', NULL, '二级审批', 'userTask', '1', '2026-04-20 21:13:19.563', '2026-04-20 21:13:39.412', 4, 19849, NULL, '');
INSERT INTO `act_hi_actinst` VALUES ('bf2c6fbd-3cba-11f1-a4a9-52284ac9a333', 1, 'process_fyjyprgp:2:61f2458b-3c00-11f1-94b8-52284ac9a333', '92a5ed7b-3cb9-11f1-bfd6-52284ac9a333', '92a6d7e0-3cb9-11f1-bfd6-52284ac9a333', 'Flow_13nqowp', NULL, NULL, NULL, 'sequenceFlow', NULL, '2026-04-20 21:13:39.414', '2026-04-20 21:13:39.414', 1, 0, NULL, '');
INSERT INTO `act_hi_actinst` VALUES ('bf2cbdde-3cba-11f1-a4a9-52284ac9a333', 1, 'process_fyjyprgp:2:61f2458b-3c00-11f1-94b8-52284ac9a333', '92a5ed7b-3cb9-11f1-bfd6-52284ac9a333', '92a6d7e0-3cb9-11f1-bfd6-52284ac9a333', 'Gateway_0doo7tw', NULL, NULL, NULL, 'exclusiveGateway', NULL, '2026-04-20 21:13:39.416', '2026-04-20 21:13:39.416', 2, 0, NULL, '');
INSERT INTO `act_hi_actinst` VALUES ('bf2cbddf-3cba-11f1-a4a9-52284ac9a333', 1, 'process_fyjyprgp:2:61f2458b-3c00-11f1-94b8-52284ac9a333', '92a5ed7b-3cb9-11f1-bfd6-52284ac9a333', '92a6d7e0-3cb9-11f1-bfd6-52284ac9a333', 'Flow_0f0mviv', NULL, NULL, NULL, 'sequenceFlow', NULL, '2026-04-20 21:13:39.416', '2026-04-20 21:13:39.416', 3, 0, NULL, '');
INSERT INTO `act_hi_actinst` VALUES ('bf2ce4f0-3cba-11f1-a4a9-52284ac9a333', 1, 'process_fyjyprgp:2:61f2458b-3c00-11f1-94b8-52284ac9a333', '92a5ed7b-3cb9-11f1-bfd6-52284ac9a333', '92a6d7e0-3cb9-11f1-bfd6-52284ac9a333', 'Event_1yieqph', NULL, NULL, NULL, 'endEvent', NULL, '2026-04-20 21:13:39.417', '2026-04-20 21:13:39.421', 4, 4, NULL, '');
INSERT INTO `act_hi_actinst` VALUES ('e6b14da1-3bfd-11f1-bbbc-52284ac9a333', 1, 'process_fyjyprgp:1:03c3c80d-3bf3-11f1-8094-52284ac9a333', '0de7743e-3bf3-11f1-8094-52284ac9a333', '0de79b53-3bf3-11f1-8094-52284ac9a333', 'Flow_03t0pxd', NULL, NULL, NULL, 'sequenceFlow', NULL, '2026-04-19 22:41:50.834', '2026-04-19 22:41:50.834', 1, 0, NULL, '');
INSERT INTO `act_hi_actinst` VALUES ('e6b19bc2-3bfd-11f1-bbbc-52284ac9a333', 1, 'process_fyjyprgp:1:03c3c80d-3bf3-11f1-8094-52284ac9a333', '0de7743e-3bf3-11f1-8094-52284ac9a333', '0de79b53-3bf3-11f1-8094-52284ac9a333', 'Gateway_0fuds0f', NULL, NULL, NULL, 'exclusiveGateway', NULL, '2026-04-19 22:41:50.836', '2026-04-19 22:41:50.901', 2, 65, NULL, '');
INSERT INTO `act_hi_actinst` VALUES ('e6bb86d3-3bfd-11f1-bbbc-52284ac9a333', 1, 'process_fyjyprgp:1:03c3c80d-3bf3-11f1-8094-52284ac9a333', '0de7743e-3bf3-11f1-8094-52284ac9a333', '0de79b53-3bf3-11f1-8094-52284ac9a333', 'Flow_1ihuixz', NULL, NULL, NULL, 'sequenceFlow', NULL, '2026-04-19 22:41:50.901', '2026-04-19 22:41:50.901', 3, 0, NULL, '');
INSERT INTO `act_hi_actinst` VALUES ('e6bbd4f4-3bfd-11f1-bbbc-52284ac9a333', 3, 'process_fyjyprgp:1:03c3c80d-3bf3-11f1-8094-52284ac9a333', '0de7743e-3bf3-11f1-8094-52284ac9a333', '0de79b53-3bf3-11f1-8094-52284ac9a333', 'Activity_19j66xd', 'e6bbfc05-3bfd-11f1-bbbc-52284ac9a333', NULL, '二级审批', 'userTask', '1', '2026-04-19 22:41:50.903', '2026-04-19 22:42:19.492', 4, 28589, NULL, '');
INSERT INTO `act_hi_actinst` VALUES ('f7c651db-3bfd-11f1-bbbc-52284ac9a333', 1, 'process_fyjyprgp:1:03c3c80d-3bf3-11f1-8094-52284ac9a333', '0de7743e-3bf3-11f1-8094-52284ac9a333', '0de79b53-3bf3-11f1-8094-52284ac9a333', 'Flow_13nqowp', NULL, NULL, NULL, 'sequenceFlow', NULL, '2026-04-19 22:42:19.494', '2026-04-19 22:42:19.494', 1, 0, NULL, '');
INSERT INTO `act_hi_actinst` VALUES ('f7c678ec-3bfd-11f1-bbbc-52284ac9a333', 1, 'process_fyjyprgp:1:03c3c80d-3bf3-11f1-8094-52284ac9a333', '0de7743e-3bf3-11f1-8094-52284ac9a333', '0de79b53-3bf3-11f1-8094-52284ac9a333', 'Gateway_0doo7tw', NULL, NULL, NULL, 'exclusiveGateway', NULL, '2026-04-19 22:42:19.495', '2026-04-19 22:42:19.495', 2, 0, NULL, '');
INSERT INTO `act_hi_actinst` VALUES ('f7c69ffd-3bfd-11f1-bbbc-52284ac9a333', 1, 'process_fyjyprgp:1:03c3c80d-3bf3-11f1-8094-52284ac9a333', '0de7743e-3bf3-11f1-8094-52284ac9a333', '0de79b53-3bf3-11f1-8094-52284ac9a333', 'Flow_0t8yylh', NULL, NULL, NULL, 'sequenceFlow', NULL, '2026-04-19 22:42:19.495', '2026-04-19 22:42:19.495', 3, 0, NULL, '');
INSERT INTO `act_hi_actinst` VALUES ('f7c6c70e-3bfd-11f1-bbbc-52284ac9a333', 2, 'process_fyjyprgp:1:03c3c80d-3bf3-11f1-8094-52284ac9a333', '0de7743e-3bf3-11f1-8094-52284ac9a333', '0de79b53-3bf3-11f1-8094-52284ac9a333', 'Activity_0rc8cli', 'f7c6ee1f-3bfd-11f1-bbbc-52284ac9a333', NULL, '返回填写', 'userTask', NULL, '2026-04-19 22:42:19.496', '2026-04-19 22:42:19.545', 4, 49, 'Rejected by user', '');
INSERT INTO `act_hi_actinst` VALUES ('f83669a0-3cc7-11f1-833f-52284ac9a333', 1, 'process_fyjyprgp:2:61f2458b-3c00-11f1-94b8-52284ac9a333', '27def511-3cbb-11f1-a4a9-52284ac9a333', '27df1c26-3cbb-11f1-a4a9-52284ac9a333', 'Flow_13nqowp', NULL, NULL, NULL, 'sequenceFlow', NULL, '2026-04-20 22:48:18.567', '2026-04-20 22:48:18.567', 1, 0, NULL, '');
INSERT INTO `act_hi_actinst` VALUES ('f836b7c1-3cc7-11f1-833f-52284ac9a333', 1, 'process_fyjyprgp:2:61f2458b-3c00-11f1-94b8-52284ac9a333', '27def511-3cbb-11f1-a4a9-52284ac9a333', '27df1c26-3cbb-11f1-a4a9-52284ac9a333', 'Gateway_0doo7tw', NULL, NULL, NULL, 'exclusiveGateway', NULL, '2026-04-20 22:48:18.569', '2026-04-20 22:48:18.673', 2, 104, NULL, '');
INSERT INTO `act_hi_actinst` VALUES ('f8469642-3cc7-11f1-833f-52284ac9a333', 1, 'process_fyjyprgp:2:61f2458b-3c00-11f1-94b8-52284ac9a333', '27def511-3cbb-11f1-a4a9-52284ac9a333', '27df1c26-3cbb-11f1-a4a9-52284ac9a333', 'Flow_0f0mviv', NULL, NULL, NULL, 'sequenceFlow', NULL, '2026-04-20 22:48:18.673', '2026-04-20 22:48:18.673', 3, 0, NULL, '');
INSERT INTO `act_hi_actinst` VALUES ('f846e463-3cc7-11f1-833f-52284ac9a333', 1, 'process_fyjyprgp:2:61f2458b-3c00-11f1-94b8-52284ac9a333', '27def511-3cbb-11f1-a4a9-52284ac9a333', '27df1c26-3cbb-11f1-a4a9-52284ac9a333', 'Event_1yieqph', NULL, NULL, NULL, 'endEvent', NULL, '2026-04-20 22:48:18.675', '2026-04-20 22:48:18.678', 4, 3, NULL, '');

-- ----------------------------
-- Table structure for act_hi_attachment
-- ----------------------------
DROP TABLE IF EXISTS `act_hi_attachment`;
CREATE TABLE `act_hi_attachment`  (
  `ID_` varchar(64) CHARACTER SET utf8mb3 COLLATE utf8mb3_bin NOT NULL,
  `REV_` int NULL DEFAULT NULL,
  `USER_ID_` varchar(255) CHARACTER SET utf8mb3 COLLATE utf8mb3_bin NULL DEFAULT NULL,
  `NAME_` varchar(255) CHARACTER SET utf8mb3 COLLATE utf8mb3_bin NULL DEFAULT NULL,
  `DESCRIPTION_` varchar(4000) CHARACTER SET utf8mb3 COLLATE utf8mb3_bin NULL DEFAULT NULL,
  `TYPE_` varchar(255) CHARACTER SET utf8mb3 COLLATE utf8mb3_bin NULL DEFAULT NULL,
  `TASK_ID_` varchar(64) CHARACTER SET utf8mb3 COLLATE utf8mb3_bin NULL DEFAULT NULL,
  `PROC_INST_ID_` varchar(64) CHARACTER SET utf8mb3 COLLATE utf8mb3_bin NULL DEFAULT NULL,
  `URL_` varchar(4000) CHARACTER SET utf8mb3 COLLATE utf8mb3_bin NULL DEFAULT NULL,
  `CONTENT_ID_` varchar(64) CHARACTER SET utf8mb3 COLLATE utf8mb3_bin NULL DEFAULT NULL,
  `TIME_` datetime(3) NULL DEFAULT NULL,
  PRIMARY KEY (`ID_`) USING BTREE
) ENGINE = InnoDB CHARACTER SET = utf8mb3 COLLATE = utf8mb3_bin ROW_FORMAT = Dynamic;

-- ----------------------------
-- Records of act_hi_attachment
-- ----------------------------

-- ----------------------------
-- Table structure for act_hi_comment
-- ----------------------------
DROP TABLE IF EXISTS `act_hi_comment`;
CREATE TABLE `act_hi_comment`  (
  `ID_` varchar(64) CHARACTER SET utf8mb3 COLLATE utf8mb3_bin NOT NULL,
  `TYPE_` varchar(255) CHARACTER SET utf8mb3 COLLATE utf8mb3_bin NULL DEFAULT NULL,
  `TIME_` datetime(3) NOT NULL,
  `USER_ID_` varchar(255) CHARACTER SET utf8mb3 COLLATE utf8mb3_bin NULL DEFAULT NULL,
  `TASK_ID_` varchar(64) CHARACTER SET utf8mb3 COLLATE utf8mb3_bin NULL DEFAULT NULL,
  `PROC_INST_ID_` varchar(64) CHARACTER SET utf8mb3 COLLATE utf8mb3_bin NULL DEFAULT NULL,
  `ACTION_` varchar(255) CHARACTER SET utf8mb3 COLLATE utf8mb3_bin NULL DEFAULT NULL,
  `MESSAGE_` varchar(4000) CHARACTER SET utf8mb3 COLLATE utf8mb3_bin NULL DEFAULT NULL,
  `FULL_MSG_` longblob NULL,
  PRIMARY KEY (`ID_`) USING BTREE
) ENGINE = InnoDB CHARACTER SET = utf8mb3 COLLATE = utf8mb3_bin ROW_FORMAT = Dynamic;

-- ----------------------------
-- Records of act_hi_comment
-- ----------------------------
INSERT INTO `act_hi_comment` VALUES ('15f46cd7-3c01-11f1-ac70-52284ac9a333', 'event', '2026-04-19 23:04:38.617', NULL, '076e77f2-3c01-11f1-ac70-52284ac9a333', NULL, 'AddUserLink', '1_|_assignee', NULL);
INSERT INTO `act_hi_comment` VALUES ('7fd26f52-3c00-11f1-94b8-52284ac9a333', 'event', '2026-04-19 23:00:26.736', NULL, '77883e0d-3c00-11f1-94b8-52284ac9a333', NULL, 'AddUserLink', '2_|_assignee', NULL);
INSERT INTO `act_hi_comment` VALUES ('bf2284ac-3cba-11f1-a4a9-52284ac9a333', 'event', '2026-04-20 21:13:39.349', NULL, 'b357b827-3cba-11f1-a4a9-52284ac9a333', NULL, 'AddUserLink', '1_|_assignee', NULL);
INSERT INTO `act_hi_comment` VALUES ('f7beb0ba-3bfd-11f1-bbbc-52284ac9a333', 'event', '2026-04-19 22:42:19.443', NULL, 'e6bbfc05-3bfd-11f1-bbbc-52284ac9a333', NULL, 'AddUserLink', '1_|_assignee', NULL);
INSERT INTO `act_hi_comment` VALUES ('f8274e6f-3cc7-11f1-833f-52284ac9a333', 'event', '2026-04-20 22:48:18.468', NULL, '564a0b7e-3cbb-11f1-a4a9-52284ac9a333', NULL, 'AddUserLink', '1_|_assignee', NULL);

-- ----------------------------
-- Table structure for act_hi_detail
-- ----------------------------
DROP TABLE IF EXISTS `act_hi_detail`;
CREATE TABLE `act_hi_detail`  (
  `ID_` varchar(64) CHARACTER SET utf8mb3 COLLATE utf8mb3_bin NOT NULL,
  `TYPE_` varchar(255) CHARACTER SET utf8mb3 COLLATE utf8mb3_bin NOT NULL,
  `PROC_INST_ID_` varchar(64) CHARACTER SET utf8mb3 COLLATE utf8mb3_bin NULL DEFAULT NULL,
  `EXECUTION_ID_` varchar(64) CHARACTER SET utf8mb3 COLLATE utf8mb3_bin NULL DEFAULT NULL,
  `TASK_ID_` varchar(64) CHARACTER SET utf8mb3 COLLATE utf8mb3_bin NULL DEFAULT NULL,
  `ACT_INST_ID_` varchar(64) CHARACTER SET utf8mb3 COLLATE utf8mb3_bin NULL DEFAULT NULL,
  `NAME_` varchar(255) CHARACTER SET utf8mb3 COLLATE utf8mb3_bin NOT NULL,
  `VAR_TYPE_` varchar(255) CHARACTER SET utf8mb3 COLLATE utf8mb3_bin NULL DEFAULT NULL,
  `REV_` int NULL DEFAULT NULL,
  `TIME_` datetime(3) NOT NULL,
  `BYTEARRAY_ID_` varchar(64) CHARACTER SET utf8mb3 COLLATE utf8mb3_bin NULL DEFAULT NULL,
  `DOUBLE_` double NULL DEFAULT NULL,
  `LONG_` bigint NULL DEFAULT NULL,
  `TEXT_` varchar(4000) CHARACTER SET utf8mb3 COLLATE utf8mb3_bin NULL DEFAULT NULL,
  `TEXT2_` varchar(4000) CHARACTER SET utf8mb3 COLLATE utf8mb3_bin NULL DEFAULT NULL,
  PRIMARY KEY (`ID_`) USING BTREE,
  INDEX `ACT_IDX_HI_DETAIL_PROC_INST`(`PROC_INST_ID_` ASC) USING BTREE,
  INDEX `ACT_IDX_HI_DETAIL_ACT_INST`(`ACT_INST_ID_` ASC) USING BTREE,
  INDEX `ACT_IDX_HI_DETAIL_TIME`(`TIME_` ASC) USING BTREE,
  INDEX `ACT_IDX_HI_DETAIL_NAME`(`NAME_` ASC) USING BTREE,
  INDEX `ACT_IDX_HI_DETAIL_TASK_ID`(`TASK_ID_` ASC) USING BTREE
) ENGINE = InnoDB CHARACTER SET = utf8mb3 COLLATE = utf8mb3_bin ROW_FORMAT = Dynamic;

-- ----------------------------
-- Records of act_hi_detail
-- ----------------------------

-- ----------------------------
-- Table structure for act_hi_entitylink
-- ----------------------------
DROP TABLE IF EXISTS `act_hi_entitylink`;
CREATE TABLE `act_hi_entitylink`  (
  `ID_` varchar(64) CHARACTER SET utf8mb3 COLLATE utf8mb3_bin NOT NULL,
  `LINK_TYPE_` varchar(255) CHARACTER SET utf8mb3 COLLATE utf8mb3_bin NULL DEFAULT NULL,
  `CREATE_TIME_` datetime(3) NULL DEFAULT NULL,
  `SCOPE_ID_` varchar(255) CHARACTER SET utf8mb3 COLLATE utf8mb3_bin NULL DEFAULT NULL,
  `SUB_SCOPE_ID_` varchar(255) CHARACTER SET utf8mb3 COLLATE utf8mb3_bin NULL DEFAULT NULL,
  `SCOPE_TYPE_` varchar(255) CHARACTER SET utf8mb3 COLLATE utf8mb3_bin NULL DEFAULT NULL,
  `SCOPE_DEFINITION_ID_` varchar(255) CHARACTER SET utf8mb3 COLLATE utf8mb3_bin NULL DEFAULT NULL,
  `PARENT_ELEMENT_ID_` varchar(255) CHARACTER SET utf8mb3 COLLATE utf8mb3_bin NULL DEFAULT NULL,
  `REF_SCOPE_ID_` varchar(255) CHARACTER SET utf8mb3 COLLATE utf8mb3_bin NULL DEFAULT NULL,
  `REF_SCOPE_TYPE_` varchar(255) CHARACTER SET utf8mb3 COLLATE utf8mb3_bin NULL DEFAULT NULL,
  `REF_SCOPE_DEFINITION_ID_` varchar(255) CHARACTER SET utf8mb3 COLLATE utf8mb3_bin NULL DEFAULT NULL,
  `ROOT_SCOPE_ID_` varchar(255) CHARACTER SET utf8mb3 COLLATE utf8mb3_bin NULL DEFAULT NULL,
  `ROOT_SCOPE_TYPE_` varchar(255) CHARACTER SET utf8mb3 COLLATE utf8mb3_bin NULL DEFAULT NULL,
  `HIERARCHY_TYPE_` varchar(255) CHARACTER SET utf8mb3 COLLATE utf8mb3_bin NULL DEFAULT NULL,
  PRIMARY KEY (`ID_`) USING BTREE,
  INDEX `ACT_IDX_HI_ENT_LNK_SCOPE`(`SCOPE_ID_` ASC, `SCOPE_TYPE_` ASC, `LINK_TYPE_` ASC) USING BTREE,
  INDEX `ACT_IDX_HI_ENT_LNK_REF_SCOPE`(`REF_SCOPE_ID_` ASC, `REF_SCOPE_TYPE_` ASC, `LINK_TYPE_` ASC) USING BTREE,
  INDEX `ACT_IDX_HI_ENT_LNK_ROOT_SCOPE`(`ROOT_SCOPE_ID_` ASC, `ROOT_SCOPE_TYPE_` ASC, `LINK_TYPE_` ASC) USING BTREE,
  INDEX `ACT_IDX_HI_ENT_LNK_SCOPE_DEF`(`SCOPE_DEFINITION_ID_` ASC, `SCOPE_TYPE_` ASC, `LINK_TYPE_` ASC) USING BTREE
) ENGINE = InnoDB CHARACTER SET = utf8mb3 COLLATE = utf8mb3_bin ROW_FORMAT = Dynamic;

-- ----------------------------
-- Records of act_hi_entitylink
-- ----------------------------

-- ----------------------------
-- Table structure for act_hi_identitylink
-- ----------------------------
DROP TABLE IF EXISTS `act_hi_identitylink`;
CREATE TABLE `act_hi_identitylink`  (
  `ID_` varchar(64) CHARACTER SET utf8mb3 COLLATE utf8mb3_bin NOT NULL,
  `GROUP_ID_` varchar(255) CHARACTER SET utf8mb3 COLLATE utf8mb3_bin NULL DEFAULT NULL,
  `TYPE_` varchar(255) CHARACTER SET utf8mb3 COLLATE utf8mb3_bin NULL DEFAULT NULL,
  `USER_ID_` varchar(255) CHARACTER SET utf8mb3 COLLATE utf8mb3_bin NULL DEFAULT NULL,
  `TASK_ID_` varchar(64) CHARACTER SET utf8mb3 COLLATE utf8mb3_bin NULL DEFAULT NULL,
  `CREATE_TIME_` datetime(3) NULL DEFAULT NULL,
  `PROC_INST_ID_` varchar(64) CHARACTER SET utf8mb3 COLLATE utf8mb3_bin NULL DEFAULT NULL,
  `SCOPE_ID_` varchar(255) CHARACTER SET utf8mb3 COLLATE utf8mb3_bin NULL DEFAULT NULL,
  `SUB_SCOPE_ID_` varchar(255) CHARACTER SET utf8mb3 COLLATE utf8mb3_bin NULL DEFAULT NULL,
  `SCOPE_TYPE_` varchar(255) CHARACTER SET utf8mb3 COLLATE utf8mb3_bin NULL DEFAULT NULL,
  `SCOPE_DEFINITION_ID_` varchar(255) CHARACTER SET utf8mb3 COLLATE utf8mb3_bin NULL DEFAULT NULL,
  PRIMARY KEY (`ID_`) USING BTREE,
  INDEX `ACT_IDX_HI_IDENT_LNK_USER`(`USER_ID_` ASC) USING BTREE,
  INDEX `ACT_IDX_HI_IDENT_LNK_SCOPE`(`SCOPE_ID_` ASC, `SCOPE_TYPE_` ASC) USING BTREE,
  INDEX `ACT_IDX_HI_IDENT_LNK_SUB_SCOPE`(`SUB_SCOPE_ID_` ASC, `SCOPE_TYPE_` ASC) USING BTREE,
  INDEX `ACT_IDX_HI_IDENT_LNK_SCOPE_DEF`(`SCOPE_DEFINITION_ID_` ASC, `SCOPE_TYPE_` ASC) USING BTREE,
  INDEX `ACT_IDX_HI_IDENT_LNK_TASK`(`TASK_ID_` ASC) USING BTREE,
  INDEX `ACT_IDX_HI_IDENT_LNK_PROCINST`(`PROC_INST_ID_` ASC) USING BTREE
) ENGINE = InnoDB CHARACTER SET = utf8mb3 COLLATE = utf8mb3_bin ROW_FORMAT = Dynamic;

-- ----------------------------
-- Records of act_hi_identitylink
-- ----------------------------
INSERT INTO `act_hi_identitylink` VALUES ('00b4357b-3c01-11f1-ac70-52284ac9a333', NULL, 'assignee', '2', '00b40e6a-3c01-11f1-ac70-52284ac9a333', '2026-04-19 23:04:02.964', NULL, NULL, NULL, NULL, NULL);
INSERT INTO `act_hi_identitylink` VALUES ('00b45c8c-3c01-11f1-ac70-52284ac9a333', NULL, 'participant', '2', NULL, '2026-04-19 23:04:02.965', '00ae4201-3c01-11f1-ac70-52284ac9a333', NULL, NULL, NULL, NULL);
INSERT INTO `act_hi_identitylink` VALUES ('076e77f3-3c01-11f1-ac70-52284ac9a333', NULL, 'candidate', '1', '076e77f2-3c01-11f1-ac70-52284ac9a333', '2026-04-19 23:04:14.251', NULL, NULL, NULL, NULL, NULL);
INSERT INTO `act_hi_identitylink` VALUES ('076eed24-3c01-11f1-ac70-52284ac9a333', NULL, 'participant', '1', NULL, '2026-04-19 23:04:14.254', '00ae4201-3c01-11f1-ac70-52284ac9a333', NULL, NULL, NULL, NULL);
INSERT INTO `act_hi_identitylink` VALUES ('076eed25-3c01-11f1-ac70-52284ac9a333', NULL, 'candidate', '2', '076e77f2-3c01-11f1-ac70-52284ac9a333', '2026-04-19 23:04:14.254', NULL, NULL, NULL, NULL, NULL);
INSERT INTO `act_hi_identitylink` VALUES ('0deb6be8-3bf3-11f1-8094-52284ac9a333', NULL, 'assignee', '2', '0deb44d7-3bf3-11f1-8094-52284ac9a333', '2026-04-19 21:24:12.182', NULL, NULL, NULL, NULL, NULL);
INSERT INTO `act_hi_identitylink` VALUES ('0deb92f9-3bf3-11f1-8094-52284ac9a333', NULL, 'participant', '2', NULL, '2026-04-19 21:24:12.183', '0de7743e-3bf3-11f1-8094-52284ac9a333', NULL, NULL, NULL, NULL);
INSERT INTO `act_hi_identitylink` VALUES ('0debba0a-3bf3-11f1-8094-52284ac9a333', 'ADMIN', 'candidate', NULL, '0deb44d7-3bf3-11f1-8094-52284ac9a333', '2026-04-19 21:24:12.184', NULL, NULL, NULL, NULL, NULL);
INSERT INTO `act_hi_identitylink` VALUES ('15f3f7a6-3c01-11f1-ac70-52284ac9a333', NULL, 'assignee', '1', '076e77f2-3c01-11f1-ac70-52284ac9a333', '2026-04-19 23:04:38.614', NULL, NULL, NULL, NULL, NULL);
INSERT INTO `act_hi_identitylink` VALUES ('27df6a4b-3cbb-11f1-a4a9-52284ac9a333', NULL, 'assignee', '2', '27df433a-3cbb-11f1-a4a9-52284ac9a333', '2026-04-20 21:16:35.070', NULL, NULL, NULL, NULL, NULL);
INSERT INTO `act_hi_identitylink` VALUES ('27df6a4c-3cbb-11f1-a4a9-52284ac9a333', NULL, 'participant', '2', NULL, '2026-04-20 21:16:35.070', '27def511-3cbb-11f1-a4a9-52284ac9a333', NULL, NULL, NULL, NULL);
INSERT INTO `act_hi_identitylink` VALUES ('4d6e4897-3cbb-11f1-a4a9-52284ac9a333', NULL, 'assignee', '1', '4d6e4896-3cbb-11f1-a4a9-52284ac9a333', '2026-04-20 21:17:38.082', NULL, NULL, NULL, NULL, NULL);
INSERT INTO `act_hi_identitylink` VALUES ('4d6e4898-3cbb-11f1-a4a9-52284ac9a333', NULL, 'participant', '1', NULL, '2026-04-20 21:17:38.082', '4d6e217d-3cbb-11f1-a4a9-52284ac9a333', NULL, NULL, NULL, NULL);
INSERT INTO `act_hi_identitylink` VALUES ('564a0b7f-3cbb-11f1-a4a9-52284ac9a333', NULL, 'candidate', '1', '564a0b7e-3cbb-11f1-a4a9-52284ac9a333', '2026-04-20 21:17:52.944', NULL, NULL, NULL, NULL, NULL);
INSERT INTO `act_hi_identitylink` VALUES ('564a3290-3cbb-11f1-a4a9-52284ac9a333', NULL, 'participant', '1', NULL, '2026-04-20 21:17:52.945', '27def511-3cbb-11f1-a4a9-52284ac9a333', NULL, NULL, NULL, NULL);
INSERT INTO `act_hi_identitylink` VALUES ('564a3291-3cbb-11f1-a4a9-52284ac9a333', NULL, 'candidate', '2', '564a0b7e-3cbb-11f1-a4a9-52284ac9a333', '2026-04-20 21:17:52.945', NULL, NULL, NULL, NULL, NULL);
INSERT INTO `act_hi_identitylink` VALUES ('65cefca1-3cbf-11f1-900c-52284ac9a333', NULL, 'assignee', '2', '65ce8770-3cbf-11f1-900c-52284ac9a333', '2026-04-20 21:46:56.968', NULL, NULL, NULL, NULL, NULL);
INSERT INTO `act_hi_identitylink` VALUES ('65cf23b2-3cbf-11f1-900c-52284ac9a333', NULL, 'participant', '2', NULL, '2026-04-20 21:46:56.970', '65c22b57-3cbf-11f1-900c-52284ac9a333', NULL, NULL, NULL, NULL);
INSERT INTO `act_hi_identitylink` VALUES ('6cf09a56-3c00-11f1-94b8-52284ac9a333', NULL, 'assignee', '2', '6cf09a55-3c00-11f1-94b8-52284ac9a333', '2026-04-19 22:59:55.057', NULL, NULL, NULL, NULL, NULL);
INSERT INTO `act_hi_identitylink` VALUES ('6cf0c167-3c00-11f1-94b8-52284ac9a333', NULL, 'participant', '2', NULL, '2026-04-19 22:59:55.058', '6cecf0cc-3c00-11f1-94b8-52284ac9a333', NULL, NULL, NULL, NULL);
INSERT INTO `act_hi_identitylink` VALUES ('7788651e-3c00-11f1-94b8-52284ac9a333', NULL, 'candidate', '1', '77883e0d-3c00-11f1-94b8-52284ac9a333', '2026-04-19 23:00:12.829', NULL, NULL, NULL, NULL, NULL);
INSERT INTO `act_hi_identitylink` VALUES ('7789015f-3c00-11f1-94b8-52284ac9a333', NULL, 'participant', '1', NULL, '2026-04-19 23:00:12.833', '6cecf0cc-3c00-11f1-94b8-52284ac9a333', NULL, NULL, NULL, NULL);
INSERT INTO `act_hi_identitylink` VALUES ('77890160-3c00-11f1-94b8-52284ac9a333', NULL, 'candidate', '2', '77883e0d-3c00-11f1-94b8-52284ac9a333', '2026-04-19 23:00:12.833', NULL, NULL, NULL, NULL, NULL);
INSERT INTO `act_hi_identitylink` VALUES ('7fd1d311-3c00-11f1-94b8-52284ac9a333', NULL, 'assignee', '2', '77883e0d-3c00-11f1-94b8-52284ac9a333', '2026-04-19 23:00:26.732', NULL, NULL, NULL, NULL, NULL);
INSERT INTO `act_hi_identitylink` VALUES ('908f92e2-3c04-11f1-82d8-52284ac9a333', NULL, 'assignee', '1', '908f92e1-3c04-11f1-82d8-52284ac9a333', '2026-04-19 23:29:32.806', NULL, NULL, NULL, NULL, NULL);
INSERT INTO `act_hi_identitylink` VALUES ('908fb9f3-3c04-11f1-82d8-52284ac9a333', NULL, 'participant', '1', NULL, '2026-04-19 23:29:32.807', '908ad7e8-3c04-11f1-82d8-52284ac9a333', NULL, NULL, NULL, NULL);
INSERT INTO `act_hi_identitylink` VALUES ('92afb185-3cb9-11f1-bfd6-52284ac9a333', NULL, 'assignee', '2', '92af6364-3cb9-11f1-bfd6-52284ac9a333', '2026-04-20 21:05:15.280', NULL, NULL, NULL, NULL, NULL);
INSERT INTO `act_hi_identitylink` VALUES ('92afd896-3cb9-11f1-bfd6-52284ac9a333', NULL, 'participant', '2', NULL, '2026-04-20 21:05:15.282', '92a5ed7b-3cb9-11f1-bfd6-52284ac9a333', NULL, NULL, NULL, NULL);
INSERT INTO `act_hi_identitylink` VALUES ('9aa8dedc-3c04-11f1-82d8-52284ac9a333', NULL, 'assignee', '1', '9aa8dedb-3c04-11f1-82d8-52284ac9a333', '2026-04-19 23:29:49.749', NULL, NULL, NULL, NULL, NULL);
INSERT INTO `act_hi_identitylink` VALUES ('9aa9540f-3c04-11f1-82d8-52284ac9a333', NULL, 'assignee', '2', '9aa92cfe-3c04-11f1-82d8-52284ac9a333', '2026-04-19 23:29:49.752', NULL, NULL, NULL, NULL, NULL);
INSERT INTO `act_hi_identitylink` VALUES ('9aa95410-3c04-11f1-82d8-52284ac9a333', NULL, 'participant', '2', NULL, '2026-04-19 23:29:49.752', '908ad7e8-3c04-11f1-82d8-52284ac9a333', NULL, NULL, NULL, NULL);
INSERT INTO `act_hi_identitylink` VALUES ('b3580648-3cba-11f1-a4a9-52284ac9a333', NULL, 'candidate', '1', 'b357b827-3cba-11f1-a4a9-52284ac9a333', '2026-04-20 21:13:19.569', NULL, NULL, NULL, NULL, NULL);
INSERT INTO `act_hi_identitylink` VALUES ('b358f0a9-3cba-11f1-a4a9-52284ac9a333', NULL, 'participant', '1', NULL, '2026-04-20 21:13:19.573', '92a5ed7b-3cb9-11f1-bfd6-52284ac9a333', NULL, NULL, NULL, NULL);
INSERT INTO `act_hi_identitylink` VALUES ('b358f0aa-3cba-11f1-a4a9-52284ac9a333', NULL, 'candidate', '2', 'b357b827-3cba-11f1-a4a9-52284ac9a333', '2026-04-20 21:13:19.573', NULL, NULL, NULL, NULL, NULL);
INSERT INTO `act_hi_identitylink` VALUES ('bf21c15b-3cba-11f1-a4a9-52284ac9a333', NULL, 'assignee', '1', 'b357b827-3cba-11f1-a4a9-52284ac9a333', '2026-04-20 21:13:39.344', NULL, NULL, NULL, NULL, NULL);
INSERT INTO `act_hi_identitylink` VALUES ('e6bc4a26-3bfd-11f1-bbbc-52284ac9a333', NULL, 'candidate', '1', 'e6bbfc05-3bfd-11f1-bbbc-52284ac9a333', '2026-04-19 22:41:50.908', NULL, NULL, NULL, NULL, NULL);
INSERT INTO `act_hi_identitylink` VALUES ('e6bce667-3bfd-11f1-bbbc-52284ac9a333', NULL, 'participant', '1', NULL, '2026-04-19 22:41:50.910', '0de7743e-3bf3-11f1-8094-52284ac9a333', NULL, NULL, NULL, NULL);
INSERT INTO `act_hi_identitylink` VALUES ('e6bd3488-3bfd-11f1-bbbc-52284ac9a333', NULL, 'candidate', '2', 'e6bbfc05-3bfd-11f1-bbbc-52284ac9a333', '2026-04-19 22:41:50.912', NULL, NULL, NULL, NULL, NULL);
INSERT INTO `act_hi_identitylink` VALUES ('f7be6299-3bfd-11f1-bbbc-52284ac9a333', NULL, 'assignee', '1', 'e6bbfc05-3bfd-11f1-bbbc-52284ac9a333', '2026-04-19 22:42:19.441', NULL, NULL, NULL, NULL, NULL);
INSERT INTO `act_hi_identitylink` VALUES ('f825c7ce-3cc7-11f1-833f-52284ac9a333', NULL, 'assignee', '1', '564a0b7e-3cbb-11f1-a4a9-52284ac9a333', '2026-04-20 22:48:18.458', NULL, NULL, NULL, NULL, NULL);

-- ----------------------------
-- Table structure for act_hi_procinst
-- ----------------------------
DROP TABLE IF EXISTS `act_hi_procinst`;
CREATE TABLE `act_hi_procinst`  (
  `ID_` varchar(64) CHARACTER SET utf8mb3 COLLATE utf8mb3_bin NOT NULL,
  `REV_` int NULL DEFAULT 1,
  `PROC_INST_ID_` varchar(64) CHARACTER SET utf8mb3 COLLATE utf8mb3_bin NOT NULL,
  `BUSINESS_KEY_` varchar(255) CHARACTER SET utf8mb3 COLLATE utf8mb3_bin NULL DEFAULT NULL,
  `PROC_DEF_ID_` varchar(64) CHARACTER SET utf8mb3 COLLATE utf8mb3_bin NOT NULL,
  `START_TIME_` datetime(3) NOT NULL,
  `END_TIME_` datetime(3) NULL DEFAULT NULL,
  `DURATION_` bigint NULL DEFAULT NULL,
  `START_USER_ID_` varchar(255) CHARACTER SET utf8mb3 COLLATE utf8mb3_bin NULL DEFAULT NULL,
  `START_ACT_ID_` varchar(255) CHARACTER SET utf8mb3 COLLATE utf8mb3_bin NULL DEFAULT NULL,
  `END_ACT_ID_` varchar(255) CHARACTER SET utf8mb3 COLLATE utf8mb3_bin NULL DEFAULT NULL,
  `SUPER_PROCESS_INSTANCE_ID_` varchar(64) CHARACTER SET utf8mb3 COLLATE utf8mb3_bin NULL DEFAULT NULL,
  `DELETE_REASON_` varchar(4000) CHARACTER SET utf8mb3 COLLATE utf8mb3_bin NULL DEFAULT NULL,
  `TENANT_ID_` varchar(255) CHARACTER SET utf8mb3 COLLATE utf8mb3_bin NULL DEFAULT '',
  `NAME_` varchar(255) CHARACTER SET utf8mb3 COLLATE utf8mb3_bin NULL DEFAULT NULL,
  `CALLBACK_ID_` varchar(255) CHARACTER SET utf8mb3 COLLATE utf8mb3_bin NULL DEFAULT NULL,
  `CALLBACK_TYPE_` varchar(255) CHARACTER SET utf8mb3 COLLATE utf8mb3_bin NULL DEFAULT NULL,
  `REFERENCE_ID_` varchar(255) CHARACTER SET utf8mb3 COLLATE utf8mb3_bin NULL DEFAULT NULL,
  `REFERENCE_TYPE_` varchar(255) CHARACTER SET utf8mb3 COLLATE utf8mb3_bin NULL DEFAULT NULL,
  `PROPAGATED_STAGE_INST_ID_` varchar(255) CHARACTER SET utf8mb3 COLLATE utf8mb3_bin NULL DEFAULT NULL,
  `BUSINESS_STATUS_` varchar(255) CHARACTER SET utf8mb3 COLLATE utf8mb3_bin NULL DEFAULT NULL,
  PRIMARY KEY (`ID_`) USING BTREE,
  UNIQUE INDEX `PROC_INST_ID_`(`PROC_INST_ID_` ASC) USING BTREE,
  INDEX `ACT_IDX_HI_PRO_INST_END`(`END_TIME_` ASC) USING BTREE,
  INDEX `ACT_IDX_HI_PRO_I_BUSKEY`(`BUSINESS_KEY_` ASC) USING BTREE,
  INDEX `ACT_IDX_HI_PRO_SUPER_PROCINST`(`SUPER_PROCESS_INSTANCE_ID_` ASC) USING BTREE
) ENGINE = InnoDB CHARACTER SET = utf8mb3 COLLATE = utf8mb3_bin ROW_FORMAT = Dynamic;

-- ----------------------------
-- Records of act_hi_procinst
-- ----------------------------
INSERT INTO `act_hi_procinst` VALUES ('00ae4201-3c01-11f1-ac70-52284ac9a333', 2, '00ae4201-3c01-11f1-ac70-52284ac9a333', 'f567210e90e84705b94ba7796871d251', 'process_fyjyprgp:2:61f2458b-3c00-11f1-94b8-52284ac9a333', '2026-04-19 23:04:02.925', '2026-04-19 23:04:38.695', 35770, NULL, 'startNode1', NULL, NULL, 'Rejected by user', '', NULL, NULL, NULL, NULL, NULL, NULL, NULL);
INSERT INTO `act_hi_procinst` VALUES ('0de7743e-3bf3-11f1-8094-52284ac9a333', 2, '0de7743e-3bf3-11f1-8094-52284ac9a333', '94994da66640433590682456ee7d98fa', 'process_fyjyprgp:1:03c3c80d-3bf3-11f1-8094-52284ac9a333', '2026-04-19 21:24:12.156', '2026-04-19 22:42:19.572', 4687416, NULL, 'startNode1', NULL, NULL, 'Rejected by user', '', NULL, NULL, NULL, NULL, NULL, NULL, NULL);
INSERT INTO `act_hi_procinst` VALUES ('27def511-3cbb-11f1-a4a9-52284ac9a333', 2, '27def511-3cbb-11f1-a4a9-52284ac9a333', 'acaf0314d90b4d19a78c5a7f925e31ce', 'process_fyjyprgp:2:61f2458b-3c00-11f1-94b8-52284ac9a333', '2026-04-20 21:16:35.067', '2026-04-20 22:48:18.715', 5503648, NULL, 'startNode1', 'Event_1yieqph', NULL, NULL, '', NULL, NULL, NULL, NULL, NULL, NULL, NULL);
INSERT INTO `act_hi_procinst` VALUES ('4d6e217d-3cbb-11f1-a4a9-52284ac9a333', 1, '4d6e217d-3cbb-11f1-a4a9-52284ac9a333', 'bfab9102a4124edbab37ca25ea40cdaa', 'process_9iy341pn:1:898e5c57-3c04-11f1-82d8-52284ac9a333', '2026-04-20 21:17:38.081', NULL, NULL, NULL, 'startNode1', NULL, NULL, NULL, '', NULL, NULL, NULL, NULL, NULL, NULL, NULL);
INSERT INTO `act_hi_procinst` VALUES ('65c22b57-3cbf-11f1-900c-52284ac9a333', 1, '65c22b57-3cbf-11f1-900c-52284ac9a333', '45dde0c5c05843c18f3b71a6b547eab3', 'process_fyjyprgp:2:61f2458b-3c00-11f1-94b8-52284ac9a333', '2026-04-20 21:46:56.884', NULL, NULL, NULL, 'startNode1', NULL, NULL, NULL, '', NULL, NULL, NULL, NULL, NULL, NULL, NULL);
INSERT INTO `act_hi_procinst` VALUES ('6cecf0cc-3c00-11f1-94b8-52284ac9a333', 2, '6cecf0cc-3c00-11f1-94b8-52284ac9a333', '9c738c185dcc4563bb6908f1a2be09ba', 'process_fyjyprgp:2:61f2458b-3c00-11f1-94b8-52284ac9a333', '2026-04-19 22:59:55.033', '2026-04-19 23:00:26.816', 31783, NULL, 'startNode1', 'Event_1yieqph', NULL, NULL, '', NULL, NULL, NULL, NULL, NULL, NULL, NULL);
INSERT INTO `act_hi_procinst` VALUES ('908ad7e8-3c04-11f1-82d8-52284ac9a333', 2, '908ad7e8-3c04-11f1-82d8-52284ac9a333', 'b7722fbde1e4456cb80ebc3dc069515c', 'process_9iy341pn:1:898e5c57-3c04-11f1-82d8-52284ac9a333', '2026-04-19 23:29:32.775', '2026-04-19 23:30:12.846', 40071, NULL, 'startNode1', NULL, NULL, 'Rejected by user', '', NULL, NULL, NULL, NULL, NULL, NULL, NULL);
INSERT INTO `act_hi_procinst` VALUES ('92a5ed7b-3cb9-11f1-bfd6-52284ac9a333', 2, '92a5ed7b-3cb9-11f1-bfd6-52284ac9a333', '9e87b1a3b78f49e18a6064ac47d2f4e0', 'process_fyjyprgp:2:61f2458b-3c00-11f1-94b8-52284ac9a333', '2026-04-20 21:05:15.216', '2026-04-20 21:13:39.458', 504242, NULL, 'startNode1', 'Event_1yieqph', NULL, NULL, '', NULL, NULL, NULL, NULL, NULL, NULL, NULL);

-- ----------------------------
-- Table structure for act_hi_taskinst
-- ----------------------------
DROP TABLE IF EXISTS `act_hi_taskinst`;
CREATE TABLE `act_hi_taskinst`  (
  `ID_` varchar(64) CHARACTER SET utf8mb3 COLLATE utf8mb3_bin NOT NULL,
  `REV_` int NULL DEFAULT 1,
  `PROC_DEF_ID_` varchar(64) CHARACTER SET utf8mb3 COLLATE utf8mb3_bin NULL DEFAULT NULL,
  `TASK_DEF_ID_` varchar(64) CHARACTER SET utf8mb3 COLLATE utf8mb3_bin NULL DEFAULT NULL,
  `TASK_DEF_KEY_` varchar(255) CHARACTER SET utf8mb3 COLLATE utf8mb3_bin NULL DEFAULT NULL,
  `PROC_INST_ID_` varchar(64) CHARACTER SET utf8mb3 COLLATE utf8mb3_bin NULL DEFAULT NULL,
  `EXECUTION_ID_` varchar(64) CHARACTER SET utf8mb3 COLLATE utf8mb3_bin NULL DEFAULT NULL,
  `SCOPE_ID_` varchar(255) CHARACTER SET utf8mb3 COLLATE utf8mb3_bin NULL DEFAULT NULL,
  `SUB_SCOPE_ID_` varchar(255) CHARACTER SET utf8mb3 COLLATE utf8mb3_bin NULL DEFAULT NULL,
  `SCOPE_TYPE_` varchar(255) CHARACTER SET utf8mb3 COLLATE utf8mb3_bin NULL DEFAULT NULL,
  `SCOPE_DEFINITION_ID_` varchar(255) CHARACTER SET utf8mb3 COLLATE utf8mb3_bin NULL DEFAULT NULL,
  `PROPAGATED_STAGE_INST_ID_` varchar(255) CHARACTER SET utf8mb3 COLLATE utf8mb3_bin NULL DEFAULT NULL,
  `NAME_` varchar(255) CHARACTER SET utf8mb3 COLLATE utf8mb3_bin NULL DEFAULT NULL,
  `PARENT_TASK_ID_` varchar(64) CHARACTER SET utf8mb3 COLLATE utf8mb3_bin NULL DEFAULT NULL,
  `DESCRIPTION_` varchar(4000) CHARACTER SET utf8mb3 COLLATE utf8mb3_bin NULL DEFAULT NULL,
  `OWNER_` varchar(255) CHARACTER SET utf8mb3 COLLATE utf8mb3_bin NULL DEFAULT NULL,
  `ASSIGNEE_` varchar(255) CHARACTER SET utf8mb3 COLLATE utf8mb3_bin NULL DEFAULT NULL,
  `START_TIME_` datetime(3) NOT NULL,
  `CLAIM_TIME_` datetime(3) NULL DEFAULT NULL,
  `END_TIME_` datetime(3) NULL DEFAULT NULL,
  `DURATION_` bigint NULL DEFAULT NULL,
  `DELETE_REASON_` varchar(4000) CHARACTER SET utf8mb3 COLLATE utf8mb3_bin NULL DEFAULT NULL,
  `PRIORITY_` int NULL DEFAULT NULL,
  `DUE_DATE_` datetime(3) NULL DEFAULT NULL,
  `FORM_KEY_` varchar(255) CHARACTER SET utf8mb3 COLLATE utf8mb3_bin NULL DEFAULT NULL,
  `CATEGORY_` varchar(255) CHARACTER SET utf8mb3 COLLATE utf8mb3_bin NULL DEFAULT NULL,
  `TENANT_ID_` varchar(255) CHARACTER SET utf8mb3 COLLATE utf8mb3_bin NULL DEFAULT '',
  `LAST_UPDATED_TIME_` datetime(3) NULL DEFAULT NULL,
  PRIMARY KEY (`ID_`) USING BTREE,
  INDEX `ACT_IDX_HI_TASK_SCOPE`(`SCOPE_ID_` ASC, `SCOPE_TYPE_` ASC) USING BTREE,
  INDEX `ACT_IDX_HI_TASK_SUB_SCOPE`(`SUB_SCOPE_ID_` ASC, `SCOPE_TYPE_` ASC) USING BTREE,
  INDEX `ACT_IDX_HI_TASK_SCOPE_DEF`(`SCOPE_DEFINITION_ID_` ASC, `SCOPE_TYPE_` ASC) USING BTREE,
  INDEX `ACT_IDX_HI_TASK_INST_PROCINST`(`PROC_INST_ID_` ASC) USING BTREE
) ENGINE = InnoDB CHARACTER SET = utf8mb3 COLLATE = utf8mb3_bin ROW_FORMAT = Dynamic;

-- ----------------------------
-- Records of act_hi_taskinst
-- ----------------------------
INSERT INTO `act_hi_taskinst` VALUES ('00b40e6a-3c01-11f1-ac70-52284ac9a333', 2, 'process_fyjyprgp:2:61f2458b-3c00-11f1-94b8-52284ac9a333', NULL, 'Activity_0coshjn', '00ae4201-3c01-11f1-ac70-52284ac9a333', '00aeb736-3c01-11f1-ac70-52284ac9a333', NULL, NULL, NULL, NULL, NULL, '一级审批', NULL, '一级审批', NULL, '2', '2026-04-19 23:04:02.933', NULL, '2026-04-19 23:04:14.217', 11284, NULL, 50, NULL, 'Approve:Level1', NULL, '', '2026-04-19 23:04:14.217');
INSERT INTO `act_hi_taskinst` VALUES ('076e77f2-3c01-11f1-ac70-52284ac9a333', 3, 'process_fyjyprgp:2:61f2458b-3c00-11f1-94b8-52284ac9a333', NULL, 'Activity_19j66xd', '00ae4201-3c01-11f1-ac70-52284ac9a333', '00aeb736-3c01-11f1-ac70-52284ac9a333', NULL, NULL, NULL, NULL, NULL, '二级审批', NULL, NULL, NULL, '1', '2026-04-19 23:04:14.250', '2026-04-19 23:04:38.612', '2026-04-19 23:04:38.641', 24391, NULL, 50, NULL, 'Approve:Level2', NULL, '', '2026-04-19 23:04:38.641');
INSERT INTO `act_hi_taskinst` VALUES ('0deb44d7-3bf3-11f1-8094-52284ac9a333', 2, 'process_fyjyprgp:1:03c3c80d-3bf3-11f1-8094-52284ac9a333', NULL, 'Activity_0coshjn', '0de7743e-3bf3-11f1-8094-52284ac9a333', '0de79b53-3bf3-11f1-8094-52284ac9a333', NULL, NULL, NULL, NULL, NULL, '一级审批', NULL, '一级审批', NULL, '2', '2026-04-19 21:24:12.161', NULL, '2026-04-19 22:41:50.801', 4658640, NULL, 50, NULL, 'Approve:Level1', NULL, '', '2026-04-19 22:41:50.801');
INSERT INTO `act_hi_taskinst` VALUES ('15f8d9ac-3c01-11f1-ac70-52284ac9a333', 2, 'process_fyjyprgp:2:61f2458b-3c00-11f1-94b8-52284ac9a333', NULL, 'Activity_0rc8cli', '00ae4201-3c01-11f1-ac70-52284ac9a333', '00aeb736-3c01-11f1-ac70-52284ac9a333', NULL, NULL, NULL, NULL, NULL, '返回填写', NULL, NULL, NULL, NULL, '2026-04-19 23:04:38.646', NULL, '2026-04-19 23:04:38.678', 32, 'Rejected by user', 50, NULL, NULL, NULL, '', '2026-04-19 23:04:38.678');
INSERT INTO `act_hi_taskinst` VALUES ('27df433a-3cbb-11f1-a4a9-52284ac9a333', 2, 'process_fyjyprgp:2:61f2458b-3c00-11f1-94b8-52284ac9a333', NULL, 'Activity_0coshjn', '27def511-3cbb-11f1-a4a9-52284ac9a333', '27df1c26-3cbb-11f1-a4a9-52284ac9a333', NULL, NULL, NULL, NULL, NULL, '一级审批', NULL, '一级审批', NULL, '2', '2026-04-20 21:16:35.069', NULL, '2026-04-20 21:17:52.935', 77866, NULL, 50, NULL, 'Approve:Level1', NULL, '', '2026-04-20 21:17:52.935');
INSERT INTO `act_hi_taskinst` VALUES ('4d6e4896-3cbb-11f1-a4a9-52284ac9a333', 1, 'process_9iy341pn:1:898e5c57-3c04-11f1-82d8-52284ac9a333', NULL, 'Activity_13c76fj', '4d6e217d-3cbb-11f1-a4a9-52284ac9a333', '4d6e2182-3cbb-11f1-a4a9-52284ac9a333', NULL, NULL, NULL, NULL, NULL, '一级审批', NULL, NULL, NULL, '1', '2026-04-20 21:17:38.082', NULL, NULL, NULL, NULL, 50, NULL, NULL, NULL, '', '2026-04-20 21:17:38.082');
INSERT INTO `act_hi_taskinst` VALUES ('564a0b7e-3cbb-11f1-a4a9-52284ac9a333', 3, 'process_fyjyprgp:2:61f2458b-3c00-11f1-94b8-52284ac9a333', NULL, 'Activity_19j66xd', '27def511-3cbb-11f1-a4a9-52284ac9a333', '27df1c26-3cbb-11f1-a4a9-52284ac9a333', NULL, NULL, NULL, NULL, NULL, '二级审批', NULL, NULL, NULL, '1', '2026-04-20 21:17:52.944', '2026-04-20 22:48:18.443', '2026-04-20 22:48:18.545', 5425601, NULL, 50, NULL, 'Approve:Level2', NULL, '', '2026-04-20 22:48:18.545');
INSERT INTO `act_hi_taskinst` VALUES ('65ce8770-3cbf-11f1-900c-52284ac9a333', 1, 'process_fyjyprgp:2:61f2458b-3c00-11f1-94b8-52284ac9a333', NULL, 'Activity_0coshjn', '65c22b57-3cbf-11f1-900c-52284ac9a333', '65c363dc-3cbf-11f1-900c-52284ac9a333', NULL, NULL, NULL, NULL, NULL, '一级审批', NULL, '一级审批', NULL, '2', '2026-04-20 21:46:56.905', NULL, NULL, NULL, NULL, 50, NULL, 'Approve:Level1', NULL, '', '2026-04-20 21:46:56.966');
INSERT INTO `act_hi_taskinst` VALUES ('6cf09a55-3c00-11f1-94b8-52284ac9a333', 2, 'process_fyjyprgp:2:61f2458b-3c00-11f1-94b8-52284ac9a333', NULL, 'Activity_0coshjn', '6cecf0cc-3c00-11f1-94b8-52284ac9a333', '6ced3ef1-3c00-11f1-94b8-52284ac9a333', NULL, NULL, NULL, NULL, NULL, '一级审批', NULL, '一级审批', NULL, '2', '2026-04-19 22:59:55.039', NULL, '2026-04-19 23:00:12.795', 17756, NULL, 50, NULL, 'Approve:Level1', NULL, '', '2026-04-19 23:00:12.795');
INSERT INTO `act_hi_taskinst` VALUES ('77883e0d-3c00-11f1-94b8-52284ac9a333', 3, 'process_fyjyprgp:2:61f2458b-3c00-11f1-94b8-52284ac9a333', NULL, 'Activity_19j66xd', '6cecf0cc-3c00-11f1-94b8-52284ac9a333', '6ced3ef1-3c00-11f1-94b8-52284ac9a333', NULL, NULL, NULL, NULL, NULL, '二级审批', NULL, NULL, NULL, '2', '2026-04-19 23:00:12.827', '2026-04-19 23:00:26.728', '2026-04-19 23:00:26.771', 13944, NULL, 50, NULL, 'Approve:Level2', NULL, '', '2026-04-19 23:00:26.771');
INSERT INTO `act_hi_taskinst` VALUES ('908f92e1-3c04-11f1-82d8-52284ac9a333', 2, 'process_9iy341pn:1:898e5c57-3c04-11f1-82d8-52284ac9a333', NULL, 'Activity_13c76fj', '908ad7e8-3c04-11f1-82d8-52284ac9a333', '908b4d1d-3c04-11f1-82d8-52284ac9a333', NULL, NULL, NULL, NULL, NULL, '一级审批', NULL, NULL, NULL, '1', '2026-04-19 23:29:32.784', NULL, '2026-04-19 23:29:49.737', 16953, NULL, 50, NULL, NULL, NULL, '', '2026-04-19 23:29:49.737');
INSERT INTO `act_hi_taskinst` VALUES ('92af6364-3cb9-11f1-bfd6-52284ac9a333', 2, 'process_fyjyprgp:2:61f2458b-3c00-11f1-94b8-52284ac9a333', NULL, 'Activity_0coshjn', '92a5ed7b-3cb9-11f1-bfd6-52284ac9a333', '92a6d7e0-3cb9-11f1-bfd6-52284ac9a333', NULL, NULL, NULL, NULL, NULL, '一级审批', NULL, '一级审批', NULL, '2', '2026-04-20 21:05:15.232', NULL, '2026-04-20 21:13:19.423', 484191, NULL, 50, NULL, 'Approve:Level1', NULL, '', '2026-04-20 21:13:19.423');
INSERT INTO `act_hi_taskinst` VALUES ('9aa8dedb-3c04-11f1-82d8-52284ac9a333', 2, 'process_9iy341pn:1:898e5c57-3c04-11f1-82d8-52284ac9a333', NULL, 'Activity_00t8617', '908ad7e8-3c04-11f1-82d8-52284ac9a333', '908b4d1d-3c04-11f1-82d8-52284ac9a333', NULL, NULL, NULL, NULL, NULL, '二级审批-会签1', NULL, NULL, NULL, '1', '2026-04-19 23:29:49.748', NULL, '2026-04-19 23:29:59.609', 9861, NULL, 50, NULL, NULL, NULL, '', '2026-04-19 23:29:59.609');
INSERT INTO `act_hi_taskinst` VALUES ('9aa92cfe-3c04-11f1-82d8-52284ac9a333', 2, 'process_9iy341pn:1:898e5c57-3c04-11f1-82d8-52284ac9a333', NULL, 'Activity_1sijfpb', '908ad7e8-3c04-11f1-82d8-52284ac9a333', '9aa890b7-3c04-11f1-82d8-52284ac9a333', NULL, NULL, NULL, NULL, NULL, '二级审批-会签2', NULL, NULL, NULL, '2', '2026-04-19 23:29:49.751', NULL, '2026-04-19 23:30:12.768', 23017, NULL, 50, NULL, NULL, NULL, '', '2026-04-19 23:30:12.768');
INSERT INTO `act_hi_taskinst` VALUES ('a86234f9-3c04-11f1-82d8-52284ac9a333', 2, 'process_9iy341pn:1:898e5c57-3c04-11f1-82d8-52284ac9a333', NULL, 'Activity_1ceecnp', '908ad7e8-3c04-11f1-82d8-52284ac9a333', '9aa890b7-3c04-11f1-82d8-52284ac9a333', NULL, NULL, NULL, NULL, NULL, NULL, NULL, NULL, NULL, NULL, '2026-04-19 23:30:12.774', NULL, '2026-04-19 23:30:12.819', 45, 'Rejected by user', 50, NULL, NULL, NULL, '', '2026-04-19 23:30:12.819');
INSERT INTO `act_hi_taskinst` VALUES ('b357b827-3cba-11f1-a4a9-52284ac9a333', 3, 'process_fyjyprgp:2:61f2458b-3c00-11f1-94b8-52284ac9a333', NULL, 'Activity_19j66xd', '92a5ed7b-3cb9-11f1-bfd6-52284ac9a333', '92a6d7e0-3cb9-11f1-bfd6-52284ac9a333', NULL, NULL, NULL, NULL, NULL, '二级审批', NULL, NULL, NULL, '1', '2026-04-20 21:13:19.563', '2026-04-20 21:13:39.333', '2026-04-20 21:13:39.406', 19843, NULL, 50, NULL, 'Approve:Level2', NULL, '', '2026-04-20 21:13:39.406');
INSERT INTO `act_hi_taskinst` VALUES ('e6bbfc05-3bfd-11f1-bbbc-52284ac9a333', 3, 'process_fyjyprgp:1:03c3c80d-3bf3-11f1-8094-52284ac9a333', NULL, 'Activity_19j66xd', '0de7743e-3bf3-11f1-8094-52284ac9a333', '0de79b53-3bf3-11f1-8094-52284ac9a333', NULL, NULL, NULL, NULL, NULL, '二级审批', NULL, NULL, NULL, '1', '2026-04-19 22:41:50.903', '2026-04-19 22:42:19.435', '2026-04-19 22:42:19.490', 28587, NULL, 50, NULL, 'Approve:Level2', NULL, '', '2026-04-19 22:42:19.490');
INSERT INTO `act_hi_taskinst` VALUES ('f7c6ee1f-3bfd-11f1-bbbc-52284ac9a333', 2, 'process_fyjyprgp:1:03c3c80d-3bf3-11f1-8094-52284ac9a333', NULL, 'Activity_0rc8cli', '0de7743e-3bf3-11f1-8094-52284ac9a333', '0de79b53-3bf3-11f1-8094-52284ac9a333', NULL, NULL, NULL, NULL, NULL, '返回填写', NULL, NULL, NULL, NULL, '2026-04-19 22:42:19.497', NULL, '2026-04-19 22:42:19.541', 44, 'Rejected by user', 50, NULL, NULL, NULL, '', '2026-04-19 22:42:19.541');

-- ----------------------------
-- Table structure for act_hi_tsk_log
-- ----------------------------
DROP TABLE IF EXISTS `act_hi_tsk_log`;
CREATE TABLE `act_hi_tsk_log`  (
  `ID_` bigint NOT NULL AUTO_INCREMENT,
  `TYPE_` varchar(64) CHARACTER SET utf8mb3 COLLATE utf8mb3_bin NULL DEFAULT NULL,
  `TASK_ID_` varchar(64) CHARACTER SET utf8mb3 COLLATE utf8mb3_bin NOT NULL,
  `TIME_STAMP_` timestamp(3) NOT NULL,
  `USER_ID_` varchar(255) CHARACTER SET utf8mb3 COLLATE utf8mb3_bin NULL DEFAULT NULL,
  `DATA_` varchar(4000) CHARACTER SET utf8mb3 COLLATE utf8mb3_bin NULL DEFAULT NULL,
  `EXECUTION_ID_` varchar(64) CHARACTER SET utf8mb3 COLLATE utf8mb3_bin NULL DEFAULT NULL,
  `PROC_INST_ID_` varchar(64) CHARACTER SET utf8mb3 COLLATE utf8mb3_bin NULL DEFAULT NULL,
  `PROC_DEF_ID_` varchar(64) CHARACTER SET utf8mb3 COLLATE utf8mb3_bin NULL DEFAULT NULL,
  `SCOPE_ID_` varchar(255) CHARACTER SET utf8mb3 COLLATE utf8mb3_bin NULL DEFAULT NULL,
  `SCOPE_DEFINITION_ID_` varchar(255) CHARACTER SET utf8mb3 COLLATE utf8mb3_bin NULL DEFAULT NULL,
  `SUB_SCOPE_ID_` varchar(255) CHARACTER SET utf8mb3 COLLATE utf8mb3_bin NULL DEFAULT NULL,
  `SCOPE_TYPE_` varchar(255) CHARACTER SET utf8mb3 COLLATE utf8mb3_bin NULL DEFAULT NULL,
  `TENANT_ID_` varchar(255) CHARACTER SET utf8mb3 COLLATE utf8mb3_bin NULL DEFAULT '',
  PRIMARY KEY (`ID_`) USING BTREE
) ENGINE = InnoDB CHARACTER SET = utf8mb3 COLLATE = utf8mb3_bin ROW_FORMAT = Dynamic;

-- ----------------------------
-- Records of act_hi_tsk_log
-- ----------------------------

-- ----------------------------
-- Table structure for act_hi_varinst
-- ----------------------------
DROP TABLE IF EXISTS `act_hi_varinst`;
CREATE TABLE `act_hi_varinst`  (
  `ID_` varchar(64) CHARACTER SET utf8mb3 COLLATE utf8mb3_bin NOT NULL,
  `REV_` int NULL DEFAULT 1,
  `PROC_INST_ID_` varchar(64) CHARACTER SET utf8mb3 COLLATE utf8mb3_bin NULL DEFAULT NULL,
  `EXECUTION_ID_` varchar(64) CHARACTER SET utf8mb3 COLLATE utf8mb3_bin NULL DEFAULT NULL,
  `TASK_ID_` varchar(64) CHARACTER SET utf8mb3 COLLATE utf8mb3_bin NULL DEFAULT NULL,
  `NAME_` varchar(255) CHARACTER SET utf8mb3 COLLATE utf8mb3_bin NOT NULL,
  `VAR_TYPE_` varchar(100) CHARACTER SET utf8mb3 COLLATE utf8mb3_bin NULL DEFAULT NULL,
  `SCOPE_ID_` varchar(255) CHARACTER SET utf8mb3 COLLATE utf8mb3_bin NULL DEFAULT NULL,
  `SUB_SCOPE_ID_` varchar(255) CHARACTER SET utf8mb3 COLLATE utf8mb3_bin NULL DEFAULT NULL,
  `SCOPE_TYPE_` varchar(255) CHARACTER SET utf8mb3 COLLATE utf8mb3_bin NULL DEFAULT NULL,
  `BYTEARRAY_ID_` varchar(64) CHARACTER SET utf8mb3 COLLATE utf8mb3_bin NULL DEFAULT NULL,
  `DOUBLE_` double NULL DEFAULT NULL,
  `LONG_` bigint NULL DEFAULT NULL,
  `TEXT_` varchar(4000) CHARACTER SET utf8mb3 COLLATE utf8mb3_bin NULL DEFAULT NULL,
  `TEXT2_` varchar(4000) CHARACTER SET utf8mb3 COLLATE utf8mb3_bin NULL DEFAULT NULL,
  `META_INFO_` varchar(4000) CHARACTER SET utf8mb3 COLLATE utf8mb3_bin NULL DEFAULT NULL,
  `CREATE_TIME_` datetime(3) NULL DEFAULT NULL,
  `LAST_UPDATED_TIME_` datetime(3) NULL DEFAULT NULL,
  PRIMARY KEY (`ID_`) USING BTREE,
  INDEX `ACT_IDX_HI_PROCVAR_NAME_TYPE`(`NAME_` ASC, `VAR_TYPE_` ASC) USING BTREE,
  INDEX `ACT_IDX_HI_VAR_SCOPE_ID_TYPE`(`SCOPE_ID_` ASC, `SCOPE_TYPE_` ASC) USING BTREE,
  INDEX `ACT_IDX_HI_VAR_SUB_ID_TYPE`(`SUB_SCOPE_ID_` ASC, `SCOPE_TYPE_` ASC) USING BTREE,
  INDEX `ACT_IDX_HI_PROCVAR_PROC_INST`(`PROC_INST_ID_` ASC) USING BTREE,
  INDEX `ACT_IDX_HI_PROCVAR_TASK_ID`(`TASK_ID_` ASC) USING BTREE,
  INDEX `ACT_IDX_HI_PROCVAR_EXE`(`EXECUTION_ID_` ASC) USING BTREE
) ENGINE = InnoDB CHARACTER SET = utf8mb3 COLLATE = utf8mb3_bin ROW_FORMAT = Dynamic;

-- ----------------------------
-- Records of act_hi_varinst
-- ----------------------------
INSERT INTO `act_hi_varinst` VALUES ('00ae4202-3c01-11f1-ac70-52284ac9a333', 0, '00ae4201-3c01-11f1-ac70-52284ac9a333', '00ae4201-3c01-11f1-ac70-52284ac9a333', NULL, 'reason', 'string', NULL, NULL, NULL, NULL, NULL, NULL, '再请假3', NULL, NULL, '2026-04-19 23:04:02.927', '2026-04-19 23:04:02.927');
INSERT INTO `act_hi_varinst` VALUES ('00ae9023-3c01-11f1-ac70-52284ac9a333', 0, '00ae4201-3c01-11f1-ac70-52284ac9a333', '00ae4201-3c01-11f1-ac70-52284ac9a333', NULL, 'starterId', 'string', NULL, NULL, NULL, NULL, NULL, NULL, '1', NULL, NULL, '2026-04-19 23:04:02.928', '2026-04-19 23:04:02.928');
INSERT INTO `act_hi_varinst` VALUES ('00aeb734-3c01-11f1-ac70-52284ac9a333', 0, '00ae4201-3c01-11f1-ac70-52284ac9a333', '00ae4201-3c01-11f1-ac70-52284ac9a333', NULL, 'businessId', 'string', NULL, NULL, NULL, NULL, NULL, NULL, 'f567210e90e84705b94ba7796871d251', NULL, NULL, '2026-04-19 23:04:02.928', '2026-04-19 23:04:02.928');
INSERT INTO `act_hi_varinst` VALUES ('00aeb735-3c01-11f1-ac70-52284ac9a333', 0, '00ae4201-3c01-11f1-ac70-52284ac9a333', '00ae4201-3c01-11f1-ac70-52284ac9a333', NULL, 'days', 'integer', NULL, NULL, NULL, NULL, NULL, 10, '10', NULL, NULL, '2026-04-19 23:04:02.928', '2026-04-19 23:04:02.928');
INSERT INTO `act_hi_varinst` VALUES ('076947cd-3c01-11f1-ac70-52284ac9a333', 1, '00ae4201-3c01-11f1-ac70-52284ac9a333', '00ae4201-3c01-11f1-ac70-52284ac9a333', NULL, 'outcome', 'string', NULL, NULL, NULL, NULL, NULL, NULL, 'REJECT', NULL, NULL, '2026-04-19 23:04:14.217', '2026-04-19 23:04:38.639');
INSERT INTO `act_hi_varinst` VALUES ('0de7743f-3bf3-11f1-8094-52284ac9a333', 0, '0de7743e-3bf3-11f1-8094-52284ac9a333', '0de7743e-3bf3-11f1-8094-52284ac9a333', NULL, 'reason', 'string', NULL, NULL, NULL, NULL, NULL, NULL, '身体不适', NULL, NULL, '2026-04-19 21:24:12.157', '2026-04-19 21:24:12.157');
INSERT INTO `act_hi_varinst` VALUES ('0de79b50-3bf3-11f1-8094-52284ac9a333', 0, '0de7743e-3bf3-11f1-8094-52284ac9a333', '0de7743e-3bf3-11f1-8094-52284ac9a333', NULL, 'starterId', 'string', NULL, NULL, NULL, NULL, NULL, NULL, '1', NULL, NULL, '2026-04-19 21:24:12.157', '2026-04-19 21:24:12.157');
INSERT INTO `act_hi_varinst` VALUES ('0de79b51-3bf3-11f1-8094-52284ac9a333', 0, '0de7743e-3bf3-11f1-8094-52284ac9a333', '0de7743e-3bf3-11f1-8094-52284ac9a333', NULL, 'businessId', 'string', NULL, NULL, NULL, NULL, NULL, NULL, '94994da66640433590682456ee7d98fa', NULL, NULL, '2026-04-19 21:24:12.157', '2026-04-19 21:24:12.157');
INSERT INTO `act_hi_varinst` VALUES ('0de79b52-3bf3-11f1-8094-52284ac9a333', 0, '0de7743e-3bf3-11f1-8094-52284ac9a333', '0de7743e-3bf3-11f1-8094-52284ac9a333', NULL, 'days', 'integer', NULL, NULL, NULL, NULL, NULL, 3, '3', NULL, NULL, '2026-04-19 21:24:12.157', '2026-04-19 21:24:12.157');
INSERT INTO `act_hi_varinst` VALUES ('27def512-3cbb-11f1-a4a9-52284ac9a333', 0, '27def511-3cbb-11f1-a4a9-52284ac9a333', '27def511-3cbb-11f1-a4a9-52284ac9a333', NULL, 'reason', 'string', NULL, NULL, NULL, NULL, NULL, NULL, '22', NULL, NULL, '2026-04-20 21:16:35.068', '2026-04-20 21:16:35.068');
INSERT INTO `act_hi_varinst` VALUES ('27df1c23-3cbb-11f1-a4a9-52284ac9a333', 0, '27def511-3cbb-11f1-a4a9-52284ac9a333', '27def511-3cbb-11f1-a4a9-52284ac9a333', NULL, 'starterId', 'string', NULL, NULL, NULL, NULL, NULL, NULL, '1', NULL, NULL, '2026-04-20 21:16:35.068', '2026-04-20 21:16:35.068');
INSERT INTO `act_hi_varinst` VALUES ('27df1c24-3cbb-11f1-a4a9-52284ac9a333', 0, '27def511-3cbb-11f1-a4a9-52284ac9a333', '27def511-3cbb-11f1-a4a9-52284ac9a333', NULL, 'businessId', 'string', NULL, NULL, NULL, NULL, NULL, NULL, 'acaf0314d90b4d19a78c5a7f925e31ce', NULL, NULL, '2026-04-20 21:16:35.068', '2026-04-20 21:16:35.068');
INSERT INTO `act_hi_varinst` VALUES ('27df1c25-3cbb-11f1-a4a9-52284ac9a333', 0, '27def511-3cbb-11f1-a4a9-52284ac9a333', '27def511-3cbb-11f1-a4a9-52284ac9a333', NULL, 'days', 'integer', NULL, NULL, NULL, NULL, NULL, 22, '22', NULL, NULL, '2026-04-20 21:16:35.068', '2026-04-20 21:16:35.068');
INSERT INTO `act_hi_varinst` VALUES ('4d6e217e-3cbb-11f1-a4a9-52284ac9a333', 0, '4d6e217d-3cbb-11f1-a4a9-52284ac9a333', '4d6e217d-3cbb-11f1-a4a9-52284ac9a333', NULL, 'reason', 'string', NULL, NULL, NULL, NULL, NULL, NULL, '888', NULL, NULL, '2026-04-20 21:17:38.081', '2026-04-20 21:17:38.081');
INSERT INTO `act_hi_varinst` VALUES ('4d6e217f-3cbb-11f1-a4a9-52284ac9a333', 0, '4d6e217d-3cbb-11f1-a4a9-52284ac9a333', '4d6e217d-3cbb-11f1-a4a9-52284ac9a333', NULL, 'starterId', 'string', NULL, NULL, NULL, NULL, NULL, NULL, '2', NULL, NULL, '2026-04-20 21:17:38.081', '2026-04-20 21:17:38.081');
INSERT INTO `act_hi_varinst` VALUES ('4d6e2180-3cbb-11f1-a4a9-52284ac9a333', 0, '4d6e217d-3cbb-11f1-a4a9-52284ac9a333', '4d6e217d-3cbb-11f1-a4a9-52284ac9a333', NULL, 'businessId', 'string', NULL, NULL, NULL, NULL, NULL, NULL, 'bfab9102a4124edbab37ca25ea40cdaa', NULL, NULL, '2026-04-20 21:17:38.081', '2026-04-20 21:17:38.081');
INSERT INTO `act_hi_varinst` VALUES ('4d6e2181-3cbb-11f1-a4a9-52284ac9a333', 0, '4d6e217d-3cbb-11f1-a4a9-52284ac9a333', '4d6e217d-3cbb-11f1-a4a9-52284ac9a333', NULL, 'days', 'integer', NULL, NULL, NULL, NULL, NULL, 777, '777', NULL, NULL, '2026-04-20 21:17:38.081', '2026-04-20 21:17:38.081');
INSERT INTO `act_hi_varinst` VALUES ('5648abe9-3cbb-11f1-a4a9-52284ac9a333', 1, '27def511-3cbb-11f1-a4a9-52284ac9a333', '27def511-3cbb-11f1-a4a9-52284ac9a333', NULL, 'outcome', 'string', NULL, NULL, NULL, NULL, NULL, NULL, 'APPROVE', NULL, NULL, '2026-04-20 21:17:52.935', '2026-04-20 22:48:18.540');
INSERT INTO `act_hi_varinst` VALUES ('65c27978-3cbf-11f1-900c-52284ac9a333', 0, '65c22b57-3cbf-11f1-900c-52284ac9a333', '65c22b57-3cbf-11f1-900c-52284ac9a333', NULL, 'reason', 'string', NULL, NULL, NULL, NULL, NULL, NULL, '66666', NULL, NULL, '2026-04-20 21:46:56.890', '2026-04-20 21:46:56.890');
INSERT INTO `act_hi_varinst` VALUES ('65c33cc9-3cbf-11f1-900c-52284ac9a333', 0, '65c22b57-3cbf-11f1-900c-52284ac9a333', '65c22b57-3cbf-11f1-900c-52284ac9a333', NULL, 'starterId', 'string', NULL, NULL, NULL, NULL, NULL, NULL, '1', NULL, NULL, '2026-04-20 21:46:56.891', '2026-04-20 21:46:56.891');
INSERT INTO `act_hi_varinst` VALUES ('65c33cca-3cbf-11f1-900c-52284ac9a333', 0, '65c22b57-3cbf-11f1-900c-52284ac9a333', '65c22b57-3cbf-11f1-900c-52284ac9a333', NULL, 'businessId', 'string', NULL, NULL, NULL, NULL, NULL, NULL, '45dde0c5c05843c18f3b71a6b547eab3', NULL, NULL, '2026-04-20 21:46:56.891', '2026-04-20 21:46:56.891');
INSERT INTO `act_hi_varinst` VALUES ('65c33ccb-3cbf-11f1-900c-52284ac9a333', 0, '65c22b57-3cbf-11f1-900c-52284ac9a333', '65c22b57-3cbf-11f1-900c-52284ac9a333', NULL, 'days', 'integer', NULL, NULL, NULL, NULL, NULL, 3, '3', NULL, NULL, '2026-04-20 21:46:56.891', '2026-04-20 21:46:56.891');
INSERT INTO `act_hi_varinst` VALUES ('6cecf0cd-3c00-11f1-94b8-52284ac9a333', 0, '6cecf0cc-3c00-11f1-94b8-52284ac9a333', '6cecf0cc-3c00-11f1-94b8-52284ac9a333', NULL, 'reason', 'string', NULL, NULL, NULL, NULL, NULL, NULL, '家里有事', NULL, NULL, '2026-04-19 22:59:55.034', '2026-04-19 22:59:55.034');
INSERT INTO `act_hi_varinst` VALUES ('6ced17de-3c00-11f1-94b8-52284ac9a333', 0, '6cecf0cc-3c00-11f1-94b8-52284ac9a333', '6cecf0cc-3c00-11f1-94b8-52284ac9a333', NULL, 'starterId', 'string', NULL, NULL, NULL, NULL, NULL, NULL, '1', NULL, NULL, '2026-04-19 22:59:55.035', '2026-04-19 22:59:55.035');
INSERT INTO `act_hi_varinst` VALUES ('6ced3eef-3c00-11f1-94b8-52284ac9a333', 0, '6cecf0cc-3c00-11f1-94b8-52284ac9a333', '6cecf0cc-3c00-11f1-94b8-52284ac9a333', NULL, 'businessId', 'string', NULL, NULL, NULL, NULL, NULL, NULL, '9c738c185dcc4563bb6908f1a2be09ba', NULL, NULL, '2026-04-19 22:59:55.035', '2026-04-19 22:59:55.035');
INSERT INTO `act_hi_varinst` VALUES ('6ced3ef0-3c00-11f1-94b8-52284ac9a333', 0, '6cecf0cc-3c00-11f1-94b8-52284ac9a333', '6cecf0cc-3c00-11f1-94b8-52284ac9a333', NULL, 'days', 'integer', NULL, NULL, NULL, NULL, NULL, 1, '1', NULL, NULL, '2026-04-19 22:59:55.035', '2026-04-19 22:59:55.035');
INSERT INTO `act_hi_varinst` VALUES ('77830de8-3c00-11f1-94b8-52284ac9a333', 1, '6cecf0cc-3c00-11f1-94b8-52284ac9a333', '6cecf0cc-3c00-11f1-94b8-52284ac9a333', NULL, 'outcome', 'string', NULL, NULL, NULL, NULL, NULL, NULL, 'APPROVE', NULL, NULL, '2026-04-19 23:00:12.794', '2026-04-19 23:00:26.766');
INSERT INTO `act_hi_varinst` VALUES ('908afef9-3c04-11f1-82d8-52284ac9a333', 0, '908ad7e8-3c04-11f1-82d8-52284ac9a333', '908ad7e8-3c04-11f1-82d8-52284ac9a333', NULL, 'reason', 'string', NULL, NULL, NULL, NULL, NULL, NULL, '444', NULL, NULL, '2026-04-19 23:29:32.777', '2026-04-19 23:29:32.777');
INSERT INTO `act_hi_varinst` VALUES ('908b4d1a-3c04-11f1-82d8-52284ac9a333', 0, '908ad7e8-3c04-11f1-82d8-52284ac9a333', '908ad7e8-3c04-11f1-82d8-52284ac9a333', NULL, 'starterId', 'string', NULL, NULL, NULL, NULL, NULL, NULL, '1', NULL, NULL, '2026-04-19 23:29:32.778', '2026-04-19 23:29:32.778');
INSERT INTO `act_hi_varinst` VALUES ('908b4d1b-3c04-11f1-82d8-52284ac9a333', 0, '908ad7e8-3c04-11f1-82d8-52284ac9a333', '908ad7e8-3c04-11f1-82d8-52284ac9a333', NULL, 'businessId', 'string', NULL, NULL, NULL, NULL, NULL, NULL, 'b7722fbde1e4456cb80ebc3dc069515c', NULL, NULL, '2026-04-19 23:29:32.778', '2026-04-19 23:29:32.778');
INSERT INTO `act_hi_varinst` VALUES ('908b4d1c-3c04-11f1-82d8-52284ac9a333', 0, '908ad7e8-3c04-11f1-82d8-52284ac9a333', '908ad7e8-3c04-11f1-82d8-52284ac9a333', NULL, 'days', 'integer', NULL, NULL, NULL, NULL, NULL, 2222, '2222', NULL, NULL, '2026-04-19 23:29:32.778', '2026-04-19 23:29:32.778');
INSERT INTO `act_hi_varinst` VALUES ('92a6148c-3cb9-11f1-bfd6-52284ac9a333', 0, '92a5ed7b-3cb9-11f1-bfd6-52284ac9a333', '92a5ed7b-3cb9-11f1-bfd6-52284ac9a333', NULL, 'reason', 'string', NULL, NULL, NULL, NULL, NULL, NULL, '222', NULL, NULL, '2026-04-20 21:05:15.220', '2026-04-20 21:05:15.220');
INSERT INTO `act_hi_varinst` VALUES ('92a6b0cd-3cb9-11f1-bfd6-52284ac9a333', 0, '92a5ed7b-3cb9-11f1-bfd6-52284ac9a333', '92a5ed7b-3cb9-11f1-bfd6-52284ac9a333', NULL, 'starterId', 'string', NULL, NULL, NULL, NULL, NULL, NULL, '1', NULL, NULL, '2026-04-20 21:05:15.221', '2026-04-20 21:05:15.221');
INSERT INTO `act_hi_varinst` VALUES ('92a6b0ce-3cb9-11f1-bfd6-52284ac9a333', 0, '92a5ed7b-3cb9-11f1-bfd6-52284ac9a333', '92a5ed7b-3cb9-11f1-bfd6-52284ac9a333', NULL, 'businessId', 'string', NULL, NULL, NULL, NULL, NULL, NULL, '9e87b1a3b78f49e18a6064ac47d2f4e0', NULL, NULL, '2026-04-20 21:05:15.221', '2026-04-20 21:05:15.221');
INSERT INTO `act_hi_varinst` VALUES ('92a6b0cf-3cb9-11f1-bfd6-52284ac9a333', 0, '92a5ed7b-3cb9-11f1-bfd6-52284ac9a333', '92a5ed7b-3cb9-11f1-bfd6-52284ac9a333', NULL, 'days', 'integer', NULL, NULL, NULL, NULL, NULL, 3, '3', NULL, NULL, '2026-04-20 21:05:15.221', '2026-04-20 21:05:15.221');
INSERT INTO `act_hi_varinst` VALUES ('9aa6e304-3c04-11f1-82d8-52284ac9a333', 2, '908ad7e8-3c04-11f1-82d8-52284ac9a333', '908ad7e8-3c04-11f1-82d8-52284ac9a333', NULL, 'outcome', 'string', NULL, NULL, NULL, NULL, NULL, NULL, 'REJECT', NULL, NULL, '2026-04-19 23:29:49.736', '2026-04-19 23:30:12.767');
INSERT INTO `act_hi_varinst` VALUES ('b33fea62-3cba-11f1-a4a9-52284ac9a333', 1, '92a5ed7b-3cb9-11f1-bfd6-52284ac9a333', '92a5ed7b-3cb9-11f1-bfd6-52284ac9a333', NULL, 'outcome', 'string', NULL, NULL, NULL, NULL, NULL, NULL, 'APPROVE', NULL, NULL, '2026-04-20 21:13:19.418', '2026-04-20 21:13:39.399');
INSERT INTO `act_hi_varinst` VALUES ('e6aabdf0-3bfd-11f1-bbbc-52284ac9a333', 1, '0de7743e-3bf3-11f1-8094-52284ac9a333', '0de7743e-3bf3-11f1-8094-52284ac9a333', NULL, 'outcome', 'string', NULL, NULL, NULL, NULL, NULL, NULL, 'REJECT', NULL, NULL, '2026-04-19 22:41:50.795', '2026-04-19 22:42:19.486');

-- ----------------------------
-- Table structure for act_id_bytearray
-- ----------------------------
DROP TABLE IF EXISTS `act_id_bytearray`;
CREATE TABLE `act_id_bytearray`  (
  `ID_` varchar(64) CHARACTER SET utf8mb3 COLLATE utf8mb3_bin NOT NULL,
  `REV_` int NULL DEFAULT NULL,
  `NAME_` varchar(255) CHARACTER SET utf8mb3 COLLATE utf8mb3_bin NULL DEFAULT NULL,
  `BYTES_` longblob NULL,
  PRIMARY KEY (`ID_`) USING BTREE
) ENGINE = InnoDB CHARACTER SET = utf8mb3 COLLATE = utf8mb3_bin ROW_FORMAT = Dynamic;

-- ----------------------------
-- Records of act_id_bytearray
-- ----------------------------

-- ----------------------------
-- Table structure for act_id_group
-- ----------------------------
DROP TABLE IF EXISTS `act_id_group`;
CREATE TABLE `act_id_group`  (
  `ID_` varchar(64) CHARACTER SET utf8mb3 COLLATE utf8mb3_bin NOT NULL,
  `REV_` int NULL DEFAULT NULL,
  `NAME_` varchar(255) CHARACTER SET utf8mb3 COLLATE utf8mb3_bin NULL DEFAULT NULL,
  `TYPE_` varchar(255) CHARACTER SET utf8mb3 COLLATE utf8mb3_bin NULL DEFAULT NULL,
  PRIMARY KEY (`ID_`) USING BTREE
) ENGINE = InnoDB CHARACTER SET = utf8mb3 COLLATE = utf8mb3_bin ROW_FORMAT = Dynamic;

-- ----------------------------
-- Records of act_id_group
-- ----------------------------

-- ----------------------------
-- Table structure for act_id_info
-- ----------------------------
DROP TABLE IF EXISTS `act_id_info`;
CREATE TABLE `act_id_info`  (
  `ID_` varchar(64) CHARACTER SET utf8mb3 COLLATE utf8mb3_bin NOT NULL,
  `REV_` int NULL DEFAULT NULL,
  `USER_ID_` varchar(64) CHARACTER SET utf8mb3 COLLATE utf8mb3_bin NULL DEFAULT NULL,
  `TYPE_` varchar(64) CHARACTER SET utf8mb3 COLLATE utf8mb3_bin NULL DEFAULT NULL,
  `KEY_` varchar(255) CHARACTER SET utf8mb3 COLLATE utf8mb3_bin NULL DEFAULT NULL,
  `VALUE_` varchar(255) CHARACTER SET utf8mb3 COLLATE utf8mb3_bin NULL DEFAULT NULL,
  `PASSWORD_` longblob NULL,
  `PARENT_ID_` varchar(255) CHARACTER SET utf8mb3 COLLATE utf8mb3_bin NULL DEFAULT NULL,
  PRIMARY KEY (`ID_`) USING BTREE
) ENGINE = InnoDB CHARACTER SET = utf8mb3 COLLATE = utf8mb3_bin ROW_FORMAT = Dynamic;

-- ----------------------------
-- Records of act_id_info
-- ----------------------------

-- ----------------------------
-- Table structure for act_id_membership
-- ----------------------------
DROP TABLE IF EXISTS `act_id_membership`;
CREATE TABLE `act_id_membership`  (
  `USER_ID_` varchar(64) CHARACTER SET utf8mb3 COLLATE utf8mb3_bin NOT NULL,
  `GROUP_ID_` varchar(64) CHARACTER SET utf8mb3 COLLATE utf8mb3_bin NOT NULL,
  PRIMARY KEY (`USER_ID_`, `GROUP_ID_`) USING BTREE,
  INDEX `ACT_FK_MEMB_GROUP`(`GROUP_ID_` ASC) USING BTREE,
  CONSTRAINT `ACT_FK_MEMB_GROUP` FOREIGN KEY (`GROUP_ID_`) REFERENCES `act_id_group` (`ID_`) ON DELETE RESTRICT ON UPDATE RESTRICT,
  CONSTRAINT `ACT_FK_MEMB_USER` FOREIGN KEY (`USER_ID_`) REFERENCES `act_id_user` (`ID_`) ON DELETE RESTRICT ON UPDATE RESTRICT
) ENGINE = InnoDB CHARACTER SET = utf8mb3 COLLATE = utf8mb3_bin ROW_FORMAT = Dynamic;

-- ----------------------------
-- Records of act_id_membership
-- ----------------------------

-- ----------------------------
-- Table structure for act_id_priv
-- ----------------------------
DROP TABLE IF EXISTS `act_id_priv`;
CREATE TABLE `act_id_priv`  (
  `ID_` varchar(64) CHARACTER SET utf8mb3 COLLATE utf8mb3_bin NOT NULL,
  `NAME_` varchar(255) CHARACTER SET utf8mb3 COLLATE utf8mb3_bin NOT NULL,
  PRIMARY KEY (`ID_`) USING BTREE,
  UNIQUE INDEX `ACT_UNIQ_PRIV_NAME`(`NAME_` ASC) USING BTREE
) ENGINE = InnoDB CHARACTER SET = utf8mb3 COLLATE = utf8mb3_bin ROW_FORMAT = Dynamic;

-- ----------------------------
-- Records of act_id_priv
-- ----------------------------

-- ----------------------------
-- Table structure for act_id_priv_mapping
-- ----------------------------
DROP TABLE IF EXISTS `act_id_priv_mapping`;
CREATE TABLE `act_id_priv_mapping`  (
  `ID_` varchar(64) CHARACTER SET utf8mb3 COLLATE utf8mb3_bin NOT NULL,
  `PRIV_ID_` varchar(64) CHARACTER SET utf8mb3 COLLATE utf8mb3_bin NOT NULL,
  `USER_ID_` varchar(255) CHARACTER SET utf8mb3 COLLATE utf8mb3_bin NULL DEFAULT NULL,
  `GROUP_ID_` varchar(255) CHARACTER SET utf8mb3 COLLATE utf8mb3_bin NULL DEFAULT NULL,
  PRIMARY KEY (`ID_`) USING BTREE,
  INDEX `ACT_FK_PRIV_MAPPING`(`PRIV_ID_` ASC) USING BTREE,
  INDEX `ACT_IDX_PRIV_USER`(`USER_ID_` ASC) USING BTREE,
  INDEX `ACT_IDX_PRIV_GROUP`(`GROUP_ID_` ASC) USING BTREE,
  CONSTRAINT `ACT_FK_PRIV_MAPPING` FOREIGN KEY (`PRIV_ID_`) REFERENCES `act_id_priv` (`ID_`) ON DELETE RESTRICT ON UPDATE RESTRICT
) ENGINE = InnoDB CHARACTER SET = utf8mb3 COLLATE = utf8mb3_bin ROW_FORMAT = Dynamic;

-- ----------------------------
-- Records of act_id_priv_mapping
-- ----------------------------

-- ----------------------------
-- Table structure for act_id_property
-- ----------------------------
DROP TABLE IF EXISTS `act_id_property`;
CREATE TABLE `act_id_property`  (
  `NAME_` varchar(64) CHARACTER SET utf8mb3 COLLATE utf8mb3_bin NOT NULL,
  `VALUE_` varchar(300) CHARACTER SET utf8mb3 COLLATE utf8mb3_bin NULL DEFAULT NULL,
  `REV_` int NULL DEFAULT NULL,
  PRIMARY KEY (`NAME_`) USING BTREE
) ENGINE = InnoDB CHARACTER SET = utf8mb3 COLLATE = utf8mb3_bin ROW_FORMAT = Dynamic;

-- ----------------------------
-- Records of act_id_property
-- ----------------------------
INSERT INTO `act_id_property` VALUES ('schema.version', '7.0.0.0', 1);

-- ----------------------------
-- Table structure for act_id_token
-- ----------------------------
DROP TABLE IF EXISTS `act_id_token`;
CREATE TABLE `act_id_token`  (
  `ID_` varchar(64) CHARACTER SET utf8mb3 COLLATE utf8mb3_bin NOT NULL,
  `REV_` int NULL DEFAULT NULL,
  `TOKEN_VALUE_` varchar(255) CHARACTER SET utf8mb3 COLLATE utf8mb3_bin NULL DEFAULT NULL,
  `TOKEN_DATE_` timestamp(3) NULL DEFAULT NULL,
  `IP_ADDRESS_` varchar(255) CHARACTER SET utf8mb3 COLLATE utf8mb3_bin NULL DEFAULT NULL,
  `USER_AGENT_` varchar(255) CHARACTER SET utf8mb3 COLLATE utf8mb3_bin NULL DEFAULT NULL,
  `USER_ID_` varchar(255) CHARACTER SET utf8mb3 COLLATE utf8mb3_bin NULL DEFAULT NULL,
  `TOKEN_DATA_` varchar(2000) CHARACTER SET utf8mb3 COLLATE utf8mb3_bin NULL DEFAULT NULL,
  PRIMARY KEY (`ID_`) USING BTREE
) ENGINE = InnoDB CHARACTER SET = utf8mb3 COLLATE = utf8mb3_bin ROW_FORMAT = Dynamic;

-- ----------------------------
-- Records of act_id_token
-- ----------------------------

-- ----------------------------
-- Table structure for act_id_user
-- ----------------------------
DROP TABLE IF EXISTS `act_id_user`;
CREATE TABLE `act_id_user`  (
  `ID_` varchar(64) CHARACTER SET utf8mb3 COLLATE utf8mb3_bin NOT NULL,
  `REV_` int NULL DEFAULT NULL,
  `FIRST_` varchar(255) CHARACTER SET utf8mb3 COLLATE utf8mb3_bin NULL DEFAULT NULL,
  `LAST_` varchar(255) CHARACTER SET utf8mb3 COLLATE utf8mb3_bin NULL DEFAULT NULL,
  `DISPLAY_NAME_` varchar(255) CHARACTER SET utf8mb3 COLLATE utf8mb3_bin NULL DEFAULT NULL,
  `EMAIL_` varchar(255) CHARACTER SET utf8mb3 COLLATE utf8mb3_bin NULL DEFAULT NULL,
  `PWD_` varchar(255) CHARACTER SET utf8mb3 COLLATE utf8mb3_bin NULL DEFAULT NULL,
  `PICTURE_ID_` varchar(64) CHARACTER SET utf8mb3 COLLATE utf8mb3_bin NULL DEFAULT NULL,
  `TENANT_ID_` varchar(255) CHARACTER SET utf8mb3 COLLATE utf8mb3_bin NULL DEFAULT '',
  PRIMARY KEY (`ID_`) USING BTREE
) ENGINE = InnoDB CHARACTER SET = utf8mb3 COLLATE = utf8mb3_bin ROW_FORMAT = Dynamic;

-- ----------------------------
-- Records of act_id_user
-- ----------------------------

-- ----------------------------
-- Table structure for act_procdef_info
-- ----------------------------
DROP TABLE IF EXISTS `act_procdef_info`;
CREATE TABLE `act_procdef_info`  (
  `ID_` varchar(64) CHARACTER SET utf8mb3 COLLATE utf8mb3_bin NOT NULL,
  `PROC_DEF_ID_` varchar(64) CHARACTER SET utf8mb3 COLLATE utf8mb3_bin NOT NULL,
  `REV_` int NULL DEFAULT NULL,
  `INFO_JSON_ID_` varchar(64) CHARACTER SET utf8mb3 COLLATE utf8mb3_bin NULL DEFAULT NULL,
  PRIMARY KEY (`ID_`) USING BTREE,
  UNIQUE INDEX `ACT_UNIQ_INFO_PROCDEF`(`PROC_DEF_ID_` ASC) USING BTREE,
  INDEX `ACT_IDX_INFO_PROCDEF`(`PROC_DEF_ID_` ASC) USING BTREE,
  INDEX `ACT_FK_INFO_JSON_BA`(`INFO_JSON_ID_` ASC) USING BTREE,
  CONSTRAINT `ACT_FK_INFO_JSON_BA` FOREIGN KEY (`INFO_JSON_ID_`) REFERENCES `act_ge_bytearray` (`ID_`) ON DELETE RESTRICT ON UPDATE RESTRICT,
  CONSTRAINT `ACT_FK_INFO_PROCDEF` FOREIGN KEY (`PROC_DEF_ID_`) REFERENCES `act_re_procdef` (`ID_`) ON DELETE RESTRICT ON UPDATE RESTRICT
) ENGINE = InnoDB CHARACTER SET = utf8mb3 COLLATE = utf8mb3_bin ROW_FORMAT = Dynamic;

-- ----------------------------
-- Records of act_procdef_info
-- ----------------------------

-- ----------------------------
-- Table structure for act_re_deployment
-- ----------------------------
DROP TABLE IF EXISTS `act_re_deployment`;
CREATE TABLE `act_re_deployment`  (
  `ID_` varchar(64) CHARACTER SET utf8mb3 COLLATE utf8mb3_bin NOT NULL,
  `NAME_` varchar(255) CHARACTER SET utf8mb3 COLLATE utf8mb3_bin NULL DEFAULT NULL,
  `CATEGORY_` varchar(255) CHARACTER SET utf8mb3 COLLATE utf8mb3_bin NULL DEFAULT NULL,
  `KEY_` varchar(255) CHARACTER SET utf8mb3 COLLATE utf8mb3_bin NULL DEFAULT NULL,
  `TENANT_ID_` varchar(255) CHARACTER SET utf8mb3 COLLATE utf8mb3_bin NULL DEFAULT '',
  `DEPLOY_TIME_` timestamp(3) NULL DEFAULT NULL,
  `DERIVED_FROM_` varchar(64) CHARACTER SET utf8mb3 COLLATE utf8mb3_bin NULL DEFAULT NULL,
  `DERIVED_FROM_ROOT_` varchar(64) CHARACTER SET utf8mb3 COLLATE utf8mb3_bin NULL DEFAULT NULL,
  `PARENT_DEPLOYMENT_ID_` varchar(255) CHARACTER SET utf8mb3 COLLATE utf8mb3_bin NULL DEFAULT NULL,
  `ENGINE_VERSION_` varchar(255) CHARACTER SET utf8mb3 COLLATE utf8mb3_bin NULL DEFAULT NULL,
  PRIMARY KEY (`ID_`) USING BTREE
) ENGINE = InnoDB CHARACTER SET = utf8mb3 COLLATE = utf8mb3_bin ROW_FORMAT = Dynamic;

-- ----------------------------
-- Records of act_re_deployment
-- ----------------------------
INSERT INTO `act_re_deployment` VALUES ('0383b1ca-3bf3-11f1-8094-52284ac9a333', '请假流程', NULL, NULL, '', '2026-04-19 21:23:54.724', NULL, NULL, '0383b1ca-3bf3-11f1-8094-52284ac9a333', NULL);
INSERT INTO `act_re_deployment` VALUES ('61701d38-3c00-11f1-94b8-52284ac9a333', '请假流程', NULL, NULL, '', '2026-04-19 22:59:35.759', NULL, NULL, '61701d38-3c00-11f1-94b8-52284ac9a333', NULL);
INSERT INTO `act_re_deployment` VALUES ('8960bca4-3c04-11f1-82d8-52284ac9a333', 'www', NULL, NULL, '', '2026-04-19 23:29:20.755', NULL, NULL, '8960bca4-3c04-11f1-82d8-52284ac9a333', NULL);
INSERT INTO `act_re_deployment` VALUES ('ae8dac17-3cc5-11f1-8b52-52284ac9a333', '辞职流程', NULL, NULL, '', '2026-04-20 22:31:55.994', NULL, NULL, 'ae8dac17-3cc5-11f1-8b52-52284ac9a333', NULL);
INSERT INTO `act_re_deployment` VALUES ('de73861f-3cc6-11f1-8b52-52284ac9a333', '请假流程', NULL, NULL, '', '2026-04-20 22:40:25.850', NULL, NULL, 'de73861f-3cc6-11f1-8b52-52284ac9a333', NULL);
INSERT INTO `act_re_deployment` VALUES ('dfc13bd3-3cc6-11f1-8b52-52284ac9a333', '辞职流程', NULL, NULL, '', '2026-04-20 22:40:28.037', NULL, NULL, 'dfc13bd3-3cc6-11f1-8b52-52284ac9a333', NULL);
INSERT INTO `act_re_deployment` VALUES ('f846cf8b-3cc5-11f1-8b52-52284ac9a333', '请假流程', NULL, NULL, '', '2026-04-20 22:33:59.681', NULL, NULL, 'f846cf8b-3cc5-11f1-8b52-52284ac9a333', NULL);

-- ----------------------------
-- Table structure for act_re_model
-- ----------------------------
DROP TABLE IF EXISTS `act_re_model`;
CREATE TABLE `act_re_model`  (
  `ID_` varchar(64) CHARACTER SET utf8mb3 COLLATE utf8mb3_bin NOT NULL,
  `REV_` int NULL DEFAULT NULL,
  `NAME_` varchar(255) CHARACTER SET utf8mb3 COLLATE utf8mb3_bin NULL DEFAULT NULL,
  `KEY_` varchar(255) CHARACTER SET utf8mb3 COLLATE utf8mb3_bin NULL DEFAULT NULL,
  `CATEGORY_` varchar(255) CHARACTER SET utf8mb3 COLLATE utf8mb3_bin NULL DEFAULT NULL,
  `CREATE_TIME_` timestamp(3) NULL DEFAULT NULL,
  `LAST_UPDATE_TIME_` timestamp(3) NULL DEFAULT NULL,
  `VERSION_` int NULL DEFAULT NULL,
  `META_INFO_` varchar(4000) CHARACTER SET utf8mb3 COLLATE utf8mb3_bin NULL DEFAULT NULL,
  `DEPLOYMENT_ID_` varchar(64) CHARACTER SET utf8mb3 COLLATE utf8mb3_bin NULL DEFAULT NULL,
  `EDITOR_SOURCE_VALUE_ID_` varchar(64) CHARACTER SET utf8mb3 COLLATE utf8mb3_bin NULL DEFAULT NULL,
  `EDITOR_SOURCE_EXTRA_VALUE_ID_` varchar(64) CHARACTER SET utf8mb3 COLLATE utf8mb3_bin NULL DEFAULT NULL,
  `TENANT_ID_` varchar(255) CHARACTER SET utf8mb3 COLLATE utf8mb3_bin NULL DEFAULT '',
  PRIMARY KEY (`ID_`) USING BTREE,
  INDEX `ACT_FK_MODEL_SOURCE`(`EDITOR_SOURCE_VALUE_ID_` ASC) USING BTREE,
  INDEX `ACT_FK_MODEL_SOURCE_EXTRA`(`EDITOR_SOURCE_EXTRA_VALUE_ID_` ASC) USING BTREE,
  INDEX `ACT_FK_MODEL_DEPLOYMENT`(`DEPLOYMENT_ID_` ASC) USING BTREE,
  CONSTRAINT `ACT_FK_MODEL_DEPLOYMENT` FOREIGN KEY (`DEPLOYMENT_ID_`) REFERENCES `act_re_deployment` (`ID_`) ON DELETE RESTRICT ON UPDATE RESTRICT,
  CONSTRAINT `ACT_FK_MODEL_SOURCE` FOREIGN KEY (`EDITOR_SOURCE_VALUE_ID_`) REFERENCES `act_ge_bytearray` (`ID_`) ON DELETE RESTRICT ON UPDATE RESTRICT,
  CONSTRAINT `ACT_FK_MODEL_SOURCE_EXTRA` FOREIGN KEY (`EDITOR_SOURCE_EXTRA_VALUE_ID_`) REFERENCES `act_ge_bytearray` (`ID_`) ON DELETE RESTRICT ON UPDATE RESTRICT
) ENGINE = InnoDB CHARACTER SET = utf8mb3 COLLATE = utf8mb3_bin ROW_FORMAT = Dynamic;

-- ----------------------------
-- Records of act_re_model
-- ----------------------------

-- ----------------------------
-- Table structure for act_re_procdef
-- ----------------------------
DROP TABLE IF EXISTS `act_re_procdef`;
CREATE TABLE `act_re_procdef`  (
  `ID_` varchar(64) CHARACTER SET utf8mb3 COLLATE utf8mb3_bin NOT NULL,
  `REV_` int NULL DEFAULT NULL,
  `CATEGORY_` varchar(255) CHARACTER SET utf8mb3 COLLATE utf8mb3_bin NULL DEFAULT NULL,
  `NAME_` varchar(255) CHARACTER SET utf8mb3 COLLATE utf8mb3_bin NULL DEFAULT NULL,
  `KEY_` varchar(255) CHARACTER SET utf8mb3 COLLATE utf8mb3_bin NOT NULL,
  `VERSION_` int NOT NULL,
  `DEPLOYMENT_ID_` varchar(64) CHARACTER SET utf8mb3 COLLATE utf8mb3_bin NULL DEFAULT NULL,
  `RESOURCE_NAME_` varchar(4000) CHARACTER SET utf8mb3 COLLATE utf8mb3_bin NULL DEFAULT NULL,
  `DGRM_RESOURCE_NAME_` varchar(4000) CHARACTER SET utf8mb3 COLLATE utf8mb3_bin NULL DEFAULT NULL,
  `DESCRIPTION_` varchar(4000) CHARACTER SET utf8mb3 COLLATE utf8mb3_bin NULL DEFAULT NULL,
  `HAS_START_FORM_KEY_` tinyint NULL DEFAULT NULL,
  `HAS_GRAPHICAL_NOTATION_` tinyint NULL DEFAULT NULL,
  `SUSPENSION_STATE_` int NULL DEFAULT NULL,
  `TENANT_ID_` varchar(255) CHARACTER SET utf8mb3 COLLATE utf8mb3_bin NULL DEFAULT '',
  `ENGINE_VERSION_` varchar(255) CHARACTER SET utf8mb3 COLLATE utf8mb3_bin NULL DEFAULT NULL,
  `DERIVED_FROM_` varchar(64) CHARACTER SET utf8mb3 COLLATE utf8mb3_bin NULL DEFAULT NULL,
  `DERIVED_FROM_ROOT_` varchar(64) CHARACTER SET utf8mb3 COLLATE utf8mb3_bin NULL DEFAULT NULL,
  `DERIVED_VERSION_` int NOT NULL DEFAULT 0,
  PRIMARY KEY (`ID_`) USING BTREE,
  UNIQUE INDEX `ACT_UNIQ_PROCDEF`(`KEY_` ASC, `VERSION_` ASC, `DERIVED_VERSION_` ASC, `TENANT_ID_` ASC) USING BTREE
) ENGINE = InnoDB CHARACTER SET = utf8mb3 COLLATE = utf8mb3_bin ROW_FORMAT = Dynamic;

-- ----------------------------
-- Records of act_re_procdef
-- ----------------------------
INSERT INTO `act_re_procdef` VALUES ('process_9iy341pn:1:898e5c57-3c04-11f1-82d8-52284ac9a333', 1, 'http://www.flowable.org/processdef', 'name_04h89xzd', 'process_9iy341pn', 1, '8960bca4-3c04-11f1-82d8-52284ac9a333', 'process_5.bpmn20.xml', 'process_5.process_9iy341pn.png', NULL, 0, 1, 1, '', NULL, NULL, NULL, 0);
INSERT INTO `act_re_procdef` VALUES ('process_9iy341pn:2:af4da0ba-3cc5-11f1-8b52-52284ac9a333', 1, 'http://www.flowable.org/processdef', 'name_04h89xzd', 'process_9iy341pn', 2, 'ae8dac17-3cc5-11f1-8b52-52284ac9a333', 'process_5.bpmn20.xml', 'process_5.process_9iy341pn.png', NULL, 0, 1, 1, '', NULL, NULL, NULL, 0);
INSERT INTO `act_re_procdef` VALUES ('process_9iy341pn:3:dfea2096-3cc6-11f1-8b52-52284ac9a333', 1, 'http://www.flowable.org/processdef', 'name_04h89xzd', 'process_9iy341pn', 3, 'dfc13bd3-3cc6-11f1-8b52-52284ac9a333', 'process_5.bpmn20.xml', 'process_5.process_9iy341pn.png', NULL, 0, 1, 1, '', NULL, NULL, NULL, 0);
INSERT INTO `act_re_procdef` VALUES ('process_fyjyprgp:1:03c3c80d-3bf3-11f1-8094-52284ac9a333', 1, 'http://www.flowable.org/processdef', 'name_ibi3u0lg', 'process_fyjyprgp', 1, '0383b1ca-3bf3-11f1-8094-52284ac9a333', 'process_4.bpmn20.xml', 'process_4.process_fyjyprgp.png', NULL, 0, 1, 1, '', NULL, NULL, NULL, 0);
INSERT INTO `act_re_procdef` VALUES ('process_fyjyprgp:2:61f2458b-3c00-11f1-94b8-52284ac9a333', 1, 'http://www.flowable.org/processdef', 'name_ibi3u0lg', 'process_fyjyprgp', 2, '61701d38-3c00-11f1-94b8-52284ac9a333', 'process_4.bpmn20.xml', 'process_4.process_fyjyprgp.png', NULL, 0, 1, 1, '', NULL, NULL, NULL, 0);
INSERT INTO `act_re_procdef` VALUES ('process_fyjyprgp:3:f87c858e-3cc5-11f1-8b52-52284ac9a333', 1, 'http://www.flowable.org/processdef', 'name_ibi3u0lg', 'process_fyjyprgp', 3, 'f846cf8b-3cc5-11f1-8b52-52284ac9a333', 'process_4.bpmn20.xml', 'process_4.process_fyjyprgp.png', NULL, 0, 1, 1, '', NULL, NULL, NULL, 0);
INSERT INTO `act_re_procdef` VALUES ('process_fyjyprgp:4:de982522-3cc6-11f1-8b52-52284ac9a333', 1, 'http://www.flowable.org/processdef', 'name_ibi3u0lg', 'process_fyjyprgp', 4, 'de73861f-3cc6-11f1-8b52-52284ac9a333', 'process_4.bpmn20.xml', 'process_4.process_fyjyprgp.png', NULL, 0, 1, 1, '', NULL, NULL, NULL, 0);

-- ----------------------------
-- Table structure for act_ru_actinst
-- ----------------------------
DROP TABLE IF EXISTS `act_ru_actinst`;
CREATE TABLE `act_ru_actinst`  (
  `ID_` varchar(64) CHARACTER SET utf8mb3 COLLATE utf8mb3_bin NOT NULL,
  `REV_` int NULL DEFAULT 1,
  `PROC_DEF_ID_` varchar(64) CHARACTER SET utf8mb3 COLLATE utf8mb3_bin NOT NULL,
  `PROC_INST_ID_` varchar(64) CHARACTER SET utf8mb3 COLLATE utf8mb3_bin NOT NULL,
  `EXECUTION_ID_` varchar(64) CHARACTER SET utf8mb3 COLLATE utf8mb3_bin NOT NULL,
  `ACT_ID_` varchar(255) CHARACTER SET utf8mb3 COLLATE utf8mb3_bin NOT NULL,
  `TASK_ID_` varchar(64) CHARACTER SET utf8mb3 COLLATE utf8mb3_bin NULL DEFAULT NULL,
  `CALL_PROC_INST_ID_` varchar(64) CHARACTER SET utf8mb3 COLLATE utf8mb3_bin NULL DEFAULT NULL,
  `ACT_NAME_` varchar(255) CHARACTER SET utf8mb3 COLLATE utf8mb3_bin NULL DEFAULT NULL,
  `ACT_TYPE_` varchar(255) CHARACTER SET utf8mb3 COLLATE utf8mb3_bin NOT NULL,
  `ASSIGNEE_` varchar(255) CHARACTER SET utf8mb3 COLLATE utf8mb3_bin NULL DEFAULT NULL,
  `START_TIME_` datetime(3) NOT NULL,
  `END_TIME_` datetime(3) NULL DEFAULT NULL,
  `DURATION_` bigint NULL DEFAULT NULL,
  `TRANSACTION_ORDER_` int NULL DEFAULT NULL,
  `DELETE_REASON_` varchar(4000) CHARACTER SET utf8mb3 COLLATE utf8mb3_bin NULL DEFAULT NULL,
  `TENANT_ID_` varchar(255) CHARACTER SET utf8mb3 COLLATE utf8mb3_bin NULL DEFAULT '',
  PRIMARY KEY (`ID_`) USING BTREE,
  INDEX `ACT_IDX_RU_ACTI_START`(`START_TIME_` ASC) USING BTREE,
  INDEX `ACT_IDX_RU_ACTI_END`(`END_TIME_` ASC) USING BTREE,
  INDEX `ACT_IDX_RU_ACTI_PROC`(`PROC_INST_ID_` ASC) USING BTREE,
  INDEX `ACT_IDX_RU_ACTI_PROC_ACT`(`PROC_INST_ID_` ASC, `ACT_ID_` ASC) USING BTREE,
  INDEX `ACT_IDX_RU_ACTI_EXEC`(`EXECUTION_ID_` ASC) USING BTREE,
  INDEX `ACT_IDX_RU_ACTI_EXEC_ACT`(`EXECUTION_ID_` ASC, `ACT_ID_` ASC) USING BTREE,
  INDEX `ACT_IDX_RU_ACTI_TASK`(`TASK_ID_` ASC) USING BTREE
) ENGINE = InnoDB CHARACTER SET = utf8mb3 COLLATE = utf8mb3_bin ROW_FORMAT = Dynamic;

-- ----------------------------
-- Records of act_ru_actinst
-- ----------------------------
INSERT INTO `act_ru_actinst` VALUES ('4d6e2183-3cbb-11f1-a4a9-52284ac9a333', 1, 'process_9iy341pn:1:898e5c57-3c04-11f1-82d8-52284ac9a333', '4d6e217d-3cbb-11f1-a4a9-52284ac9a333', '4d6e2182-3cbb-11f1-a4a9-52284ac9a333', 'startNode1', NULL, NULL, '开始', 'startEvent', NULL, '2026-04-20 21:17:38.081', '2026-04-20 21:17:38.081', 0, 1, NULL, '');
INSERT INTO `act_ru_actinst` VALUES ('4d6e2184-3cbb-11f1-a4a9-52284ac9a333', 1, 'process_9iy341pn:1:898e5c57-3c04-11f1-82d8-52284ac9a333', '4d6e217d-3cbb-11f1-a4a9-52284ac9a333', '4d6e2182-3cbb-11f1-a4a9-52284ac9a333', 'Flow_0oee6et', NULL, NULL, NULL, 'sequenceFlow', NULL, '2026-04-20 21:17:38.081', '2026-04-20 21:17:38.081', 0, 2, NULL, '');
INSERT INTO `act_ru_actinst` VALUES ('4d6e4895-3cbb-11f1-a4a9-52284ac9a333', 1, 'process_9iy341pn:1:898e5c57-3c04-11f1-82d8-52284ac9a333', '4d6e217d-3cbb-11f1-a4a9-52284ac9a333', '4d6e2182-3cbb-11f1-a4a9-52284ac9a333', 'Activity_13c76fj', '4d6e4896-3cbb-11f1-a4a9-52284ac9a333', NULL, '一级审批', 'userTask', '1', '2026-04-20 21:17:38.082', NULL, NULL, 3, NULL, '');
INSERT INTO `act_ru_actinst` VALUES ('65c363dd-3cbf-11f1-900c-52284ac9a333', 1, 'process_fyjyprgp:2:61f2458b-3c00-11f1-94b8-52284ac9a333', '65c22b57-3cbf-11f1-900c-52284ac9a333', '65c363dc-3cbf-11f1-900c-52284ac9a333', 'startNode1', NULL, NULL, '开始', 'startEvent', NULL, '2026-04-20 21:46:56.892', '2026-04-20 21:46:56.901', 9, 1, NULL, '');
INSERT INTO `act_ru_actinst` VALUES ('65c55fae-3cbf-11f1-900c-52284ac9a333', 1, 'process_fyjyprgp:2:61f2458b-3c00-11f1-94b8-52284ac9a333', '65c22b57-3cbf-11f1-900c-52284ac9a333', '65c363dc-3cbf-11f1-900c-52284ac9a333', 'Flow_0wz9lm7', NULL, NULL, NULL, 'sequenceFlow', NULL, '2026-04-20 21:46:56.905', '2026-04-20 21:46:56.905', 0, 2, NULL, '');
INSERT INTO `act_ru_actinst` VALUES ('65c55faf-3cbf-11f1-900c-52284ac9a333', 1, 'process_fyjyprgp:2:61f2458b-3c00-11f1-94b8-52284ac9a333', '65c22b57-3cbf-11f1-900c-52284ac9a333', '65c363dc-3cbf-11f1-900c-52284ac9a333', 'Activity_0coshjn', '65ce8770-3cbf-11f1-900c-52284ac9a333', NULL, '一级审批', 'userTask', '2', '2026-04-20 21:46:56.905', NULL, NULL, 3, NULL, '');

-- ----------------------------
-- Table structure for act_ru_deadletter_job
-- ----------------------------
DROP TABLE IF EXISTS `act_ru_deadletter_job`;
CREATE TABLE `act_ru_deadletter_job`  (
  `ID_` varchar(64) CHARACTER SET utf8mb3 COLLATE utf8mb3_bin NOT NULL,
  `REV_` int NULL DEFAULT NULL,
  `CATEGORY_` varchar(255) CHARACTER SET utf8mb3 COLLATE utf8mb3_bin NULL DEFAULT NULL,
  `TYPE_` varchar(255) CHARACTER SET utf8mb3 COLLATE utf8mb3_bin NOT NULL,
  `EXCLUSIVE_` tinyint(1) NULL DEFAULT NULL,
  `EXECUTION_ID_` varchar(64) CHARACTER SET utf8mb3 COLLATE utf8mb3_bin NULL DEFAULT NULL,
  `PROCESS_INSTANCE_ID_` varchar(64) CHARACTER SET utf8mb3 COLLATE utf8mb3_bin NULL DEFAULT NULL,
  `PROC_DEF_ID_` varchar(64) CHARACTER SET utf8mb3 COLLATE utf8mb3_bin NULL DEFAULT NULL,
  `ELEMENT_ID_` varchar(255) CHARACTER SET utf8mb3 COLLATE utf8mb3_bin NULL DEFAULT NULL,
  `ELEMENT_NAME_` varchar(255) CHARACTER SET utf8mb3 COLLATE utf8mb3_bin NULL DEFAULT NULL,
  `SCOPE_ID_` varchar(255) CHARACTER SET utf8mb3 COLLATE utf8mb3_bin NULL DEFAULT NULL,
  `SUB_SCOPE_ID_` varchar(255) CHARACTER SET utf8mb3 COLLATE utf8mb3_bin NULL DEFAULT NULL,
  `SCOPE_TYPE_` varchar(255) CHARACTER SET utf8mb3 COLLATE utf8mb3_bin NULL DEFAULT NULL,
  `SCOPE_DEFINITION_ID_` varchar(255) CHARACTER SET utf8mb3 COLLATE utf8mb3_bin NULL DEFAULT NULL,
  `CORRELATION_ID_` varchar(255) CHARACTER SET utf8mb3 COLLATE utf8mb3_bin NULL DEFAULT NULL,
  `EXCEPTION_STACK_ID_` varchar(64) CHARACTER SET utf8mb3 COLLATE utf8mb3_bin NULL DEFAULT NULL,
  `EXCEPTION_MSG_` varchar(4000) CHARACTER SET utf8mb3 COLLATE utf8mb3_bin NULL DEFAULT NULL,
  `DUEDATE_` timestamp(3) NULL DEFAULT NULL,
  `REPEAT_` varchar(255) CHARACTER SET utf8mb3 COLLATE utf8mb3_bin NULL DEFAULT NULL,
  `HANDLER_TYPE_` varchar(255) CHARACTER SET utf8mb3 COLLATE utf8mb3_bin NULL DEFAULT NULL,
  `HANDLER_CFG_` varchar(4000) CHARACTER SET utf8mb3 COLLATE utf8mb3_bin NULL DEFAULT NULL,
  `CUSTOM_VALUES_ID_` varchar(64) CHARACTER SET utf8mb3 COLLATE utf8mb3_bin NULL DEFAULT NULL,
  `CREATE_TIME_` timestamp(3) NULL DEFAULT NULL,
  `TENANT_ID_` varchar(255) CHARACTER SET utf8mb3 COLLATE utf8mb3_bin NULL DEFAULT '',
  PRIMARY KEY (`ID_`) USING BTREE,
  INDEX `ACT_IDX_DEADLETTER_JOB_EXCEPTION_STACK_ID`(`EXCEPTION_STACK_ID_` ASC) USING BTREE,
  INDEX `ACT_IDX_DEADLETTER_JOB_CUSTOM_VALUES_ID`(`CUSTOM_VALUES_ID_` ASC) USING BTREE,
  INDEX `ACT_IDX_DEADLETTER_JOB_CORRELATION_ID`(`CORRELATION_ID_` ASC) USING BTREE,
  INDEX `ACT_IDX_DJOB_SCOPE`(`SCOPE_ID_` ASC, `SCOPE_TYPE_` ASC) USING BTREE,
  INDEX `ACT_IDX_DJOB_SUB_SCOPE`(`SUB_SCOPE_ID_` ASC, `SCOPE_TYPE_` ASC) USING BTREE,
  INDEX `ACT_IDX_DJOB_SCOPE_DEF`(`SCOPE_DEFINITION_ID_` ASC, `SCOPE_TYPE_` ASC) USING BTREE,
  INDEX `ACT_FK_DEADLETTER_JOB_EXECUTION`(`EXECUTION_ID_` ASC) USING BTREE,
  INDEX `ACT_FK_DEADLETTER_JOB_PROCESS_INSTANCE`(`PROCESS_INSTANCE_ID_` ASC) USING BTREE,
  INDEX `ACT_FK_DEADLETTER_JOB_PROC_DEF`(`PROC_DEF_ID_` ASC) USING BTREE,
  CONSTRAINT `ACT_FK_DEADLETTER_JOB_CUSTOM_VALUES` FOREIGN KEY (`CUSTOM_VALUES_ID_`) REFERENCES `act_ge_bytearray` (`ID_`) ON DELETE RESTRICT ON UPDATE RESTRICT,
  CONSTRAINT `ACT_FK_DEADLETTER_JOB_EXCEPTION` FOREIGN KEY (`EXCEPTION_STACK_ID_`) REFERENCES `act_ge_bytearray` (`ID_`) ON DELETE RESTRICT ON UPDATE RESTRICT,
  CONSTRAINT `ACT_FK_DEADLETTER_JOB_EXECUTION` FOREIGN KEY (`EXECUTION_ID_`) REFERENCES `act_ru_execution` (`ID_`) ON DELETE RESTRICT ON UPDATE RESTRICT,
  CONSTRAINT `ACT_FK_DEADLETTER_JOB_PROC_DEF` FOREIGN KEY (`PROC_DEF_ID_`) REFERENCES `act_re_procdef` (`ID_`) ON DELETE RESTRICT ON UPDATE RESTRICT,
  CONSTRAINT `ACT_FK_DEADLETTER_JOB_PROCESS_INSTANCE` FOREIGN KEY (`PROCESS_INSTANCE_ID_`) REFERENCES `act_ru_execution` (`ID_`) ON DELETE RESTRICT ON UPDATE RESTRICT
) ENGINE = InnoDB CHARACTER SET = utf8mb3 COLLATE = utf8mb3_bin ROW_FORMAT = Dynamic;

-- ----------------------------
-- Records of act_ru_deadletter_job
-- ----------------------------

-- ----------------------------
-- Table structure for act_ru_entitylink
-- ----------------------------
DROP TABLE IF EXISTS `act_ru_entitylink`;
CREATE TABLE `act_ru_entitylink`  (
  `ID_` varchar(64) CHARACTER SET utf8mb3 COLLATE utf8mb3_bin NOT NULL,
  `REV_` int NULL DEFAULT NULL,
  `CREATE_TIME_` datetime(3) NULL DEFAULT NULL,
  `LINK_TYPE_` varchar(255) CHARACTER SET utf8mb3 COLLATE utf8mb3_bin NULL DEFAULT NULL,
  `SCOPE_ID_` varchar(255) CHARACTER SET utf8mb3 COLLATE utf8mb3_bin NULL DEFAULT NULL,
  `SUB_SCOPE_ID_` varchar(255) CHARACTER SET utf8mb3 COLLATE utf8mb3_bin NULL DEFAULT NULL,
  `SCOPE_TYPE_` varchar(255) CHARACTER SET utf8mb3 COLLATE utf8mb3_bin NULL DEFAULT NULL,
  `SCOPE_DEFINITION_ID_` varchar(255) CHARACTER SET utf8mb3 COLLATE utf8mb3_bin NULL DEFAULT NULL,
  `PARENT_ELEMENT_ID_` varchar(255) CHARACTER SET utf8mb3 COLLATE utf8mb3_bin NULL DEFAULT NULL,
  `REF_SCOPE_ID_` varchar(255) CHARACTER SET utf8mb3 COLLATE utf8mb3_bin NULL DEFAULT NULL,
  `REF_SCOPE_TYPE_` varchar(255) CHARACTER SET utf8mb3 COLLATE utf8mb3_bin NULL DEFAULT NULL,
  `REF_SCOPE_DEFINITION_ID_` varchar(255) CHARACTER SET utf8mb3 COLLATE utf8mb3_bin NULL DEFAULT NULL,
  `ROOT_SCOPE_ID_` varchar(255) CHARACTER SET utf8mb3 COLLATE utf8mb3_bin NULL DEFAULT NULL,
  `ROOT_SCOPE_TYPE_` varchar(255) CHARACTER SET utf8mb3 COLLATE utf8mb3_bin NULL DEFAULT NULL,
  `HIERARCHY_TYPE_` varchar(255) CHARACTER SET utf8mb3 COLLATE utf8mb3_bin NULL DEFAULT NULL,
  PRIMARY KEY (`ID_`) USING BTREE,
  INDEX `ACT_IDX_ENT_LNK_SCOPE`(`SCOPE_ID_` ASC, `SCOPE_TYPE_` ASC, `LINK_TYPE_` ASC) USING BTREE,
  INDEX `ACT_IDX_ENT_LNK_REF_SCOPE`(`REF_SCOPE_ID_` ASC, `REF_SCOPE_TYPE_` ASC, `LINK_TYPE_` ASC) USING BTREE,
  INDEX `ACT_IDX_ENT_LNK_ROOT_SCOPE`(`ROOT_SCOPE_ID_` ASC, `ROOT_SCOPE_TYPE_` ASC, `LINK_TYPE_` ASC) USING BTREE,
  INDEX `ACT_IDX_ENT_LNK_SCOPE_DEF`(`SCOPE_DEFINITION_ID_` ASC, `SCOPE_TYPE_` ASC, `LINK_TYPE_` ASC) USING BTREE
) ENGINE = InnoDB CHARACTER SET = utf8mb3 COLLATE = utf8mb3_bin ROW_FORMAT = Dynamic;

-- ----------------------------
-- Records of act_ru_entitylink
-- ----------------------------

-- ----------------------------
-- Table structure for act_ru_event_subscr
-- ----------------------------
DROP TABLE IF EXISTS `act_ru_event_subscr`;
CREATE TABLE `act_ru_event_subscr`  (
  `ID_` varchar(64) CHARACTER SET utf8mb3 COLLATE utf8mb3_bin NOT NULL,
  `REV_` int NULL DEFAULT NULL,
  `EVENT_TYPE_` varchar(255) CHARACTER SET utf8mb3 COLLATE utf8mb3_bin NOT NULL,
  `EVENT_NAME_` varchar(255) CHARACTER SET utf8mb3 COLLATE utf8mb3_bin NULL DEFAULT NULL,
  `EXECUTION_ID_` varchar(64) CHARACTER SET utf8mb3 COLLATE utf8mb3_bin NULL DEFAULT NULL,
  `PROC_INST_ID_` varchar(64) CHARACTER SET utf8mb3 COLLATE utf8mb3_bin NULL DEFAULT NULL,
  `ACTIVITY_ID_` varchar(64) CHARACTER SET utf8mb3 COLLATE utf8mb3_bin NULL DEFAULT NULL,
  `CONFIGURATION_` varchar(255) CHARACTER SET utf8mb3 COLLATE utf8mb3_bin NULL DEFAULT NULL,
  `CREATED_` timestamp(3) NOT NULL DEFAULT CURRENT_TIMESTAMP(3),
  `PROC_DEF_ID_` varchar(64) CHARACTER SET utf8mb3 COLLATE utf8mb3_bin NULL DEFAULT NULL,
  `SUB_SCOPE_ID_` varchar(64) CHARACTER SET utf8mb3 COLLATE utf8mb3_bin NULL DEFAULT NULL,
  `SCOPE_ID_` varchar(64) CHARACTER SET utf8mb3 COLLATE utf8mb3_bin NULL DEFAULT NULL,
  `SCOPE_DEFINITION_ID_` varchar(64) CHARACTER SET utf8mb3 COLLATE utf8mb3_bin NULL DEFAULT NULL,
  `SCOPE_TYPE_` varchar(64) CHARACTER SET utf8mb3 COLLATE utf8mb3_bin NULL DEFAULT NULL,
  `LOCK_TIME_` timestamp(3) NULL DEFAULT NULL,
  `LOCK_OWNER_` varchar(255) CHARACTER SET utf8mb3 COLLATE utf8mb3_bin NULL DEFAULT NULL,
  `TENANT_ID_` varchar(255) CHARACTER SET utf8mb3 COLLATE utf8mb3_bin NULL DEFAULT '',
  PRIMARY KEY (`ID_`) USING BTREE,
  INDEX `ACT_IDX_EVENT_SUBSCR_CONFIG_`(`CONFIGURATION_` ASC) USING BTREE,
  INDEX `ACT_IDX_EVENT_SUBSCR_SCOPEREF_`(`SCOPE_ID_` ASC, `SCOPE_TYPE_` ASC) USING BTREE,
  INDEX `ACT_FK_EVENT_EXEC`(`EXECUTION_ID_` ASC) USING BTREE,
  CONSTRAINT `ACT_FK_EVENT_EXEC` FOREIGN KEY (`EXECUTION_ID_`) REFERENCES `act_ru_execution` (`ID_`) ON DELETE RESTRICT ON UPDATE RESTRICT
) ENGINE = InnoDB CHARACTER SET = utf8mb3 COLLATE = utf8mb3_bin ROW_FORMAT = Dynamic;

-- ----------------------------
-- Records of act_ru_event_subscr
-- ----------------------------

-- ----------------------------
-- Table structure for act_ru_execution
-- ----------------------------
DROP TABLE IF EXISTS `act_ru_execution`;
CREATE TABLE `act_ru_execution`  (
  `ID_` varchar(64) CHARACTER SET utf8mb3 COLLATE utf8mb3_bin NOT NULL,
  `REV_` int NULL DEFAULT NULL,
  `PROC_INST_ID_` varchar(64) CHARACTER SET utf8mb3 COLLATE utf8mb3_bin NULL DEFAULT NULL,
  `BUSINESS_KEY_` varchar(255) CHARACTER SET utf8mb3 COLLATE utf8mb3_bin NULL DEFAULT NULL,
  `PARENT_ID_` varchar(64) CHARACTER SET utf8mb3 COLLATE utf8mb3_bin NULL DEFAULT NULL,
  `PROC_DEF_ID_` varchar(64) CHARACTER SET utf8mb3 COLLATE utf8mb3_bin NULL DEFAULT NULL,
  `SUPER_EXEC_` varchar(64) CHARACTER SET utf8mb3 COLLATE utf8mb3_bin NULL DEFAULT NULL,
  `ROOT_PROC_INST_ID_` varchar(64) CHARACTER SET utf8mb3 COLLATE utf8mb3_bin NULL DEFAULT NULL,
  `ACT_ID_` varchar(255) CHARACTER SET utf8mb3 COLLATE utf8mb3_bin NULL DEFAULT NULL,
  `IS_ACTIVE_` tinyint NULL DEFAULT NULL,
  `IS_CONCURRENT_` tinyint NULL DEFAULT NULL,
  `IS_SCOPE_` tinyint NULL DEFAULT NULL,
  `IS_EVENT_SCOPE_` tinyint NULL DEFAULT NULL,
  `IS_MI_ROOT_` tinyint NULL DEFAULT NULL,
  `SUSPENSION_STATE_` int NULL DEFAULT NULL,
  `CACHED_ENT_STATE_` int NULL DEFAULT NULL,
  `TENANT_ID_` varchar(255) CHARACTER SET utf8mb3 COLLATE utf8mb3_bin NULL DEFAULT '',
  `NAME_` varchar(255) CHARACTER SET utf8mb3 COLLATE utf8mb3_bin NULL DEFAULT NULL,
  `START_ACT_ID_` varchar(255) CHARACTER SET utf8mb3 COLLATE utf8mb3_bin NULL DEFAULT NULL,
  `START_TIME_` datetime(3) NULL DEFAULT NULL,
  `START_USER_ID_` varchar(255) CHARACTER SET utf8mb3 COLLATE utf8mb3_bin NULL DEFAULT NULL,
  `LOCK_TIME_` timestamp(3) NULL DEFAULT NULL,
  `LOCK_OWNER_` varchar(255) CHARACTER SET utf8mb3 COLLATE utf8mb3_bin NULL DEFAULT NULL,
  `IS_COUNT_ENABLED_` tinyint NULL DEFAULT NULL,
  `EVT_SUBSCR_COUNT_` int NULL DEFAULT NULL,
  `TASK_COUNT_` int NULL DEFAULT NULL,
  `JOB_COUNT_` int NULL DEFAULT NULL,
  `TIMER_JOB_COUNT_` int NULL DEFAULT NULL,
  `SUSP_JOB_COUNT_` int NULL DEFAULT NULL,
  `DEADLETTER_JOB_COUNT_` int NULL DEFAULT NULL,
  `EXTERNAL_WORKER_JOB_COUNT_` int NULL DEFAULT NULL,
  `VAR_COUNT_` int NULL DEFAULT NULL,
  `ID_LINK_COUNT_` int NULL DEFAULT NULL,
  `CALLBACK_ID_` varchar(255) CHARACTER SET utf8mb3 COLLATE utf8mb3_bin NULL DEFAULT NULL,
  `CALLBACK_TYPE_` varchar(255) CHARACTER SET utf8mb3 COLLATE utf8mb3_bin NULL DEFAULT NULL,
  `REFERENCE_ID_` varchar(255) CHARACTER SET utf8mb3 COLLATE utf8mb3_bin NULL DEFAULT NULL,
  `REFERENCE_TYPE_` varchar(255) CHARACTER SET utf8mb3 COLLATE utf8mb3_bin NULL DEFAULT NULL,
  `PROPAGATED_STAGE_INST_ID_` varchar(255) CHARACTER SET utf8mb3 COLLATE utf8mb3_bin NULL DEFAULT NULL,
  `BUSINESS_STATUS_` varchar(255) CHARACTER SET utf8mb3 COLLATE utf8mb3_bin NULL DEFAULT NULL,
  PRIMARY KEY (`ID_`) USING BTREE,
  INDEX `ACT_IDX_EXEC_BUSKEY`(`BUSINESS_KEY_` ASC) USING BTREE,
  INDEX `ACT_IDC_EXEC_ROOT`(`ROOT_PROC_INST_ID_` ASC) USING BTREE,
  INDEX `ACT_IDX_EXEC_REF_ID_`(`REFERENCE_ID_` ASC) USING BTREE,
  INDEX `ACT_FK_EXE_PROCINST`(`PROC_INST_ID_` ASC) USING BTREE,
  INDEX `ACT_FK_EXE_PARENT`(`PARENT_ID_` ASC) USING BTREE,
  INDEX `ACT_FK_EXE_SUPER`(`SUPER_EXEC_` ASC) USING BTREE,
  INDEX `ACT_FK_EXE_PROCDEF`(`PROC_DEF_ID_` ASC) USING BTREE,
  CONSTRAINT `ACT_FK_EXE_PARENT` FOREIGN KEY (`PARENT_ID_`) REFERENCES `act_ru_execution` (`ID_`) ON DELETE CASCADE ON UPDATE RESTRICT,
  CONSTRAINT `ACT_FK_EXE_PROCDEF` FOREIGN KEY (`PROC_DEF_ID_`) REFERENCES `act_re_procdef` (`ID_`) ON DELETE RESTRICT ON UPDATE RESTRICT,
  CONSTRAINT `ACT_FK_EXE_PROCINST` FOREIGN KEY (`PROC_INST_ID_`) REFERENCES `act_ru_execution` (`ID_`) ON DELETE CASCADE ON UPDATE CASCADE,
  CONSTRAINT `ACT_FK_EXE_SUPER` FOREIGN KEY (`SUPER_EXEC_`) REFERENCES `act_ru_execution` (`ID_`) ON DELETE CASCADE ON UPDATE RESTRICT
) ENGINE = InnoDB CHARACTER SET = utf8mb3 COLLATE = utf8mb3_bin ROW_FORMAT = Dynamic;

-- ----------------------------
-- Records of act_ru_execution
-- ----------------------------
INSERT INTO `act_ru_execution` VALUES ('4d6e217d-3cbb-11f1-a4a9-52284ac9a333', 1, '4d6e217d-3cbb-11f1-a4a9-52284ac9a333', 'bfab9102a4124edbab37ca25ea40cdaa', NULL, 'process_9iy341pn:1:898e5c57-3c04-11f1-82d8-52284ac9a333', NULL, '4d6e217d-3cbb-11f1-a4a9-52284ac9a333', NULL, 1, 0, 1, 0, 0, 1, NULL, '', NULL, 'startNode1', '2026-04-20 21:17:38.081', NULL, NULL, NULL, 1, 0, 0, 0, 0, 0, 0, 0, 0, 0, NULL, NULL, NULL, NULL, NULL, NULL);
INSERT INTO `act_ru_execution` VALUES ('4d6e2182-3cbb-11f1-a4a9-52284ac9a333', 1, '4d6e217d-3cbb-11f1-a4a9-52284ac9a333', NULL, '4d6e217d-3cbb-11f1-a4a9-52284ac9a333', 'process_9iy341pn:1:898e5c57-3c04-11f1-82d8-52284ac9a333', NULL, '4d6e217d-3cbb-11f1-a4a9-52284ac9a333', 'Activity_13c76fj', 1, 0, 0, 0, 0, 1, NULL, '', NULL, NULL, '2026-04-20 21:17:38.081', NULL, NULL, NULL, 1, 0, 1, 0, 0, 0, 0, 0, 0, 0, NULL, NULL, NULL, NULL, NULL, NULL);
INSERT INTO `act_ru_execution` VALUES ('65c22b57-3cbf-11f1-900c-52284ac9a333', 1, '65c22b57-3cbf-11f1-900c-52284ac9a333', '45dde0c5c05843c18f3b71a6b547eab3', NULL, 'process_fyjyprgp:2:61f2458b-3c00-11f1-94b8-52284ac9a333', NULL, '65c22b57-3cbf-11f1-900c-52284ac9a333', NULL, 1, 0, 1, 0, 0, 1, NULL, '', NULL, 'startNode1', '2026-04-20 21:46:56.884', NULL, NULL, NULL, 1, 0, 0, 0, 0, 0, 0, 0, 0, 0, NULL, NULL, NULL, NULL, NULL, NULL);
INSERT INTO `act_ru_execution` VALUES ('65c363dc-3cbf-11f1-900c-52284ac9a333', 1, '65c22b57-3cbf-11f1-900c-52284ac9a333', NULL, '65c22b57-3cbf-11f1-900c-52284ac9a333', 'process_fyjyprgp:2:61f2458b-3c00-11f1-94b8-52284ac9a333', NULL, '65c22b57-3cbf-11f1-900c-52284ac9a333', 'Activity_0coshjn', 1, 0, 0, 0, 0, 1, NULL, '', NULL, NULL, '2026-04-20 21:46:56.892', NULL, NULL, NULL, 1, 0, 1, 0, 0, 0, 0, 0, 0, 0, NULL, NULL, NULL, NULL, NULL, NULL);

-- ----------------------------
-- Table structure for act_ru_external_job
-- ----------------------------
DROP TABLE IF EXISTS `act_ru_external_job`;
CREATE TABLE `act_ru_external_job`  (
  `ID_` varchar(64) CHARACTER SET utf8mb3 COLLATE utf8mb3_bin NOT NULL,
  `REV_` int NULL DEFAULT NULL,
  `CATEGORY_` varchar(255) CHARACTER SET utf8mb3 COLLATE utf8mb3_bin NULL DEFAULT NULL,
  `TYPE_` varchar(255) CHARACTER SET utf8mb3 COLLATE utf8mb3_bin NOT NULL,
  `LOCK_EXP_TIME_` timestamp(3) NULL DEFAULT NULL,
  `LOCK_OWNER_` varchar(255) CHARACTER SET utf8mb3 COLLATE utf8mb3_bin NULL DEFAULT NULL,
  `EXCLUSIVE_` tinyint(1) NULL DEFAULT NULL,
  `EXECUTION_ID_` varchar(64) CHARACTER SET utf8mb3 COLLATE utf8mb3_bin NULL DEFAULT NULL,
  `PROCESS_INSTANCE_ID_` varchar(64) CHARACTER SET utf8mb3 COLLATE utf8mb3_bin NULL DEFAULT NULL,
  `PROC_DEF_ID_` varchar(64) CHARACTER SET utf8mb3 COLLATE utf8mb3_bin NULL DEFAULT NULL,
  `ELEMENT_ID_` varchar(255) CHARACTER SET utf8mb3 COLLATE utf8mb3_bin NULL DEFAULT NULL,
  `ELEMENT_NAME_` varchar(255) CHARACTER SET utf8mb3 COLLATE utf8mb3_bin NULL DEFAULT NULL,
  `SCOPE_ID_` varchar(255) CHARACTER SET utf8mb3 COLLATE utf8mb3_bin NULL DEFAULT NULL,
  `SUB_SCOPE_ID_` varchar(255) CHARACTER SET utf8mb3 COLLATE utf8mb3_bin NULL DEFAULT NULL,
  `SCOPE_TYPE_` varchar(255) CHARACTER SET utf8mb3 COLLATE utf8mb3_bin NULL DEFAULT NULL,
  `SCOPE_DEFINITION_ID_` varchar(255) CHARACTER SET utf8mb3 COLLATE utf8mb3_bin NULL DEFAULT NULL,
  `CORRELATION_ID_` varchar(255) CHARACTER SET utf8mb3 COLLATE utf8mb3_bin NULL DEFAULT NULL,
  `RETRIES_` int NULL DEFAULT NULL,
  `EXCEPTION_STACK_ID_` varchar(64) CHARACTER SET utf8mb3 COLLATE utf8mb3_bin NULL DEFAULT NULL,
  `EXCEPTION_MSG_` varchar(4000) CHARACTER SET utf8mb3 COLLATE utf8mb3_bin NULL DEFAULT NULL,
  `DUEDATE_` timestamp(3) NULL DEFAULT NULL,
  `REPEAT_` varchar(255) CHARACTER SET utf8mb3 COLLATE utf8mb3_bin NULL DEFAULT NULL,
  `HANDLER_TYPE_` varchar(255) CHARACTER SET utf8mb3 COLLATE utf8mb3_bin NULL DEFAULT NULL,
  `HANDLER_CFG_` varchar(4000) CHARACTER SET utf8mb3 COLLATE utf8mb3_bin NULL DEFAULT NULL,
  `CUSTOM_VALUES_ID_` varchar(64) CHARACTER SET utf8mb3 COLLATE utf8mb3_bin NULL DEFAULT NULL,
  `CREATE_TIME_` timestamp(3) NULL DEFAULT NULL,
  `TENANT_ID_` varchar(255) CHARACTER SET utf8mb3 COLLATE utf8mb3_bin NULL DEFAULT '',
  PRIMARY KEY (`ID_`) USING BTREE,
  INDEX `ACT_IDX_EXTERNAL_JOB_EXCEPTION_STACK_ID`(`EXCEPTION_STACK_ID_` ASC) USING BTREE,
  INDEX `ACT_IDX_EXTERNAL_JOB_CUSTOM_VALUES_ID`(`CUSTOM_VALUES_ID_` ASC) USING BTREE,
  INDEX `ACT_IDX_EXTERNAL_JOB_CORRELATION_ID`(`CORRELATION_ID_` ASC) USING BTREE,
  INDEX `ACT_IDX_EJOB_SCOPE`(`SCOPE_ID_` ASC, `SCOPE_TYPE_` ASC) USING BTREE,
  INDEX `ACT_IDX_EJOB_SUB_SCOPE`(`SUB_SCOPE_ID_` ASC, `SCOPE_TYPE_` ASC) USING BTREE,
  INDEX `ACT_IDX_EJOB_SCOPE_DEF`(`SCOPE_DEFINITION_ID_` ASC, `SCOPE_TYPE_` ASC) USING BTREE,
  CONSTRAINT `ACT_FK_EXTERNAL_JOB_CUSTOM_VALUES` FOREIGN KEY (`CUSTOM_VALUES_ID_`) REFERENCES `act_ge_bytearray` (`ID_`) ON DELETE RESTRICT ON UPDATE RESTRICT,
  CONSTRAINT `ACT_FK_EXTERNAL_JOB_EXCEPTION` FOREIGN KEY (`EXCEPTION_STACK_ID_`) REFERENCES `act_ge_bytearray` (`ID_`) ON DELETE RESTRICT ON UPDATE RESTRICT
) ENGINE = InnoDB CHARACTER SET = utf8mb3 COLLATE = utf8mb3_bin ROW_FORMAT = Dynamic;

-- ----------------------------
-- Records of act_ru_external_job
-- ----------------------------

-- ----------------------------
-- Table structure for act_ru_history_job
-- ----------------------------
DROP TABLE IF EXISTS `act_ru_history_job`;
CREATE TABLE `act_ru_history_job`  (
  `ID_` varchar(64) CHARACTER SET utf8mb3 COLLATE utf8mb3_bin NOT NULL,
  `REV_` int NULL DEFAULT NULL,
  `LOCK_EXP_TIME_` timestamp(3) NULL DEFAULT NULL,
  `LOCK_OWNER_` varchar(255) CHARACTER SET utf8mb3 COLLATE utf8mb3_bin NULL DEFAULT NULL,
  `RETRIES_` int NULL DEFAULT NULL,
  `EXCEPTION_STACK_ID_` varchar(64) CHARACTER SET utf8mb3 COLLATE utf8mb3_bin NULL DEFAULT NULL,
  `EXCEPTION_MSG_` varchar(4000) CHARACTER SET utf8mb3 COLLATE utf8mb3_bin NULL DEFAULT NULL,
  `HANDLER_TYPE_` varchar(255) CHARACTER SET utf8mb3 COLLATE utf8mb3_bin NULL DEFAULT NULL,
  `HANDLER_CFG_` varchar(4000) CHARACTER SET utf8mb3 COLLATE utf8mb3_bin NULL DEFAULT NULL,
  `CUSTOM_VALUES_ID_` varchar(64) CHARACTER SET utf8mb3 COLLATE utf8mb3_bin NULL DEFAULT NULL,
  `ADV_HANDLER_CFG_ID_` varchar(64) CHARACTER SET utf8mb3 COLLATE utf8mb3_bin NULL DEFAULT NULL,
  `CREATE_TIME_` timestamp(3) NULL DEFAULT NULL,
  `SCOPE_TYPE_` varchar(255) CHARACTER SET utf8mb3 COLLATE utf8mb3_bin NULL DEFAULT NULL,
  `TENANT_ID_` varchar(255) CHARACTER SET utf8mb3 COLLATE utf8mb3_bin NULL DEFAULT '',
  PRIMARY KEY (`ID_`) USING BTREE
) ENGINE = InnoDB CHARACTER SET = utf8mb3 COLLATE = utf8mb3_bin ROW_FORMAT = Dynamic;

-- ----------------------------
-- Records of act_ru_history_job
-- ----------------------------

-- ----------------------------
-- Table structure for act_ru_identitylink
-- ----------------------------
DROP TABLE IF EXISTS `act_ru_identitylink`;
CREATE TABLE `act_ru_identitylink`  (
  `ID_` varchar(64) CHARACTER SET utf8mb3 COLLATE utf8mb3_bin NOT NULL,
  `REV_` int NULL DEFAULT NULL,
  `GROUP_ID_` varchar(255) CHARACTER SET utf8mb3 COLLATE utf8mb3_bin NULL DEFAULT NULL,
  `TYPE_` varchar(255) CHARACTER SET utf8mb3 COLLATE utf8mb3_bin NULL DEFAULT NULL,
  `USER_ID_` varchar(255) CHARACTER SET utf8mb3 COLLATE utf8mb3_bin NULL DEFAULT NULL,
  `TASK_ID_` varchar(64) CHARACTER SET utf8mb3 COLLATE utf8mb3_bin NULL DEFAULT NULL,
  `PROC_INST_ID_` varchar(64) CHARACTER SET utf8mb3 COLLATE utf8mb3_bin NULL DEFAULT NULL,
  `PROC_DEF_ID_` varchar(64) CHARACTER SET utf8mb3 COLLATE utf8mb3_bin NULL DEFAULT NULL,
  `SCOPE_ID_` varchar(255) CHARACTER SET utf8mb3 COLLATE utf8mb3_bin NULL DEFAULT NULL,
  `SUB_SCOPE_ID_` varchar(255) CHARACTER SET utf8mb3 COLLATE utf8mb3_bin NULL DEFAULT NULL,
  `SCOPE_TYPE_` varchar(255) CHARACTER SET utf8mb3 COLLATE utf8mb3_bin NULL DEFAULT NULL,
  `SCOPE_DEFINITION_ID_` varchar(255) CHARACTER SET utf8mb3 COLLATE utf8mb3_bin NULL DEFAULT NULL,
  PRIMARY KEY (`ID_`) USING BTREE,
  INDEX `ACT_IDX_IDENT_LNK_USER`(`USER_ID_` ASC) USING BTREE,
  INDEX `ACT_IDX_IDENT_LNK_GROUP`(`GROUP_ID_` ASC) USING BTREE,
  INDEX `ACT_IDX_IDENT_LNK_SCOPE`(`SCOPE_ID_` ASC, `SCOPE_TYPE_` ASC) USING BTREE,
  INDEX `ACT_IDX_IDENT_LNK_SUB_SCOPE`(`SUB_SCOPE_ID_` ASC, `SCOPE_TYPE_` ASC) USING BTREE,
  INDEX `ACT_IDX_IDENT_LNK_SCOPE_DEF`(`SCOPE_DEFINITION_ID_` ASC, `SCOPE_TYPE_` ASC) USING BTREE,
  INDEX `ACT_IDX_ATHRZ_PROCEDEF`(`PROC_DEF_ID_` ASC) USING BTREE,
  INDEX `ACT_FK_TSKASS_TASK`(`TASK_ID_` ASC) USING BTREE,
  INDEX `ACT_FK_IDL_PROCINST`(`PROC_INST_ID_` ASC) USING BTREE,
  CONSTRAINT `ACT_FK_ATHRZ_PROCEDEF` FOREIGN KEY (`PROC_DEF_ID_`) REFERENCES `act_re_procdef` (`ID_`) ON DELETE RESTRICT ON UPDATE RESTRICT,
  CONSTRAINT `ACT_FK_IDL_PROCINST` FOREIGN KEY (`PROC_INST_ID_`) REFERENCES `act_ru_execution` (`ID_`) ON DELETE RESTRICT ON UPDATE RESTRICT,
  CONSTRAINT `ACT_FK_TSKASS_TASK` FOREIGN KEY (`TASK_ID_`) REFERENCES `act_ru_task` (`ID_`) ON DELETE RESTRICT ON UPDATE RESTRICT
) ENGINE = InnoDB CHARACTER SET = utf8mb3 COLLATE = utf8mb3_bin ROW_FORMAT = Dynamic;

-- ----------------------------
-- Records of act_ru_identitylink
-- ----------------------------
INSERT INTO `act_ru_identitylink` VALUES ('4d6e4898-3cbb-11f1-a4a9-52284ac9a333', 1, NULL, 'participant', '1', NULL, '4d6e217d-3cbb-11f1-a4a9-52284ac9a333', NULL, NULL, NULL, NULL, NULL);
INSERT INTO `act_ru_identitylink` VALUES ('65cf23b2-3cbf-11f1-900c-52284ac9a333', 1, NULL, 'participant', '2', NULL, '65c22b57-3cbf-11f1-900c-52284ac9a333', NULL, NULL, NULL, NULL, NULL);

-- ----------------------------
-- Table structure for act_ru_job
-- ----------------------------
DROP TABLE IF EXISTS `act_ru_job`;
CREATE TABLE `act_ru_job`  (
  `ID_` varchar(64) CHARACTER SET utf8mb3 COLLATE utf8mb3_bin NOT NULL,
  `REV_` int NULL DEFAULT NULL,
  `CATEGORY_` varchar(255) CHARACTER SET utf8mb3 COLLATE utf8mb3_bin NULL DEFAULT NULL,
  `TYPE_` varchar(255) CHARACTER SET utf8mb3 COLLATE utf8mb3_bin NOT NULL,
  `LOCK_EXP_TIME_` timestamp(3) NULL DEFAULT NULL,
  `LOCK_OWNER_` varchar(255) CHARACTER SET utf8mb3 COLLATE utf8mb3_bin NULL DEFAULT NULL,
  `EXCLUSIVE_` tinyint(1) NULL DEFAULT NULL,
  `EXECUTION_ID_` varchar(64) CHARACTER SET utf8mb3 COLLATE utf8mb3_bin NULL DEFAULT NULL,
  `PROCESS_INSTANCE_ID_` varchar(64) CHARACTER SET utf8mb3 COLLATE utf8mb3_bin NULL DEFAULT NULL,
  `PROC_DEF_ID_` varchar(64) CHARACTER SET utf8mb3 COLLATE utf8mb3_bin NULL DEFAULT NULL,
  `ELEMENT_ID_` varchar(255) CHARACTER SET utf8mb3 COLLATE utf8mb3_bin NULL DEFAULT NULL,
  `ELEMENT_NAME_` varchar(255) CHARACTER SET utf8mb3 COLLATE utf8mb3_bin NULL DEFAULT NULL,
  `SCOPE_ID_` varchar(255) CHARACTER SET utf8mb3 COLLATE utf8mb3_bin NULL DEFAULT NULL,
  `SUB_SCOPE_ID_` varchar(255) CHARACTER SET utf8mb3 COLLATE utf8mb3_bin NULL DEFAULT NULL,
  `SCOPE_TYPE_` varchar(255) CHARACTER SET utf8mb3 COLLATE utf8mb3_bin NULL DEFAULT NULL,
  `SCOPE_DEFINITION_ID_` varchar(255) CHARACTER SET utf8mb3 COLLATE utf8mb3_bin NULL DEFAULT NULL,
  `CORRELATION_ID_` varchar(255) CHARACTER SET utf8mb3 COLLATE utf8mb3_bin NULL DEFAULT NULL,
  `RETRIES_` int NULL DEFAULT NULL,
  `EXCEPTION_STACK_ID_` varchar(64) CHARACTER SET utf8mb3 COLLATE utf8mb3_bin NULL DEFAULT NULL,
  `EXCEPTION_MSG_` varchar(4000) CHARACTER SET utf8mb3 COLLATE utf8mb3_bin NULL DEFAULT NULL,
  `DUEDATE_` timestamp(3) NULL DEFAULT NULL,
  `REPEAT_` varchar(255) CHARACTER SET utf8mb3 COLLATE utf8mb3_bin NULL DEFAULT NULL,
  `HANDLER_TYPE_` varchar(255) CHARACTER SET utf8mb3 COLLATE utf8mb3_bin NULL DEFAULT NULL,
  `HANDLER_CFG_` varchar(4000) CHARACTER SET utf8mb3 COLLATE utf8mb3_bin NULL DEFAULT NULL,
  `CUSTOM_VALUES_ID_` varchar(64) CHARACTER SET utf8mb3 COLLATE utf8mb3_bin NULL DEFAULT NULL,
  `CREATE_TIME_` timestamp(3) NULL DEFAULT NULL,
  `TENANT_ID_` varchar(255) CHARACTER SET utf8mb3 COLLATE utf8mb3_bin NULL DEFAULT '',
  PRIMARY KEY (`ID_`) USING BTREE,
  INDEX `ACT_IDX_JOB_EXCEPTION_STACK_ID`(`EXCEPTION_STACK_ID_` ASC) USING BTREE,
  INDEX `ACT_IDX_JOB_CUSTOM_VALUES_ID`(`CUSTOM_VALUES_ID_` ASC) USING BTREE,
  INDEX `ACT_IDX_JOB_CORRELATION_ID`(`CORRELATION_ID_` ASC) USING BTREE,
  INDEX `ACT_IDX_JOB_SCOPE`(`SCOPE_ID_` ASC, `SCOPE_TYPE_` ASC) USING BTREE,
  INDEX `ACT_IDX_JOB_SUB_SCOPE`(`SUB_SCOPE_ID_` ASC, `SCOPE_TYPE_` ASC) USING BTREE,
  INDEX `ACT_IDX_JOB_SCOPE_DEF`(`SCOPE_DEFINITION_ID_` ASC, `SCOPE_TYPE_` ASC) USING BTREE,
  INDEX `ACT_FK_JOB_EXECUTION`(`EXECUTION_ID_` ASC) USING BTREE,
  INDEX `ACT_FK_JOB_PROCESS_INSTANCE`(`PROCESS_INSTANCE_ID_` ASC) USING BTREE,
  INDEX `ACT_FK_JOB_PROC_DEF`(`PROC_DEF_ID_` ASC) USING BTREE,
  CONSTRAINT `ACT_FK_JOB_CUSTOM_VALUES` FOREIGN KEY (`CUSTOM_VALUES_ID_`) REFERENCES `act_ge_bytearray` (`ID_`) ON DELETE RESTRICT ON UPDATE RESTRICT,
  CONSTRAINT `ACT_FK_JOB_EXCEPTION` FOREIGN KEY (`EXCEPTION_STACK_ID_`) REFERENCES `act_ge_bytearray` (`ID_`) ON DELETE RESTRICT ON UPDATE RESTRICT,
  CONSTRAINT `ACT_FK_JOB_EXECUTION` FOREIGN KEY (`EXECUTION_ID_`) REFERENCES `act_ru_execution` (`ID_`) ON DELETE RESTRICT ON UPDATE RESTRICT,
  CONSTRAINT `ACT_FK_JOB_PROC_DEF` FOREIGN KEY (`PROC_DEF_ID_`) REFERENCES `act_re_procdef` (`ID_`) ON DELETE RESTRICT ON UPDATE RESTRICT,
  CONSTRAINT `ACT_FK_JOB_PROCESS_INSTANCE` FOREIGN KEY (`PROCESS_INSTANCE_ID_`) REFERENCES `act_ru_execution` (`ID_`) ON DELETE RESTRICT ON UPDATE RESTRICT
) ENGINE = InnoDB CHARACTER SET = utf8mb3 COLLATE = utf8mb3_bin ROW_FORMAT = Dynamic;

-- ----------------------------
-- Records of act_ru_job
-- ----------------------------

-- ----------------------------
-- Table structure for act_ru_suspended_job
-- ----------------------------
DROP TABLE IF EXISTS `act_ru_suspended_job`;
CREATE TABLE `act_ru_suspended_job`  (
  `ID_` varchar(64) CHARACTER SET utf8mb3 COLLATE utf8mb3_bin NOT NULL,
  `REV_` int NULL DEFAULT NULL,
  `CATEGORY_` varchar(255) CHARACTER SET utf8mb3 COLLATE utf8mb3_bin NULL DEFAULT NULL,
  `TYPE_` varchar(255) CHARACTER SET utf8mb3 COLLATE utf8mb3_bin NOT NULL,
  `EXCLUSIVE_` tinyint(1) NULL DEFAULT NULL,
  `EXECUTION_ID_` varchar(64) CHARACTER SET utf8mb3 COLLATE utf8mb3_bin NULL DEFAULT NULL,
  `PROCESS_INSTANCE_ID_` varchar(64) CHARACTER SET utf8mb3 COLLATE utf8mb3_bin NULL DEFAULT NULL,
  `PROC_DEF_ID_` varchar(64) CHARACTER SET utf8mb3 COLLATE utf8mb3_bin NULL DEFAULT NULL,
  `ELEMENT_ID_` varchar(255) CHARACTER SET utf8mb3 COLLATE utf8mb3_bin NULL DEFAULT NULL,
  `ELEMENT_NAME_` varchar(255) CHARACTER SET utf8mb3 COLLATE utf8mb3_bin NULL DEFAULT NULL,
  `SCOPE_ID_` varchar(255) CHARACTER SET utf8mb3 COLLATE utf8mb3_bin NULL DEFAULT NULL,
  `SUB_SCOPE_ID_` varchar(255) CHARACTER SET utf8mb3 COLLATE utf8mb3_bin NULL DEFAULT NULL,
  `SCOPE_TYPE_` varchar(255) CHARACTER SET utf8mb3 COLLATE utf8mb3_bin NULL DEFAULT NULL,
  `SCOPE_DEFINITION_ID_` varchar(255) CHARACTER SET utf8mb3 COLLATE utf8mb3_bin NULL DEFAULT NULL,
  `CORRELATION_ID_` varchar(255) CHARACTER SET utf8mb3 COLLATE utf8mb3_bin NULL DEFAULT NULL,
  `RETRIES_` int NULL DEFAULT NULL,
  `EXCEPTION_STACK_ID_` varchar(64) CHARACTER SET utf8mb3 COLLATE utf8mb3_bin NULL DEFAULT NULL,
  `EXCEPTION_MSG_` varchar(4000) CHARACTER SET utf8mb3 COLLATE utf8mb3_bin NULL DEFAULT NULL,
  `DUEDATE_` timestamp(3) NULL DEFAULT NULL,
  `REPEAT_` varchar(255) CHARACTER SET utf8mb3 COLLATE utf8mb3_bin NULL DEFAULT NULL,
  `HANDLER_TYPE_` varchar(255) CHARACTER SET utf8mb3 COLLATE utf8mb3_bin NULL DEFAULT NULL,
  `HANDLER_CFG_` varchar(4000) CHARACTER SET utf8mb3 COLLATE utf8mb3_bin NULL DEFAULT NULL,
  `CUSTOM_VALUES_ID_` varchar(64) CHARACTER SET utf8mb3 COLLATE utf8mb3_bin NULL DEFAULT NULL,
  `CREATE_TIME_` timestamp(3) NULL DEFAULT NULL,
  `TENANT_ID_` varchar(255) CHARACTER SET utf8mb3 COLLATE utf8mb3_bin NULL DEFAULT '',
  PRIMARY KEY (`ID_`) USING BTREE,
  INDEX `ACT_IDX_SUSPENDED_JOB_EXCEPTION_STACK_ID`(`EXCEPTION_STACK_ID_` ASC) USING BTREE,
  INDEX `ACT_IDX_SUSPENDED_JOB_CUSTOM_VALUES_ID`(`CUSTOM_VALUES_ID_` ASC) USING BTREE,
  INDEX `ACT_IDX_SUSPENDED_JOB_CORRELATION_ID`(`CORRELATION_ID_` ASC) USING BTREE,
  INDEX `ACT_IDX_SJOB_SCOPE`(`SCOPE_ID_` ASC, `SCOPE_TYPE_` ASC) USING BTREE,
  INDEX `ACT_IDX_SJOB_SUB_SCOPE`(`SUB_SCOPE_ID_` ASC, `SCOPE_TYPE_` ASC) USING BTREE,
  INDEX `ACT_IDX_SJOB_SCOPE_DEF`(`SCOPE_DEFINITION_ID_` ASC, `SCOPE_TYPE_` ASC) USING BTREE,
  INDEX `ACT_FK_SUSPENDED_JOB_EXECUTION`(`EXECUTION_ID_` ASC) USING BTREE,
  INDEX `ACT_FK_SUSPENDED_JOB_PROCESS_INSTANCE`(`PROCESS_INSTANCE_ID_` ASC) USING BTREE,
  INDEX `ACT_FK_SUSPENDED_JOB_PROC_DEF`(`PROC_DEF_ID_` ASC) USING BTREE,
  CONSTRAINT `ACT_FK_SUSPENDED_JOB_CUSTOM_VALUES` FOREIGN KEY (`CUSTOM_VALUES_ID_`) REFERENCES `act_ge_bytearray` (`ID_`) ON DELETE RESTRICT ON UPDATE RESTRICT,
  CONSTRAINT `ACT_FK_SUSPENDED_JOB_EXCEPTION` FOREIGN KEY (`EXCEPTION_STACK_ID_`) REFERENCES `act_ge_bytearray` (`ID_`) ON DELETE RESTRICT ON UPDATE RESTRICT,
  CONSTRAINT `ACT_FK_SUSPENDED_JOB_EXECUTION` FOREIGN KEY (`EXECUTION_ID_`) REFERENCES `act_ru_execution` (`ID_`) ON DELETE RESTRICT ON UPDATE RESTRICT,
  CONSTRAINT `ACT_FK_SUSPENDED_JOB_PROC_DEF` FOREIGN KEY (`PROC_DEF_ID_`) REFERENCES `act_re_procdef` (`ID_`) ON DELETE RESTRICT ON UPDATE RESTRICT,
  CONSTRAINT `ACT_FK_SUSPENDED_JOB_PROCESS_INSTANCE` FOREIGN KEY (`PROCESS_INSTANCE_ID_`) REFERENCES `act_ru_execution` (`ID_`) ON DELETE RESTRICT ON UPDATE RESTRICT
) ENGINE = InnoDB CHARACTER SET = utf8mb3 COLLATE = utf8mb3_bin ROW_FORMAT = Dynamic;

-- ----------------------------
-- Records of act_ru_suspended_job
-- ----------------------------

-- ----------------------------
-- Table structure for act_ru_task
-- ----------------------------
DROP TABLE IF EXISTS `act_ru_task`;
CREATE TABLE `act_ru_task`  (
  `ID_` varchar(64) CHARACTER SET utf8mb3 COLLATE utf8mb3_bin NOT NULL,
  `REV_` int NULL DEFAULT NULL,
  `EXECUTION_ID_` varchar(64) CHARACTER SET utf8mb3 COLLATE utf8mb3_bin NULL DEFAULT NULL,
  `PROC_INST_ID_` varchar(64) CHARACTER SET utf8mb3 COLLATE utf8mb3_bin NULL DEFAULT NULL,
  `PROC_DEF_ID_` varchar(64) CHARACTER SET utf8mb3 COLLATE utf8mb3_bin NULL DEFAULT NULL,
  `TASK_DEF_ID_` varchar(64) CHARACTER SET utf8mb3 COLLATE utf8mb3_bin NULL DEFAULT NULL,
  `SCOPE_ID_` varchar(255) CHARACTER SET utf8mb3 COLLATE utf8mb3_bin NULL DEFAULT NULL,
  `SUB_SCOPE_ID_` varchar(255) CHARACTER SET utf8mb3 COLLATE utf8mb3_bin NULL DEFAULT NULL,
  `SCOPE_TYPE_` varchar(255) CHARACTER SET utf8mb3 COLLATE utf8mb3_bin NULL DEFAULT NULL,
  `SCOPE_DEFINITION_ID_` varchar(255) CHARACTER SET utf8mb3 COLLATE utf8mb3_bin NULL DEFAULT NULL,
  `PROPAGATED_STAGE_INST_ID_` varchar(255) CHARACTER SET utf8mb3 COLLATE utf8mb3_bin NULL DEFAULT NULL,
  `NAME_` varchar(255) CHARACTER SET utf8mb3 COLLATE utf8mb3_bin NULL DEFAULT NULL,
  `PARENT_TASK_ID_` varchar(64) CHARACTER SET utf8mb3 COLLATE utf8mb3_bin NULL DEFAULT NULL,
  `DESCRIPTION_` varchar(4000) CHARACTER SET utf8mb3 COLLATE utf8mb3_bin NULL DEFAULT NULL,
  `TASK_DEF_KEY_` varchar(255) CHARACTER SET utf8mb3 COLLATE utf8mb3_bin NULL DEFAULT NULL,
  `OWNER_` varchar(255) CHARACTER SET utf8mb3 COLLATE utf8mb3_bin NULL DEFAULT NULL,
  `ASSIGNEE_` varchar(255) CHARACTER SET utf8mb3 COLLATE utf8mb3_bin NULL DEFAULT NULL,
  `DELEGATION_` varchar(64) CHARACTER SET utf8mb3 COLLATE utf8mb3_bin NULL DEFAULT NULL,
  `PRIORITY_` int NULL DEFAULT NULL,
  `CREATE_TIME_` timestamp(3) NULL DEFAULT NULL,
  `DUE_DATE_` datetime(3) NULL DEFAULT NULL,
  `CATEGORY_` varchar(255) CHARACTER SET utf8mb3 COLLATE utf8mb3_bin NULL DEFAULT NULL,
  `SUSPENSION_STATE_` int NULL DEFAULT NULL,
  `TENANT_ID_` varchar(255) CHARACTER SET utf8mb3 COLLATE utf8mb3_bin NULL DEFAULT '',
  `FORM_KEY_` varchar(255) CHARACTER SET utf8mb3 COLLATE utf8mb3_bin NULL DEFAULT NULL,
  `CLAIM_TIME_` datetime(3) NULL DEFAULT NULL,
  `IS_COUNT_ENABLED_` tinyint NULL DEFAULT NULL,
  `VAR_COUNT_` int NULL DEFAULT NULL,
  `ID_LINK_COUNT_` int NULL DEFAULT NULL,
  `SUB_TASK_COUNT_` int NULL DEFAULT NULL,
  PRIMARY KEY (`ID_`) USING BTREE,
  INDEX `ACT_IDX_TASK_CREATE`(`CREATE_TIME_` ASC) USING BTREE,
  INDEX `ACT_IDX_TASK_SCOPE`(`SCOPE_ID_` ASC, `SCOPE_TYPE_` ASC) USING BTREE,
  INDEX `ACT_IDX_TASK_SUB_SCOPE`(`SUB_SCOPE_ID_` ASC, `SCOPE_TYPE_` ASC) USING BTREE,
  INDEX `ACT_IDX_TASK_SCOPE_DEF`(`SCOPE_DEFINITION_ID_` ASC, `SCOPE_TYPE_` ASC) USING BTREE,
  INDEX `ACT_FK_TASK_EXE`(`EXECUTION_ID_` ASC) USING BTREE,
  INDEX `ACT_FK_TASK_PROCINST`(`PROC_INST_ID_` ASC) USING BTREE,
  INDEX `ACT_FK_TASK_PROCDEF`(`PROC_DEF_ID_` ASC) USING BTREE,
  CONSTRAINT `ACT_FK_TASK_EXE` FOREIGN KEY (`EXECUTION_ID_`) REFERENCES `act_ru_execution` (`ID_`) ON DELETE RESTRICT ON UPDATE RESTRICT,
  CONSTRAINT `ACT_FK_TASK_PROCDEF` FOREIGN KEY (`PROC_DEF_ID_`) REFERENCES `act_re_procdef` (`ID_`) ON DELETE RESTRICT ON UPDATE RESTRICT,
  CONSTRAINT `ACT_FK_TASK_PROCINST` FOREIGN KEY (`PROC_INST_ID_`) REFERENCES `act_ru_execution` (`ID_`) ON DELETE RESTRICT ON UPDATE RESTRICT
) ENGINE = InnoDB CHARACTER SET = utf8mb3 COLLATE = utf8mb3_bin ROW_FORMAT = Dynamic;

-- ----------------------------
-- Records of act_ru_task
-- ----------------------------
INSERT INTO `act_ru_task` VALUES ('4d6e4896-3cbb-11f1-a4a9-52284ac9a333', 1, '4d6e2182-3cbb-11f1-a4a9-52284ac9a333', '4d6e217d-3cbb-11f1-a4a9-52284ac9a333', 'process_9iy341pn:1:898e5c57-3c04-11f1-82d8-52284ac9a333', NULL, NULL, NULL, NULL, NULL, NULL, '一级审批', NULL, NULL, 'Activity_13c76fj', NULL, '1', NULL, 50, '2026-04-20 21:17:38.082', NULL, NULL, 1, '', NULL, NULL, 1, 0, 0, 0);
INSERT INTO `act_ru_task` VALUES ('65ce8770-3cbf-11f1-900c-52284ac9a333', 1, '65c363dc-3cbf-11f1-900c-52284ac9a333', '65c22b57-3cbf-11f1-900c-52284ac9a333', 'process_fyjyprgp:2:61f2458b-3c00-11f1-94b8-52284ac9a333', NULL, NULL, NULL, NULL, NULL, NULL, '一级审批', NULL, '一级审批', 'Activity_0coshjn', NULL, '2', NULL, 50, '2026-04-20 21:46:56.905', NULL, NULL, 1, '', 'Approve:Level1', NULL, 1, 0, 0, 0);

-- ----------------------------
-- Table structure for act_ru_timer_job
-- ----------------------------
DROP TABLE IF EXISTS `act_ru_timer_job`;
CREATE TABLE `act_ru_timer_job`  (
  `ID_` varchar(64) CHARACTER SET utf8mb3 COLLATE utf8mb3_bin NOT NULL,
  `REV_` int NULL DEFAULT NULL,
  `CATEGORY_` varchar(255) CHARACTER SET utf8mb3 COLLATE utf8mb3_bin NULL DEFAULT NULL,
  `TYPE_` varchar(255) CHARACTER SET utf8mb3 COLLATE utf8mb3_bin NOT NULL,
  `LOCK_EXP_TIME_` timestamp(3) NULL DEFAULT NULL,
  `LOCK_OWNER_` varchar(255) CHARACTER SET utf8mb3 COLLATE utf8mb3_bin NULL DEFAULT NULL,
  `EXCLUSIVE_` tinyint(1) NULL DEFAULT NULL,
  `EXECUTION_ID_` varchar(64) CHARACTER SET utf8mb3 COLLATE utf8mb3_bin NULL DEFAULT NULL,
  `PROCESS_INSTANCE_ID_` varchar(64) CHARACTER SET utf8mb3 COLLATE utf8mb3_bin NULL DEFAULT NULL,
  `PROC_DEF_ID_` varchar(64) CHARACTER SET utf8mb3 COLLATE utf8mb3_bin NULL DEFAULT NULL,
  `ELEMENT_ID_` varchar(255) CHARACTER SET utf8mb3 COLLATE utf8mb3_bin NULL DEFAULT NULL,
  `ELEMENT_NAME_` varchar(255) CHARACTER SET utf8mb3 COLLATE utf8mb3_bin NULL DEFAULT NULL,
  `SCOPE_ID_` varchar(255) CHARACTER SET utf8mb3 COLLATE utf8mb3_bin NULL DEFAULT NULL,
  `SUB_SCOPE_ID_` varchar(255) CHARACTER SET utf8mb3 COLLATE utf8mb3_bin NULL DEFAULT NULL,
  `SCOPE_TYPE_` varchar(255) CHARACTER SET utf8mb3 COLLATE utf8mb3_bin NULL DEFAULT NULL,
  `SCOPE_DEFINITION_ID_` varchar(255) CHARACTER SET utf8mb3 COLLATE utf8mb3_bin NULL DEFAULT NULL,
  `CORRELATION_ID_` varchar(255) CHARACTER SET utf8mb3 COLLATE utf8mb3_bin NULL DEFAULT NULL,
  `RETRIES_` int NULL DEFAULT NULL,
  `EXCEPTION_STACK_ID_` varchar(64) CHARACTER SET utf8mb3 COLLATE utf8mb3_bin NULL DEFAULT NULL,
  `EXCEPTION_MSG_` varchar(4000) CHARACTER SET utf8mb3 COLLATE utf8mb3_bin NULL DEFAULT NULL,
  `DUEDATE_` timestamp(3) NULL DEFAULT NULL,
  `REPEAT_` varchar(255) CHARACTER SET utf8mb3 COLLATE utf8mb3_bin NULL DEFAULT NULL,
  `HANDLER_TYPE_` varchar(255) CHARACTER SET utf8mb3 COLLATE utf8mb3_bin NULL DEFAULT NULL,
  `HANDLER_CFG_` varchar(4000) CHARACTER SET utf8mb3 COLLATE utf8mb3_bin NULL DEFAULT NULL,
  `CUSTOM_VALUES_ID_` varchar(64) CHARACTER SET utf8mb3 COLLATE utf8mb3_bin NULL DEFAULT NULL,
  `CREATE_TIME_` timestamp(3) NULL DEFAULT NULL,
  `TENANT_ID_` varchar(255) CHARACTER SET utf8mb3 COLLATE utf8mb3_bin NULL DEFAULT '',
  PRIMARY KEY (`ID_`) USING BTREE,
  INDEX `ACT_IDX_TIMER_JOB_EXCEPTION_STACK_ID`(`EXCEPTION_STACK_ID_` ASC) USING BTREE,
  INDEX `ACT_IDX_TIMER_JOB_CUSTOM_VALUES_ID`(`CUSTOM_VALUES_ID_` ASC) USING BTREE,
  INDEX `ACT_IDX_TIMER_JOB_CORRELATION_ID`(`CORRELATION_ID_` ASC) USING BTREE,
  INDEX `ACT_IDX_TIMER_JOB_DUEDATE`(`DUEDATE_` ASC) USING BTREE,
  INDEX `ACT_IDX_TJOB_SCOPE`(`SCOPE_ID_` ASC, `SCOPE_TYPE_` ASC) USING BTREE,
  INDEX `ACT_IDX_TJOB_SUB_SCOPE`(`SUB_SCOPE_ID_` ASC, `SCOPE_TYPE_` ASC) USING BTREE,
  INDEX `ACT_IDX_TJOB_SCOPE_DEF`(`SCOPE_DEFINITION_ID_` ASC, `SCOPE_TYPE_` ASC) USING BTREE,
  INDEX `ACT_FK_TIMER_JOB_EXECUTION`(`EXECUTION_ID_` ASC) USING BTREE,
  INDEX `ACT_FK_TIMER_JOB_PROCESS_INSTANCE`(`PROCESS_INSTANCE_ID_` ASC) USING BTREE,
  INDEX `ACT_FK_TIMER_JOB_PROC_DEF`(`PROC_DEF_ID_` ASC) USING BTREE,
  CONSTRAINT `ACT_FK_TIMER_JOB_CUSTOM_VALUES` FOREIGN KEY (`CUSTOM_VALUES_ID_`) REFERENCES `act_ge_bytearray` (`ID_`) ON DELETE RESTRICT ON UPDATE RESTRICT,
  CONSTRAINT `ACT_FK_TIMER_JOB_EXCEPTION` FOREIGN KEY (`EXCEPTION_STACK_ID_`) REFERENCES `act_ge_bytearray` (`ID_`) ON DELETE RESTRICT ON UPDATE RESTRICT,
  CONSTRAINT `ACT_FK_TIMER_JOB_EXECUTION` FOREIGN KEY (`EXECUTION_ID_`) REFERENCES `act_ru_execution` (`ID_`) ON DELETE RESTRICT ON UPDATE RESTRICT,
  CONSTRAINT `ACT_FK_TIMER_JOB_PROC_DEF` FOREIGN KEY (`PROC_DEF_ID_`) REFERENCES `act_re_procdef` (`ID_`) ON DELETE RESTRICT ON UPDATE RESTRICT,
  CONSTRAINT `ACT_FK_TIMER_JOB_PROCESS_INSTANCE` FOREIGN KEY (`PROCESS_INSTANCE_ID_`) REFERENCES `act_ru_execution` (`ID_`) ON DELETE RESTRICT ON UPDATE RESTRICT
) ENGINE = InnoDB CHARACTER SET = utf8mb3 COLLATE = utf8mb3_bin ROW_FORMAT = Dynamic;

-- ----------------------------
-- Records of act_ru_timer_job
-- ----------------------------

-- ----------------------------
-- Table structure for act_ru_variable
-- ----------------------------
DROP TABLE IF EXISTS `act_ru_variable`;
CREATE TABLE `act_ru_variable`  (
  `ID_` varchar(64) CHARACTER SET utf8mb3 COLLATE utf8mb3_bin NOT NULL,
  `REV_` int NULL DEFAULT NULL,
  `TYPE_` varchar(255) CHARACTER SET utf8mb3 COLLATE utf8mb3_bin NOT NULL,
  `NAME_` varchar(255) CHARACTER SET utf8mb3 COLLATE utf8mb3_bin NOT NULL,
  `EXECUTION_ID_` varchar(64) CHARACTER SET utf8mb3 COLLATE utf8mb3_bin NULL DEFAULT NULL,
  `PROC_INST_ID_` varchar(64) CHARACTER SET utf8mb3 COLLATE utf8mb3_bin NULL DEFAULT NULL,
  `TASK_ID_` varchar(64) CHARACTER SET utf8mb3 COLLATE utf8mb3_bin NULL DEFAULT NULL,
  `SCOPE_ID_` varchar(255) CHARACTER SET utf8mb3 COLLATE utf8mb3_bin NULL DEFAULT NULL,
  `SUB_SCOPE_ID_` varchar(255) CHARACTER SET utf8mb3 COLLATE utf8mb3_bin NULL DEFAULT NULL,
  `SCOPE_TYPE_` varchar(255) CHARACTER SET utf8mb3 COLLATE utf8mb3_bin NULL DEFAULT NULL,
  `BYTEARRAY_ID_` varchar(64) CHARACTER SET utf8mb3 COLLATE utf8mb3_bin NULL DEFAULT NULL,
  `DOUBLE_` double NULL DEFAULT NULL,
  `LONG_` bigint NULL DEFAULT NULL,
  `TEXT_` varchar(4000) CHARACTER SET utf8mb3 COLLATE utf8mb3_bin NULL DEFAULT NULL,
  `TEXT2_` varchar(4000) CHARACTER SET utf8mb3 COLLATE utf8mb3_bin NULL DEFAULT NULL,
  `META_INFO_` varchar(4000) CHARACTER SET utf8mb3 COLLATE utf8mb3_bin NULL DEFAULT NULL,
  PRIMARY KEY (`ID_`) USING BTREE,
  INDEX `ACT_IDX_RU_VAR_SCOPE_ID_TYPE`(`SCOPE_ID_` ASC, `SCOPE_TYPE_` ASC) USING BTREE,
  INDEX `ACT_IDX_RU_VAR_SUB_ID_TYPE`(`SUB_SCOPE_ID_` ASC, `SCOPE_TYPE_` ASC) USING BTREE,
  INDEX `ACT_FK_VAR_BYTEARRAY`(`BYTEARRAY_ID_` ASC) USING BTREE,
  INDEX `ACT_IDX_VARIABLE_TASK_ID`(`TASK_ID_` ASC) USING BTREE,
  INDEX `ACT_FK_VAR_EXE`(`EXECUTION_ID_` ASC) USING BTREE,
  INDEX `ACT_FK_VAR_PROCINST`(`PROC_INST_ID_` ASC) USING BTREE,
  CONSTRAINT `ACT_FK_VAR_BYTEARRAY` FOREIGN KEY (`BYTEARRAY_ID_`) REFERENCES `act_ge_bytearray` (`ID_`) ON DELETE RESTRICT ON UPDATE RESTRICT,
  CONSTRAINT `ACT_FK_VAR_EXE` FOREIGN KEY (`EXECUTION_ID_`) REFERENCES `act_ru_execution` (`ID_`) ON DELETE RESTRICT ON UPDATE RESTRICT,
  CONSTRAINT `ACT_FK_VAR_PROCINST` FOREIGN KEY (`PROC_INST_ID_`) REFERENCES `act_ru_execution` (`ID_`) ON DELETE RESTRICT ON UPDATE RESTRICT
) ENGINE = InnoDB CHARACTER SET = utf8mb3 COLLATE = utf8mb3_bin ROW_FORMAT = Dynamic;

-- ----------------------------
-- Records of act_ru_variable
-- ----------------------------
INSERT INTO `act_ru_variable` VALUES ('4d6e217e-3cbb-11f1-a4a9-52284ac9a333', 1, 'string', 'reason', '4d6e217d-3cbb-11f1-a4a9-52284ac9a333', '4d6e217d-3cbb-11f1-a4a9-52284ac9a333', NULL, NULL, NULL, NULL, NULL, NULL, NULL, '888', NULL, NULL);
INSERT INTO `act_ru_variable` VALUES ('4d6e217f-3cbb-11f1-a4a9-52284ac9a333', 1, 'string', 'starterId', '4d6e217d-3cbb-11f1-a4a9-52284ac9a333', '4d6e217d-3cbb-11f1-a4a9-52284ac9a333', NULL, NULL, NULL, NULL, NULL, NULL, NULL, '2', NULL, NULL);
INSERT INTO `act_ru_variable` VALUES ('4d6e2180-3cbb-11f1-a4a9-52284ac9a333', 1, 'string', 'businessId', '4d6e217d-3cbb-11f1-a4a9-52284ac9a333', '4d6e217d-3cbb-11f1-a4a9-52284ac9a333', NULL, NULL, NULL, NULL, NULL, NULL, NULL, 'bfab9102a4124edbab37ca25ea40cdaa', NULL, NULL);
INSERT INTO `act_ru_variable` VALUES ('4d6e2181-3cbb-11f1-a4a9-52284ac9a333', 1, 'integer', 'days', '4d6e217d-3cbb-11f1-a4a9-52284ac9a333', '4d6e217d-3cbb-11f1-a4a9-52284ac9a333', NULL, NULL, NULL, NULL, NULL, NULL, 777, '777', NULL, NULL);
INSERT INTO `act_ru_variable` VALUES ('65c27978-3cbf-11f1-900c-52284ac9a333', 1, 'string', 'reason', '65c22b57-3cbf-11f1-900c-52284ac9a333', '65c22b57-3cbf-11f1-900c-52284ac9a333', NULL, NULL, NULL, NULL, NULL, NULL, NULL, '66666', NULL, NULL);
INSERT INTO `act_ru_variable` VALUES ('65c33cc9-3cbf-11f1-900c-52284ac9a333', 1, 'string', 'starterId', '65c22b57-3cbf-11f1-900c-52284ac9a333', '65c22b57-3cbf-11f1-900c-52284ac9a333', NULL, NULL, NULL, NULL, NULL, NULL, NULL, '1', NULL, NULL);
INSERT INTO `act_ru_variable` VALUES ('65c33cca-3cbf-11f1-900c-52284ac9a333', 1, 'string', 'businessId', '65c22b57-3cbf-11f1-900c-52284ac9a333', '65c22b57-3cbf-11f1-900c-52284ac9a333', NULL, NULL, NULL, NULL, NULL, NULL, NULL, '45dde0c5c05843c18f3b71a6b547eab3', NULL, NULL);
INSERT INTO `act_ru_variable` VALUES ('65c33ccb-3cbf-11f1-900c-52284ac9a333', 1, 'integer', 'days', '65c22b57-3cbf-11f1-900c-52284ac9a333', '65c22b57-3cbf-11f1-900c-52284ac9a333', NULL, NULL, NULL, NULL, NULL, NULL, 3, '3', NULL, NULL);

-- ----------------------------
-- Table structure for flw_channel_definition
-- ----------------------------
DROP TABLE IF EXISTS `flw_channel_definition`;
CREATE TABLE `flw_channel_definition`  (
  `ID_` varchar(255) CHARACTER SET utf8mb4 COLLATE utf8mb4_0900_ai_ci NOT NULL,
  `NAME_` varchar(255) CHARACTER SET utf8mb4 COLLATE utf8mb4_0900_ai_ci NULL DEFAULT NULL,
  `VERSION_` int NULL DEFAULT NULL,
  `KEY_` varchar(255) CHARACTER SET utf8mb4 COLLATE utf8mb4_0900_ai_ci NULL DEFAULT NULL,
  `CATEGORY_` varchar(255) CHARACTER SET utf8mb4 COLLATE utf8mb4_0900_ai_ci NULL DEFAULT NULL,
  `DEPLOYMENT_ID_` varchar(255) CHARACTER SET utf8mb4 COLLATE utf8mb4_0900_ai_ci NULL DEFAULT NULL,
  `CREATE_TIME_` datetime(3) NULL DEFAULT NULL,
  `TENANT_ID_` varchar(255) CHARACTER SET utf8mb4 COLLATE utf8mb4_0900_ai_ci NULL DEFAULT NULL,
  `RESOURCE_NAME_` varchar(255) CHARACTER SET utf8mb4 COLLATE utf8mb4_0900_ai_ci NULL DEFAULT NULL,
  `DESCRIPTION_` varchar(255) CHARACTER SET utf8mb4 COLLATE utf8mb4_0900_ai_ci NULL DEFAULT NULL,
  `TYPE_` varchar(255) CHARACTER SET utf8mb4 COLLATE utf8mb4_0900_ai_ci NULL DEFAULT NULL,
  `IMPLEMENTATION_` varchar(255) CHARACTER SET utf8mb4 COLLATE utf8mb4_0900_ai_ci NULL DEFAULT NULL,
  PRIMARY KEY (`ID_`) USING BTREE,
  UNIQUE INDEX `ACT_IDX_CHANNEL_DEF_UNIQ`(`KEY_` ASC, `VERSION_` ASC, `TENANT_ID_` ASC) USING BTREE
) ENGINE = InnoDB CHARACTER SET = utf8mb4 COLLATE = utf8mb4_0900_ai_ci ROW_FORMAT = Dynamic;

-- ----------------------------
-- Records of flw_channel_definition
-- ----------------------------

-- ----------------------------
-- Table structure for flw_ev_databasechangelog
-- ----------------------------
DROP TABLE IF EXISTS `flw_ev_databasechangelog`;
CREATE TABLE `flw_ev_databasechangelog`  (
  `ID` varchar(255) CHARACTER SET utf8mb4 COLLATE utf8mb4_0900_ai_ci NOT NULL,
  `AUTHOR` varchar(255) CHARACTER SET utf8mb4 COLLATE utf8mb4_0900_ai_ci NOT NULL,
  `FILENAME` varchar(255) CHARACTER SET utf8mb4 COLLATE utf8mb4_0900_ai_ci NOT NULL,
  `DATEEXECUTED` datetime NOT NULL,
  `ORDEREXECUTED` int NOT NULL,
  `EXECTYPE` varchar(10) CHARACTER SET utf8mb4 COLLATE utf8mb4_0900_ai_ci NOT NULL,
  `MD5SUM` varchar(35) CHARACTER SET utf8mb4 COLLATE utf8mb4_0900_ai_ci NULL DEFAULT NULL,
  `DESCRIPTION` varchar(255) CHARACTER SET utf8mb4 COLLATE utf8mb4_0900_ai_ci NULL DEFAULT NULL,
  `COMMENTS` varchar(255) CHARACTER SET utf8mb4 COLLATE utf8mb4_0900_ai_ci NULL DEFAULT NULL,
  `TAG` varchar(255) CHARACTER SET utf8mb4 COLLATE utf8mb4_0900_ai_ci NULL DEFAULT NULL,
  `LIQUIBASE` varchar(20) CHARACTER SET utf8mb4 COLLATE utf8mb4_0900_ai_ci NULL DEFAULT NULL,
  `CONTEXTS` varchar(255) CHARACTER SET utf8mb4 COLLATE utf8mb4_0900_ai_ci NULL DEFAULT NULL,
  `LABELS` varchar(255) CHARACTER SET utf8mb4 COLLATE utf8mb4_0900_ai_ci NULL DEFAULT NULL,
  `DEPLOYMENT_ID` varchar(10) CHARACTER SET utf8mb4 COLLATE utf8mb4_0900_ai_ci NULL DEFAULT NULL
) ENGINE = InnoDB CHARACTER SET = utf8mb4 COLLATE = utf8mb4_0900_ai_ci ROW_FORMAT = Dynamic;

-- ----------------------------
-- Records of flw_ev_databasechangelog
-- ----------------------------
INSERT INTO `flw_ev_databasechangelog` VALUES ('1', 'flowable', 'org/flowable/eventregistry/db/liquibase/flowable-eventregistry-db-changelog.xml', '2026-04-18 23:27:49', 1, 'EXECUTED', '9:63268f536c469325acef35970312551b', 'createTable tableName=FLW_EVENT_DEPLOYMENT; createTable tableName=FLW_EVENT_RESOURCE; createTable tableName=FLW_EVENT_DEFINITION; createIndex indexName=ACT_IDX_EVENT_DEF_UNIQ, tableName=FLW_EVENT_DEFINITION; createTable tableName=FLW_CHANNEL_DEFIN...', '', NULL, '4.24.0', NULL, NULL, '6526068931');
INSERT INTO `flw_ev_databasechangelog` VALUES ('2', 'flowable', 'org/flowable/eventregistry/db/liquibase/flowable-eventregistry-db-changelog.xml', '2026-04-18 23:27:49', 2, 'EXECUTED', '9:dcb58b7dfd6dbda66939123a96985536', 'addColumn tableName=FLW_CHANNEL_DEFINITION; addColumn tableName=FLW_CHANNEL_DEFINITION', '', NULL, '4.24.0', NULL, NULL, '6526068931');
INSERT INTO `flw_ev_databasechangelog` VALUES ('3', 'flowable', 'org/flowable/eventregistry/db/liquibase/flowable-eventregistry-db-changelog.xml', '2026-04-18 23:27:49', 3, 'EXECUTED', '9:d0c05678d57af23ad93699991e3bf4f6', 'customChange', '', NULL, '4.24.0', NULL, NULL, '6526068931');

-- ----------------------------
-- Table structure for flw_ev_databasechangeloglock
-- ----------------------------
DROP TABLE IF EXISTS `flw_ev_databasechangeloglock`;
CREATE TABLE `flw_ev_databasechangeloglock`  (
  `ID` int NOT NULL,
  `LOCKED` tinyint(1) NOT NULL,
  `LOCKGRANTED` datetime NULL DEFAULT NULL,
  `LOCKEDBY` varchar(255) CHARACTER SET utf8mb4 COLLATE utf8mb4_0900_ai_ci NULL DEFAULT NULL,
  PRIMARY KEY (`ID`) USING BTREE
) ENGINE = InnoDB CHARACTER SET = utf8mb4 COLLATE = utf8mb4_0900_ai_ci ROW_FORMAT = Dynamic;

-- ----------------------------
-- Records of flw_ev_databasechangeloglock
-- ----------------------------
INSERT INTO `flw_ev_databasechangeloglock` VALUES (1, 0, NULL, NULL);

-- ----------------------------
-- Table structure for flw_event_definition
-- ----------------------------
DROP TABLE IF EXISTS `flw_event_definition`;
CREATE TABLE `flw_event_definition`  (
  `ID_` varchar(255) CHARACTER SET utf8mb4 COLLATE utf8mb4_0900_ai_ci NOT NULL,
  `NAME_` varchar(255) CHARACTER SET utf8mb4 COLLATE utf8mb4_0900_ai_ci NULL DEFAULT NULL,
  `VERSION_` int NULL DEFAULT NULL,
  `KEY_` varchar(255) CHARACTER SET utf8mb4 COLLATE utf8mb4_0900_ai_ci NULL DEFAULT NULL,
  `CATEGORY_` varchar(255) CHARACTER SET utf8mb4 COLLATE utf8mb4_0900_ai_ci NULL DEFAULT NULL,
  `DEPLOYMENT_ID_` varchar(255) CHARACTER SET utf8mb4 COLLATE utf8mb4_0900_ai_ci NULL DEFAULT NULL,
  `TENANT_ID_` varchar(255) CHARACTER SET utf8mb4 COLLATE utf8mb4_0900_ai_ci NULL DEFAULT NULL,
  `RESOURCE_NAME_` varchar(255) CHARACTER SET utf8mb4 COLLATE utf8mb4_0900_ai_ci NULL DEFAULT NULL,
  `DESCRIPTION_` varchar(255) CHARACTER SET utf8mb4 COLLATE utf8mb4_0900_ai_ci NULL DEFAULT NULL,
  PRIMARY KEY (`ID_`) USING BTREE,
  UNIQUE INDEX `ACT_IDX_EVENT_DEF_UNIQ`(`KEY_` ASC, `VERSION_` ASC, `TENANT_ID_` ASC) USING BTREE
) ENGINE = InnoDB CHARACTER SET = utf8mb4 COLLATE = utf8mb4_0900_ai_ci ROW_FORMAT = Dynamic;

-- ----------------------------
-- Records of flw_event_definition
-- ----------------------------

-- ----------------------------
-- Table structure for flw_event_deployment
-- ----------------------------
DROP TABLE IF EXISTS `flw_event_deployment`;
CREATE TABLE `flw_event_deployment`  (
  `ID_` varchar(255) CHARACTER SET utf8mb4 COLLATE utf8mb4_0900_ai_ci NOT NULL,
  `NAME_` varchar(255) CHARACTER SET utf8mb4 COLLATE utf8mb4_0900_ai_ci NULL DEFAULT NULL,
  `CATEGORY_` varchar(255) CHARACTER SET utf8mb4 COLLATE utf8mb4_0900_ai_ci NULL DEFAULT NULL,
  `DEPLOY_TIME_` datetime(3) NULL DEFAULT NULL,
  `TENANT_ID_` varchar(255) CHARACTER SET utf8mb4 COLLATE utf8mb4_0900_ai_ci NULL DEFAULT NULL,
  `PARENT_DEPLOYMENT_ID_` varchar(255) CHARACTER SET utf8mb4 COLLATE utf8mb4_0900_ai_ci NULL DEFAULT NULL,
  PRIMARY KEY (`ID_`) USING BTREE
) ENGINE = InnoDB CHARACTER SET = utf8mb4 COLLATE = utf8mb4_0900_ai_ci ROW_FORMAT = Dynamic;

-- ----------------------------
-- Records of flw_event_deployment
-- ----------------------------

-- ----------------------------
-- Table structure for flw_event_resource
-- ----------------------------
DROP TABLE IF EXISTS `flw_event_resource`;
CREATE TABLE `flw_event_resource`  (
  `ID_` varchar(255) CHARACTER SET utf8mb4 COLLATE utf8mb4_0900_ai_ci NOT NULL,
  `NAME_` varchar(255) CHARACTER SET utf8mb4 COLLATE utf8mb4_0900_ai_ci NULL DEFAULT NULL,
  `DEPLOYMENT_ID_` varchar(255) CHARACTER SET utf8mb4 COLLATE utf8mb4_0900_ai_ci NULL DEFAULT NULL,
  `RESOURCE_BYTES_` longblob NULL,
  PRIMARY KEY (`ID_`) USING BTREE
) ENGINE = InnoDB CHARACTER SET = utf8mb4 COLLATE = utf8mb4_0900_ai_ci ROW_FORMAT = Dynamic;

-- ----------------------------
-- Records of flw_event_resource
-- ----------------------------

-- ----------------------------
-- Table structure for flw_ru_batch
-- ----------------------------
DROP TABLE IF EXISTS `flw_ru_batch`;
CREATE TABLE `flw_ru_batch`  (
  `ID_` varchar(64) CHARACTER SET utf8mb3 COLLATE utf8mb3_bin NOT NULL,
  `REV_` int NULL DEFAULT NULL,
  `TYPE_` varchar(64) CHARACTER SET utf8mb3 COLLATE utf8mb3_bin NOT NULL,
  `SEARCH_KEY_` varchar(255) CHARACTER SET utf8mb3 COLLATE utf8mb3_bin NULL DEFAULT NULL,
  `SEARCH_KEY2_` varchar(255) CHARACTER SET utf8mb3 COLLATE utf8mb3_bin NULL DEFAULT NULL,
  `CREATE_TIME_` datetime(3) NOT NULL,
  `COMPLETE_TIME_` datetime(3) NULL DEFAULT NULL,
  `STATUS_` varchar(255) CHARACTER SET utf8mb3 COLLATE utf8mb3_bin NULL DEFAULT NULL,
  `BATCH_DOC_ID_` varchar(64) CHARACTER SET utf8mb3 COLLATE utf8mb3_bin NULL DEFAULT NULL,
  `TENANT_ID_` varchar(255) CHARACTER SET utf8mb3 COLLATE utf8mb3_bin NULL DEFAULT '',
  PRIMARY KEY (`ID_`) USING BTREE
) ENGINE = InnoDB CHARACTER SET = utf8mb3 COLLATE = utf8mb3_bin ROW_FORMAT = Dynamic;

-- ----------------------------
-- Records of flw_ru_batch
-- ----------------------------

-- ----------------------------
-- Table structure for flw_ru_batch_part
-- ----------------------------
DROP TABLE IF EXISTS `flw_ru_batch_part`;
CREATE TABLE `flw_ru_batch_part`  (
  `ID_` varchar(64) CHARACTER SET utf8mb3 COLLATE utf8mb3_bin NOT NULL,
  `REV_` int NULL DEFAULT NULL,
  `BATCH_ID_` varchar(64) CHARACTER SET utf8mb3 COLLATE utf8mb3_bin NULL DEFAULT NULL,
  `TYPE_` varchar(64) CHARACTER SET utf8mb3 COLLATE utf8mb3_bin NOT NULL,
  `SCOPE_ID_` varchar(64) CHARACTER SET utf8mb3 COLLATE utf8mb3_bin NULL DEFAULT NULL,
  `SUB_SCOPE_ID_` varchar(64) CHARACTER SET utf8mb3 COLLATE utf8mb3_bin NULL DEFAULT NULL,
  `SCOPE_TYPE_` varchar(64) CHARACTER SET utf8mb3 COLLATE utf8mb3_bin NULL DEFAULT NULL,
  `SEARCH_KEY_` varchar(255) CHARACTER SET utf8mb3 COLLATE utf8mb3_bin NULL DEFAULT NULL,
  `SEARCH_KEY2_` varchar(255) CHARACTER SET utf8mb3 COLLATE utf8mb3_bin NULL DEFAULT NULL,
  `CREATE_TIME_` datetime(3) NOT NULL,
  `COMPLETE_TIME_` datetime(3) NULL DEFAULT NULL,
  `STATUS_` varchar(255) CHARACTER SET utf8mb3 COLLATE utf8mb3_bin NULL DEFAULT NULL,
  `RESULT_DOC_ID_` varchar(64) CHARACTER SET utf8mb3 COLLATE utf8mb3_bin NULL DEFAULT NULL,
  `TENANT_ID_` varchar(255) CHARACTER SET utf8mb3 COLLATE utf8mb3_bin NULL DEFAULT '',
  PRIMARY KEY (`ID_`) USING BTREE,
  INDEX `FLW_IDX_BATCH_PART`(`BATCH_ID_` ASC) USING BTREE,
  CONSTRAINT `FLW_FK_BATCH_PART_PARENT` FOREIGN KEY (`BATCH_ID_`) REFERENCES `flw_ru_batch` (`ID_`) ON DELETE RESTRICT ON UPDATE RESTRICT
) ENGINE = InnoDB CHARACTER SET = utf8mb3 COLLATE = utf8mb3_bin ROW_FORMAT = Dynamic;

-- ----------------------------
-- Records of flw_ru_batch_part
-- ----------------------------

-- ----------------------------
-- Table structure for lc_audit_log
-- ----------------------------
DROP TABLE IF EXISTS `lc_audit_log`;
CREATE TABLE `lc_audit_log`  (
  `id` varchar(64) CHARACTER SET utf8mb4 COLLATE utf8mb4_0900_ai_ci NOT NULL,
  `business_id` varchar(64) CHARACTER SET utf8mb4 COLLATE utf8mb4_0900_ai_ci NOT NULL,
  `task_id` varchar(64) CHARACTER SET utf8mb4 COLLATE utf8mb4_0900_ai_ci NULL DEFAULT NULL,
  `task_name` varchar(128) CHARACTER SET utf8mb4 COLLATE utf8mb4_0900_ai_ci NULL DEFAULT NULL,
  `assignee` varchar(64) CHARACTER SET utf8mb4 COLLATE utf8mb4_0900_ai_ci NULL DEFAULT NULL,
  `action` varchar(20) CHARACTER SET utf8mb4 COLLATE utf8mb4_0900_ai_ci NULL DEFAULT NULL,
  `comment` text CHARACTER SET utf8mb4 COLLATE utf8mb4_0900_ai_ci NULL,
  `create_time` datetime NULL DEFAULT CURRENT_TIMESTAMP,
  PRIMARY KEY (`id`) USING BTREE
) ENGINE = InnoDB CHARACTER SET = utf8mb4 COLLATE = utf8mb4_0900_ai_ci ROW_FORMAT = Dynamic;

-- ----------------------------
-- Records of lc_audit_log
-- ----------------------------
INSERT INTO `lc_audit_log` VALUES ('31b382b5cd25450ab242eb67a3f075cd', 'acaf0314d90b4d19a78c5a7f925e31ce', '27df433a-3cbb-11f1-a4a9-52284ac9a333', '一级审批', '2', 'APPROVE', '77', '2026-04-20 21:17:53');
INSERT INTO `lc_audit_log` VALUES ('38fd1f5852fb40f2983b8aa86d8934ab', '94994da66640433590682456ee7d98fa', '0deb44d7-3bf3-11f1-8094-52284ac9a333', '一级审批', '2', 'APPROVE', '同意', '2026-04-19 22:41:51');
INSERT INTO `lc_audit_log` VALUES ('3d62128a93a5498fbf44dad6a6f14015', 'b7722fbde1e4456cb80ebc3dc069515c', '9aa92cfe-3c04-11f1-82d8-52284ac9a333', '二级审批-会签2', '2', 'REJECT', '222', '2026-04-19 23:30:13');
INSERT INTO `lc_audit_log` VALUES ('3e50dede5a1a49a595795845792e792d', '94994da66640433590682456ee7d98fa', 'e6bbfc05-3bfd-11f1-bbbc-52284ac9a333', '二级审批', '1', 'REJECT', '2222', '2026-04-19 22:42:19');
INSERT INTO `lc_audit_log` VALUES ('52836e216220401aabdd0d758e6a5afa', 'b7722fbde1e4456cb80ebc3dc069515c', '908f92e1-3c04-11f1-82d8-52284ac9a333', '一级审批', '1', 'APPROVE', '222', '2026-04-19 23:29:50');
INSERT INTO `lc_audit_log` VALUES ('6635a40db355477d9ca39a4c52b4b8ef', '9e87b1a3b78f49e18a6064ac47d2f4e0', 'b357b827-3cba-11f1-a4a9-52284ac9a333', '二级审批', '1', 'APPROVE', '2222', '2026-04-20 21:13:39');
INSERT INTO `lc_audit_log` VALUES ('6ebebd02621544a8a76adecf082bb940', '9c738c185dcc4563bb6908f1a2be09ba', '77883e0d-3c00-11f1-94b8-52284ac9a333', '二级审批', '2', 'APPROVE', '3333', '2026-04-19 23:00:27');
INSERT INTO `lc_audit_log` VALUES ('74c70c47218e41288e95dbd678030be0', 'acaf0314d90b4d19a78c5a7f925e31ce', '564a0b7e-3cbb-11f1-a4a9-52284ac9a333', '二级审批', '1', 'APPROVE', '同意', '2026-04-20 22:48:19');
INSERT INTO `lc_audit_log` VALUES ('753e83ddcb3b406784025c7330378622', 'f567210e90e84705b94ba7796871d251', '076e77f2-3c01-11f1-ac70-52284ac9a333', '二级审批', '1', 'REJECT', '不同意', '2026-04-19 23:04:39');
INSERT INTO `lc_audit_log` VALUES ('a9c4fceb10804f61915c797c2d3ced3a', '9c738c185dcc4563bb6908f1a2be09ba', '6cf09a55-3c00-11f1-94b8-52284ac9a333', '一级审批', '2', 'APPROVE', 'okok', '2026-04-19 23:00:13');
INSERT INTO `lc_audit_log` VALUES ('bcd4723e82f5455ab71c1159e40ac1d2', 'f567210e90e84705b94ba7796871d251', '00b40e6a-3c01-11f1-ac70-52284ac9a333', '一级审批', '2', 'APPROVE', 'okok', '2026-04-19 23:04:14');
INSERT INTO `lc_audit_log` VALUES ('e825c0218b254c1f9f88f80b40433792', '9e87b1a3b78f49e18a6064ac47d2f4e0', '92af6364-3cb9-11f1-bfd6-52284ac9a333', '一级审批', '2', 'APPROVE', '3333', '2026-04-20 21:13:19');
INSERT INTO `lc_audit_log` VALUES ('f9977189347049c3a856a9bdc3dfde13', 'b7722fbde1e4456cb80ebc3dc069515c', '9aa8dedb-3c04-11f1-82d8-52284ac9a333', '二级审批-会签1', '1', 'APPROVE', '222', '2026-04-19 23:30:00');

-- ----------------------------
-- Table structure for lc_business_instance
-- ----------------------------
DROP TABLE IF EXISTS `lc_business_instance`;
CREATE TABLE `lc_business_instance`  (
  `id` varchar(64) CHARACTER SET utf8mb4 COLLATE utf8mb4_0900_ai_ci NOT NULL,
  `form_id` varchar(64) CHARACTER SET utf8mb4 COLLATE utf8mb4_0900_ai_ci NOT NULL,
  `proc_ins_id` varchar(64) CHARACTER SET utf8mb4 COLLATE utf8mb4_0900_ai_ci NULL DEFAULT NULL,
  `data_content` longtext CHARACTER SET utf8mb4 COLLATE utf8mb4_0900_ai_ci NULL,
  `status` varchar(20) CHARACTER SET utf8mb4 COLLATE utf8mb4_0900_ai_ci NULL DEFAULT 'DRAFT',
  `creator` varchar(64) CHARACTER SET utf8mb4 COLLATE utf8mb4_0900_ai_ci NULL DEFAULT NULL,
  `create_time` datetime NULL DEFAULT CURRENT_TIMESTAMP,
  PRIMARY KEY (`id`) USING BTREE
) ENGINE = InnoDB CHARACTER SET = utf8mb4 COLLATE = utf8mb4_0900_ai_ci ROW_FORMAT = Dynamic;

-- ----------------------------
-- Records of lc_business_instance
-- ----------------------------
INSERT INTO `lc_business_instance` VALUES ('45dde0c5c05843c18f3b71a6b547eab3', 'form_1001', '65c22b57-3cbf-11f1-900c-52284ac9a333', '{\"days\":3,\"reason\":\"66666\"}', 'RUNNING', '1', '2026-04-20 21:46:57');
INSERT INTO `lc_business_instance` VALUES ('94994da66640433590682456ee7d98fa', 'form_1001', '0de7743e-3bf3-11f1-8094-52284ac9a333', '{\"days\":3,\"reason\":\"身体不适\"}', 'REJECTED', '1', '2026-04-19 21:24:12');
INSERT INTO `lc_business_instance` VALUES ('9c738c185dcc4563bb6908f1a2be09ba', 'form_1001', '6cecf0cc-3c00-11f1-94b8-52284ac9a333', '{\"days\":1,\"reason\":\"家里有事\"}', 'COMPLETED', '1', '2026-04-19 22:59:55');
INSERT INTO `lc_business_instance` VALUES ('9e87b1a3b78f49e18a6064ac47d2f4e0', 'form_1001', '92a5ed7b-3cb9-11f1-bfd6-52284ac9a333', '{\"days\":3,\"reason\":\"222\"}', 'COMPLETED', '1', '2026-04-20 21:05:15');
INSERT INTO `lc_business_instance` VALUES ('acaf0314d90b4d19a78c5a7f925e31ce', 'form_1001', '27def511-3cbb-11f1-a4a9-52284ac9a333', '{\"days\":22,\"reason\":\"22\"}', 'COMPLETED', '1', '2026-04-20 21:16:35');
INSERT INTO `lc_business_instance` VALUES ('b7722fbde1e4456cb80ebc3dc069515c', 'form_1001', '908ad7e8-3c04-11f1-82d8-52284ac9a333', '{\"days\":2222,\"reason\":\"444\"}', 'REJECTED', '1', '2026-04-19 23:29:33');
INSERT INTO `lc_business_instance` VALUES ('bfab9102a4124edbab37ca25ea40cdaa', 'form_1001', '4d6e217d-3cbb-11f1-a4a9-52284ac9a333', '{\"days\":777,\"reason\":\"888\"}', 'RUNNING', '2', '2026-04-20 21:17:38');
INSERT INTO `lc_business_instance` VALUES ('f567210e90e84705b94ba7796871d251', 'form_1001', '00ae4201-3c01-11f1-ac70-52284ac9a333', '{\"days\":10,\"reason\":\"再请假3\"}', 'REJECTED', '1', '2026-04-19 23:04:03');

-- ----------------------------
-- Table structure for lc_form_definition
-- ----------------------------
DROP TABLE IF EXISTS `lc_form_definition`;
CREATE TABLE `lc_form_definition`  (
  `id` varchar(64) CHARACTER SET utf8mb4 COLLATE utf8mb4_0900_ai_ci NOT NULL,
  `name` varchar(128) CHARACTER SET utf8mb4 COLLATE utf8mb4_0900_ai_ci NOT NULL,
  `schema_json` longtext CHARACTER SET utf8mb4 COLLATE utf8mb4_0900_ai_ci NULL,
  PRIMARY KEY (`id`) USING BTREE
) ENGINE = InnoDB CHARACTER SET = utf8mb4 COLLATE = utf8mb4_0900_ai_ci ROW_FORMAT = Dynamic;

-- ----------------------------
-- Records of lc_form_definition
-- ----------------------------
INSERT INTO `lc_form_definition` VALUES ('form_1001', '请假申请表', '[\n  {\n    \"label\": \"请假类型\",\n    \"field\": \"leaveType\",\n    \"type\": \"text\"\n  },\n  {\n    \"label\": \"请假天数\",\n    \"field\": \"days\",\n    \"type\": \"number\"\n  },\n  {\n    \"label\": \"开始日期\",\n    \"field\": \"startDate\",\n    \"type\": \"date\"\n  },\n  {\n    \"label\": \"结束日期\",\n    \"field\": \"endDate\",\n    \"type\": \"date\"\n  }\n]');

-- ----------------------------
-- Table structure for sys_api_call_log
-- ----------------------------
DROP TABLE IF EXISTS `sys_api_call_log`;
CREATE TABLE `sys_api_call_log`  (
  `id` bigint NOT NULL AUTO_INCREMENT,
  `api_code` varchar(64) CHARACTER SET utf8mb4 COLLATE utf8mb4_0900_ai_ci NULL DEFAULT NULL,
  `request_params` text CHARACTER SET utf8mb4 COLLATE utf8mb4_0900_ai_ci NULL,
  `response_code` int NULL DEFAULT NULL,
  `response_message` text CHARACTER SET utf8mb4 COLLATE utf8mb4_0900_ai_ci NULL,
  `cost_ms` bigint NULL DEFAULT NULL,
  `success_flag` tinyint(1) NULL DEFAULT NULL,
  `client_ip` varchar(64) CHARACTER SET utf8mb4 COLLATE utf8mb4_0900_ai_ci NULL DEFAULT NULL,
  `created_at` timestamp NULL DEFAULT CURRENT_TIMESTAMP,
  PRIMARY KEY (`id`) USING BTREE
) ENGINE = InnoDB AUTO_INCREMENT = 41 CHARACTER SET = utf8mb4 COLLATE = utf8mb4_0900_ai_ci ROW_FORMAT = Dynamic;

-- ----------------------------
-- Records of sys_api_call_log
-- ----------------------------
INSERT INTO `sys_api_call_log` VALUES (1, 'getUserList', '{}', 500, 'API is Offline', 4, 0, '0:0:0:0:0:0:0:1', '2026-04-13 00:01:45');
INSERT INTO `sys_api_call_log` VALUES (2, 'getUserPage', '{\"pageSize\":\"10\",\"pageNo\":\"1\"}', 200, NULL, 779, 1, '0:0:0:0:0:0:0:1', '2026-04-13 00:01:51');
INSERT INTO `sys_api_call_log` VALUES (3, 'getYztsomething', '{}', 500, 'Could not open JDBC Connection for transaction', 43461, 0, '0:0:0:0:0:0:0:1', '2026-04-13 00:02:11');
INSERT INTO `sys_api_call_log` VALUES (4, 'getUserList', '{\"minAge\":\"\"}', 200, NULL, 11, 1, '0:0:0:0:0:0:0:1', '2026-04-13 00:03:59');
INSERT INTO `sys_api_call_log` VALUES (5, 'getUserList', '{\"minAge\":\"\"}', 200, NULL, 711, 1, '0:0:0:0:0:0:0:1', '2026-04-13 11:59:39');
INSERT INTO `sys_api_call_log` VALUES (6, 'updateZjdw', '{}', 500, 'Could not open JDBC Connection for transaction', 43539, 0, '0:0:0:0:0:0:0:1', '2026-04-13 12:22:50');
INSERT INTO `sys_api_call_log` VALUES (7, 'getUserList', '{\"minAge\":\"\"}', 200, NULL, 14, 1, '0:0:0:0:0:0:0:1', '2026-04-13 12:52:50');
INSERT INTO `sys_api_call_log` VALUES (8, 'createOrder', '{}', 500, 'org.sagacity.sqltoy.exception.DataAccessException: java.lang.RuntimeException: org.h2.jdbc.JdbcSQLIntegrityConstraintViolationException: NULL not allowed for column \"ID\"; SQL statement:\ninsert into target_order(id, order_no, total_amount) values(null, null, null) [23502-224]', 45, 0, '0:0:0:0:0:0:0:1', '2026-04-13 12:59:33');
INSERT INTO `sys_api_call_log` VALUES (9, 'batchAddUser', '{}', 500, 'API is Offline', 3, 0, '0:0:0:0:0:0:0:1', '2026-04-14 21:11:35');
INSERT INTO `sys_api_call_log` VALUES (10, 'batchAddUser', '{\"name\":\"\",\"id\":\"\",\"age\":\"\",\"dataList\":[{\"id\":\"3\",\"name\":\"4\",\"age\":\"4\"}]}', 500, 'org.sagacity.sqltoy.exception.DataAccessException: java.lang.RuntimeException: org.h2.jdbc.JdbcSQLIntegrityConstraintViolationException: Unique index or primary key violation: \"PRIMARY KEY ON PUBLIC.TARGET_USER(ID) ( /* key:3 */ CAST(3 AS BIGINT), \'Charlie\', 35)\"; SQL statement:\ninsert into target_user(id, name, age) values(?, ?, ?) [23505-224]', 544, 0, '0:0:0:0:0:0:0:1', '2026-04-14 21:11:46');
INSERT INTO `sys_api_call_log` VALUES (11, 'batchAddUser', '{\"name\":\"\",\"id\":\"\",\"age\":\"\",\"dataList\":[{\"id\":\"322\",\"name\":\"4\",\"age\":\"4\"}]}', 200, NULL, 9, 1, '0:0:0:0:0:0:0:1', '2026-04-14 21:11:51');
INSERT INTO `sys_api_call_log` VALUES (12, 'batchAddUser', '{\"name\":\"\",\"id\":\"\",\"age\":\"\",\"dataList\":[{\"id\":\"322\",\"name\":\"4\",\"age\":\"4\"}]}', 500, 'org.sagacity.sqltoy.exception.DataAccessException: java.lang.RuntimeException: org.h2.jdbc.JdbcSQLIntegrityConstraintViolationException: Unique index or primary key violation: \"PRIMARY KEY ON PUBLIC.TARGET_USER(ID) ( /* key:322 */ CAST(322 AS BIGINT), \'4\', 4)\"; SQL statement:\ninsert into target_user(id, name, age) values(?, ?, ?) [23505-224]', 16, 0, '0:0:0:0:0:0:0:1', '2026-04-14 21:11:53');
INSERT INTO `sys_api_call_log` VALUES (13, 'getUserList', '{\"minAge\":\"\"}', 200, NULL, 64, 1, '0:0:0:0:0:0:0:1', '2026-04-14 21:12:03');
INSERT INTO `sys_api_call_log` VALUES (14, 'getUserList', '{\"minAge\":\"\"}', 200, NULL, 36, 1, '0:0:0:0:0:0:0:1', '2026-04-15 21:42:10');
INSERT INTO `sys_api_call_log` VALUES (15, 'gettarget_order_item', '{}', 500, 'API is Offline', 5, 0, '0:0:0:0:0:0:0:1', '2026-04-16 12:52:07');
INSERT INTO `sys_api_call_log` VALUES (16, 'gettarget_order_item', '{}', 500, 'org.sagacity.sqltoy.exception.DataAccessException: java.lang.RuntimeException: org.h2.jdbc.JdbcSQLSyntaxErrorException: Table \"GETTARGET_ORDER_ITEM\" not found; SQL statement:\nselect * from gettarget_order_item  [42102-224]', 22, 0, '0:0:0:0:0:0:0:1', '2026-04-16 12:52:16');
INSERT INTO `sys_api_call_log` VALUES (17, 'gettarget_order_item', '{}', 500, 'API is Offline', 5, 0, '0:0:0:0:0:0:0:1', '2026-04-16 12:52:42');
INSERT INTO `sys_api_call_log` VALUES (18, 'gettarget_order_item', '{}', 200, NULL, 11, 1, '0:0:0:0:0:0:0:1', '2026-04-16 12:52:48');
INSERT INTO `sys_api_call_log` VALUES (19, 'gettarget_order_item', '{}', 200, NULL, 11, 1, '0:0:0:0:0:0:0:1', '2026-04-16 12:52:50');
INSERT INTO `sys_api_call_log` VALUES (20, 'createOrder', '{\"totalAmount\":\"1000\",\"orderNo\":\"001\",\"item_itemName\":\"自行车\",\"item_id\":\"1\",\"item_price\":\"100\",\"id\":\"1\"}', 200, NULL, 17, 1, '0:0:0:0:0:0:0:1', '2026-04-16 12:54:02');
INSERT INTO `sys_api_call_log` VALUES (21, 'createOrder', '{\"totalAmount\":\"\",\"orderNo\":\"\",\"item_itemName\":\"\",\"item_id\":\"\",\"item_price\":\"\",\"id\":\"\"}', 500, 'org.sagacity.sqltoy.exception.DataAccessException: java.lang.RuntimeException: org.h2.jdbc.JdbcSQLIntegrityConstraintViolationException: NULL not allowed for column \"ID\"; SQL statement:\ninsert into target_order(id, order_no, total_amount) values(null, null, null) [23502-224]', 37, 0, '0:0:0:0:0:0:0:1', '2026-04-16 12:54:49');
INSERT INTO `sys_api_call_log` VALUES (22, 'createOrder', '{\"totalAmount\":\"2000\",\"orderNo\":\"0003\",\"item_itemName\":\"\",\"item_id\":\"\",\"item_price\":\"\",\"loopVar\":[{\"item_id\":\"1000\",\"item_itemName\":\"毛桃\",\"item_price\":\"800\"},{\"item_id\":\"1001\",\"item_itemName\":\"车厘子\",\"item_price\":\"1200\"}],\"id\":\"3\"}', 200, NULL, 7817, 1, '0:0:0:0:0:0:0:1', '2026-04-16 13:01:39');
INSERT INTO `sys_api_call_log` VALUES (23, 'createOrder', '{\"totalAmount\":\"2000\",\"orderNo\":\"0003\",\"item_itemName\":\"\",\"item_id\":\"\",\"item_price\":\"\",\"loopVar\":[{\"item_id\":\"1002\",\"item_itemName\":\"毛桃\",\"item_price\":\"800\"},{\"item_id\":\"1003\",\"item_itemName\":\"车厘子\",\"item_price\":\"1200\"}],\"id\":\"4\"}', 200, NULL, 69877, 1, '0:0:0:0:0:0:0:1', '2026-04-16 13:03:12');
INSERT INTO `sys_api_call_log` VALUES (24, 'createOrder', '{\"totalAmount\":\"2000\",\"item\":[{\"item_id\":\"1004\",\"item_itemName\":\"毛桃\",\"item_price\":\"800\"},{\"item_id\":\"1005\",\"item_itemName\":\"车厘子\",\"item_price\":\"1200\"}],\"orderNo\":\"0003\",\"item_itemName\":\"\",\"item_id\":\"\",\"item_price\":\"\",\"id\":\"5\"}', 500, 'org.sagacity.sqltoy.exception.DataAccessException: java.lang.RuntimeException: org.h2.jdbc.JdbcSQLIntegrityConstraintViolationException: NULL not allowed for column \"ID\"; SQL statement:\ninsert into target_order_item(id, order_id, item_name, price) values(null, ?, null, null) [23502-224]', 3589, 0, '0:0:0:0:0:0:0:1', '2026-04-16 13:03:47');
INSERT INTO `sys_api_call_log` VALUES (25, 'createOrder', '{\"totalAmount\":\"2000\",\"item\":[{\"item_id\":\"11004\",\"item_itemName\":\"毛桃\",\"item_price\":\"800\"},{\"item_id\":\"11005\",\"item_itemName\":\"车厘子\",\"item_price\":\"1200\"}],\"orderNo\":\"10003\",\"item_itemName\":\"\",\"item_id\":\"\",\"item_price\":\"\",\"id\":\"51\"}', 500, 'org.sagacity.sqltoy.exception.DataAccessException: java.lang.RuntimeException: org.h2.jdbc.JdbcSQLIntegrityConstraintViolationException: NULL not allowed for column \"ID\"; SQL statement:\ninsert into target_order_item(id, order_id, item_name, price) values(null, ?, null, null) [23502-224]', 4028, 0, '0:0:0:0:0:0:0:1', '2026-04-16 13:04:05');
INSERT INTO `sys_api_call_log` VALUES (26, 'createOrder', '{\"totalAmount\":\"2000\",\"item\":[{\"item_id\":\"11004\",\"item_itemName\":\"毛桃\",\"item_price\":\"800\"},{\"item_id\":\"11005\",\"item_itemName\":\"车厘子\",\"item_price\":\"1200\"}],\"orderNo\":\"10003\",\"item_itemName\":\"\",\"item_id\":\"\",\"item_price\":\"\",\"id\":\"51\"}', 500, 'org.sagacity.sqltoy.exception.DataAccessException: java.lang.RuntimeException: org.h2.jdbc.JdbcSQLIntegrityConstraintViolationException: NULL not allowed for column \"ID\"; SQL statement:\ninsert into target_order_item(id, order_id, item_name, price) values(null, ?, null, null) [23502-224]', 144980, 0, '0:0:0:0:0:0:0:1', '2026-04-16 13:07:17');
INSERT INTO `sys_api_call_log` VALUES (27, 'gettarget_order_item', '{}', 200, NULL, 6447, 1, '0:0:0:0:0:0:0:1', '2026-04-16 13:08:09');
INSERT INTO `sys_api_call_log` VALUES (28, 'gettarget_order_item', '{}', 200, NULL, 13, 1, '0:0:0:0:0:0:0:1', '2026-04-16 13:08:12');
INSERT INTO `sys_api_call_log` VALUES (29, 'createOrder', '{\"totalAmount\":\"111\",\"item\":[{\"item_id\":\"111111\",\"item_itemName\":\"111\",\"item_price\":\"111\"}],\"orderNo\":\"111\",\"item_itemName\":\"\",\"item_id\":\"\",\"item_price\":\"\",\"id\":\"1111\"}', 500, 'org.sagacity.sqltoy.exception.DataAccessException: java.lang.RuntimeException: org.h2.jdbc.JdbcSQLIntegrityConstraintViolationException: NULL not allowed for column \"ID\"; SQL statement:\ninsert into target_order_item(id, order_id, item_name, price) values(null, ?, null, null) [23502-224]', 114215, 0, '0:0:0:0:0:0:0:1', '2026-04-16 13:11:04');
INSERT INTO `sys_api_call_log` VALUES (30, 'createOrder', '{\"totalAmount\":\"111\",\"item\":[{\"id\":\"111111\",\"itemName\":\"111\",\"price\":\"111\"}],\"orderNo\":\"111\",\"item_itemName\":\"\",\"item_id\":\"\",\"item_price\":\"\",\"id\":\"1111\"}', 200, NULL, 22734, 1, '0:0:0:0:0:0:0:1', '2026-04-16 13:11:45');
INSERT INTO `sys_api_call_log` VALUES (31, 'createOrder', '{\"totalAmount\":\"111\",\"item\":[{\"id\":\"111131\",\"itemName\":\"111\",\"price\":\"111\"},{\"id\":\"111112\",\"itemName\":\"111\",\"price\":\"111\"}],\"orderNo\":\"111\",\"item_itemName\":\"\",\"item_id\":\"\",\"item_price\":\"\",\"id\":\"11112\"}', 200, NULL, 3961, 1, '0:0:0:0:0:0:0:1', '2026-04-16 13:12:10');
INSERT INTO `sys_api_call_log` VALUES (32, 'gettarget_order_item', '{}', 200, NULL, 32, 1, '0:0:0:0:0:0:0:1', '2026-04-16 13:12:46');
INSERT INTO `sys_api_call_log` VALUES (33, 'getUserPage', '{\"pageSize\":\"10\",\"pageNo\":\"1\"}', 200, NULL, 711, 1, '0:0:0:0:0:0:0:1', '2026-04-17 00:46:34');
INSERT INTO `sys_api_call_log` VALUES (34, 'batchAddUser', '{\"name\":\"\",\"id\":\"\",\"age\":\"\",\"dataList\":[{\"id\":\"\",\"name\":\"\",\"age\":\"\"}]}', 500, 'org.sagacity.sqltoy.exception.DataAccessException: java.lang.RuntimeException: org.h2.jdbc.JdbcSQLIntegrityConstraintViolationException: NULL not allowed for column \"ID\"; SQL statement:\ninsert into target_user(id, name, age) values(null, null, null) [23502-224]', 46, 0, '0:0:0:0:0:0:0:1', '2026-04-17 00:50:03');
INSERT INTO `sys_api_call_log` VALUES (35, 'batchAddUser', '{\"name\":\"\",\"id\":\"\",\"age\":\"\",\"dataList\":[{\"id\":\"2\",\"name\":\"3\",\"age\":\"333\"}]}', 500, 'org.sagacity.sqltoy.exception.DataAccessException: java.lang.RuntimeException: org.h2.jdbc.JdbcSQLIntegrityConstraintViolationException: Unique index or primary key violation: \"PRIMARY KEY ON PUBLIC.TARGET_USER(ID) ( /* key:2 */ CAST(2 AS BIGINT), \'Bob\', 30)\"; SQL statement:\ninsert into target_user(id, name, age) values(?, ?, ?) [23505-224]', 24, 0, '0:0:0:0:0:0:0:1', '2026-04-17 00:50:11');
INSERT INTO `sys_api_call_log` VALUES (36, 'batchAddUser', '{\"name\":\"\",\"id\":\"\",\"age\":\"\",\"dataList\":[{\"id\":\"2\",\"name\":\"3\",\"age\":\"333\"}]}', 500, 'org.sagacity.sqltoy.exception.DataAccessException: java.lang.RuntimeException: org.h2.jdbc.JdbcSQLIntegrityConstraintViolationException: Unique index or primary key violation: \"PRIMARY KEY ON PUBLIC.TARGET_USER(ID) ( /* key:2 */ CAST(2 AS BIGINT), \'Bob\', 30)\"; SQL statement:\ninsert into target_user(id, name, age) values(?, ?, ?) [23505-224]', 21, 0, '0:0:0:0:0:0:0:1', '2026-04-17 00:50:16');
INSERT INTO `sys_api_call_log` VALUES (37, 'batchAddUser', '{\"name\":\"\",\"id\":\"\",\"age\":\"\",\"dataList\":[{\"id\":\"2\",\"name\":\"3\",\"age\":\"333\"}]}', 500, 'org.sagacity.sqltoy.exception.DataAccessException: java.lang.RuntimeException: org.h2.jdbc.JdbcSQLIntegrityConstraintViolationException: Unique index or primary key violation: \"PRIMARY KEY ON PUBLIC.TARGET_USER(ID) ( /* key:2 */ CAST(2 AS BIGINT), \'Bob\', 30)\"; SQL statement:\ninsert into target_user(id, name, age) values(?, ?, ?) [23505-224]', 15, 0, '0:0:0:0:0:0:0:1', '2026-04-17 00:50:16');
INSERT INTO `sys_api_call_log` VALUES (38, 'batchAddUser', '{\"name\":\"\",\"id\":\"\",\"age\":\"\",\"dataList\":[{\"id\":\"2333\",\"name\":\"3\",\"age\":\"333\"}]}', 200, NULL, 8, 1, '0:0:0:0:0:0:0:1', '2026-04-17 00:50:21');
INSERT INTO `sys_api_call_log` VALUES (39, 'updateZjdw', '{}', 500, 'Could not open JDBC Connection for transaction', 43475, 0, '0:0:0:0:0:0:0:1', '2026-04-17 21:07:47');
INSERT INTO `sys_api_call_log` VALUES (40, 'getUserList', '{\"name\":\"Alice\",\"minAge\":\"\"}', 200, NULL, 890, 1, '127.0.0.1', '2026-04-19 21:53:22');

-- ----------------------------
-- Table structure for sys_api_data_source
-- ----------------------------
DROP TABLE IF EXISTS `sys_api_data_source`;
CREATE TABLE `sys_api_data_source`  (
  `id` bigint NOT NULL AUTO_INCREMENT,
  `code` varchar(64) CHARACTER SET utf8mb4 COLLATE utf8mb4_0900_ai_ci NOT NULL,
  `name` varchar(128) CHARACTER SET utf8mb4 COLLATE utf8mb4_0900_ai_ci NOT NULL,
  `db_type` varchar(32) CHARACTER SET utf8mb4 COLLATE utf8mb4_0900_ai_ci NULL DEFAULT NULL,
  `jdbc_url` varchar(512) CHARACTER SET utf8mb4 COLLATE utf8mb4_0900_ai_ci NULL DEFAULT NULL,
  `username` varchar(64) CHARACTER SET utf8mb4 COLLATE utf8mb4_0900_ai_ci NULL DEFAULT NULL,
  `password_encrypted` varchar(256) CHARACTER SET utf8mb4 COLLATE utf8mb4_0900_ai_ci NULL DEFAULT NULL,
  `driver_class_name` varchar(128) CHARACTER SET utf8mb4 COLLATE utf8mb4_0900_ai_ci NULL DEFAULT NULL,
  `read_only_flag` tinyint(1) NULL DEFAULT NULL,
  `pool_config_json` text CHARACTER SET utf8mb4 COLLATE utf8mb4_0900_ai_ci NULL,
  `system_code` varchar(64) CHARACTER SET utf8mb4 COLLATE utf8mb4_0900_ai_ci NULL DEFAULT NULL,
  `status` varchar(32) CHARACTER SET utf8mb4 COLLATE utf8mb4_0900_ai_ci NULL DEFAULT NULL,
  `remark` varchar(256) CHARACTER SET utf8mb4 COLLATE utf8mb4_0900_ai_ci NULL DEFAULT NULL,
  `created_at` timestamp NULL DEFAULT CURRENT_TIMESTAMP,
  `updated_at` timestamp NULL DEFAULT CURRENT_TIMESTAMP,
  PRIMARY KEY (`id`) USING BTREE
) ENGINE = InnoDB AUTO_INCREMENT = 7 CHARACTER SET = utf8mb4 COLLATE = utf8mb4_0900_ai_ci ROW_FORMAT = Dynamic;

-- ----------------------------
-- Records of sys_api_data_source
-- ----------------------------
INSERT INTO `sys_api_data_source` VALUES (1, 'target_db', 'Test Target DB', 'H2', 'jdbc:h2:mem:targetdb;INIT=RUNSCRIPT FROM \'classpath:target_schema.sql\';DB_CLOSE_DELAY=-1', 'sa', '', 'org.h2.Driver', NULL, NULL, 'target_db', NULL, NULL, '2026-04-12 23:42:43', '2026-04-12 23:42:43');
INSERT INTO `sys_api_data_source` VALUES (2, 'db_127_mysql', '本地Mysql数据库(guanwang)', 'MYSQL', 'jdbc:mysql://127.0.0.1:3306/guanwang', 'root', '123456', 'com.mysql.cj.jdbc.Driver', NULL, NULL, 'system_guanwang', 'ACTIVE', NULL, '2026-04-12 23:42:43', '2026-04-12 23:42:43');
INSERT INTO `sys_api_data_source` VALUES (3, 'db_csxt', '财审系统数据配置', 'ORACLE', 'jdbc:oracle:thin:@36.2.6.16:1521:orcl', 'JXCSXM', 'JXCSXM', 'oracle.jdbc.driver.OracleDriver', NULL, NULL, 'system_csxt', 'ACTIVE', NULL, '2026-04-12 23:42:43', '2026-04-12 23:42:43');
INSERT INTO `sys_api_data_source` VALUES (4, 'db_jhyh', '计划养护系统数据配置', 'ORACLE', 'jdbc:oracle:thin:@36.2.6.16:1521:orcl', 'JXJHYH', 'JXJHYH', 'oracle.jdbc.driver.OracleDriver', NULL, NULL, 'system_jhyh', 'ACTIVE', NULL, '2026-04-12 23:42:43', '2026-04-12 23:42:43');
INSERT INTO `sys_api_data_source` VALUES (5, 'db_sjzl', '数据治理与决策分析数据库配置', 'POSTGRESQL', 'jdbc:postgresql://36.2.11.155:5432/60waternest?charSet=utf-8', 'watersys', 'watersys', 'org.postgresql.Driver', NULL, NULL, 'system_sjzl', 'ACTIVE', NULL, '2026-04-12 23:42:43', '2026-04-12 23:42:43');
INSERT INTO `sys_api_data_source` VALUES (6, 'db_yzt', '一张图', 'ORACLE', 'jdbc:oracle:thin:@36.2.14.123:1521:uboss', 'jxjtyzt', 'jxJTyZt!^202409', 'oracle.jdbc.OracleDriver', NULL, NULL, 'system_yzt', 'ACTIVE', NULL, '2026-04-12 23:42:43', '2026-04-12 23:42:43');

-- ----------------------------
-- Table structure for sys_api_definition
-- ----------------------------
DROP TABLE IF EXISTS `sys_api_definition`;
CREATE TABLE `sys_api_definition`  (
  `id` bigint NOT NULL AUTO_INCREMENT,
  `api_code` varchar(64) CHARACTER SET utf8mb4 COLLATE utf8mb4_0900_ai_ci NOT NULL,
  `api_name` varchar(128) CHARACTER SET utf8mb4 COLLATE utf8mb4_0900_ai_ci NOT NULL,
  `api_path` varchar(256) CHARACTER SET utf8mb4 COLLATE utf8mb4_0900_ai_ci NOT NULL,
  `http_method` varchar(16) CHARACTER SET utf8mb4 COLLATE utf8mb4_0900_ai_ci NULL DEFAULT NULL,
  `operation_type` varchar(32) CHARACTER SET utf8mb4 COLLATE utf8mb4_0900_ai_ci NULL DEFAULT NULL,
  `data_source_code` varchar(64) CHARACTER SET utf8mb4 COLLATE utf8mb4_0900_ai_ci NULL DEFAULT NULL,
  `system_code` varchar(64) CHARACTER SET utf8mb4 COLLATE utf8mb4_0900_ai_ci NULL DEFAULT NULL,
  `execute_mode` varchar(32) CHARACTER SET utf8mb4 COLLATE utf8mb4_0900_ai_ci NULL DEFAULT NULL,
  `status` varchar(32) CHARACTER SET utf8mb4 COLLATE utf8mb4_0900_ai_ci NULL DEFAULT NULL,
  `auth_type` varchar(32) CHARACTER SET utf8mb4 COLLATE utf8mb4_0900_ai_ci NULL DEFAULT NULL,
  `timeout_ms` int NULL DEFAULT NULL,
  `rate_limit_per_minute` int NULL DEFAULT NULL,
  `cache_enabled` tinyint(1) NULL DEFAULT NULL,
  `cache_ttl_seconds` int NULL DEFAULT NULL,
  `current_version` varchar(32) CHARACTER SET utf8mb4 COLLATE utf8mb4_0900_ai_ci NULL DEFAULT NULL,
  `remark` varchar(256) CHARACTER SET utf8mb4 COLLATE utf8mb4_0900_ai_ci NULL DEFAULT NULL,
  `created_at` timestamp NULL DEFAULT CURRENT_TIMESTAMP,
  `updated_at` timestamp NULL DEFAULT CURRENT_TIMESTAMP,
  PRIMARY KEY (`id`) USING BTREE
) ENGINE = InnoDB AUTO_INCREMENT = 16 CHARACTER SET = utf8mb4 COLLATE = utf8mb4_0900_ai_ci ROW_FORMAT = Dynamic;

-- ----------------------------
-- Records of sys_api_definition
-- ----------------------------
INSERT INTO `sys_api_definition` VALUES (1, 'getUserList', '获取用户列表', '/getUserList', 'GET', 'QUERY', 'target_db', 'target_db', NULL, 'PUBLISHED', NULL, NULL, NULL, NULL, NULL, NULL, NULL, '2026-04-12 23:42:43', '2026-04-13 12:52:42');
INSERT INTO `sys_api_definition` VALUES (2, 'getUserPage', '分页获取用户', '/getUserPage', 'GET', 'PAGE', 'target_db', NULL, NULL, 'PUBLISHED', NULL, NULL, NULL, NULL, NULL, NULL, NULL, '2026-04-12 23:42:43', '2026-04-12 23:42:43');
INSERT INTO `sys_api_definition` VALUES (3, 'addUser', '新增用户', '/addUser', 'POST', 'INSERT', 'target_db', NULL, NULL, 'PUBLISHED', NULL, NULL, NULL, NULL, NULL, NULL, NULL, '2026-04-12 23:42:43', '2026-04-12 23:42:43');
INSERT INTO `sys_api_definition` VALUES (4, 'updateUser', '修改用户', '/updateUser', 'POST', 'UPDATE', 'target_db', NULL, NULL, 'PUBLISHED', NULL, NULL, NULL, NULL, NULL, NULL, NULL, '2026-04-12 23:42:43', '2026-04-12 23:42:43');
INSERT INTO `sys_api_definition` VALUES (5, 'deleteUser', '删除用户', '/deleteUser', 'POST', 'DELETE', 'target_db', NULL, NULL, 'PUBLISHED', NULL, NULL, NULL, NULL, NULL, NULL, NULL, '2026-04-12 23:42:43', '2026-04-12 23:42:43');
INSERT INTO `sys_api_definition` VALUES (6, 'batchAddUser', '批量新增用户', '/batchAddUser', 'POST', 'BATCH_INSERT', 'target_db', NULL, NULL, 'PUBLISHED', NULL, NULL, NULL, NULL, NULL, NULL, NULL, '2026-04-12 23:42:43', '2026-04-14 21:11:27');
INSERT INTO `sys_api_definition` VALUES (7, 'createOrder', '创建订单(主子表)', '/createOrder', 'POST', 'INSERT', 'target_db', 'target_db', 'MULTI_SQL', 'PUBLISHED', NULL, NULL, NULL, NULL, NULL, NULL, NULL, '2026-04-12 23:42:43', '2026-04-16 12:54:42');
INSERT INTO `sys_api_definition` VALUES (8, 'getYztsomething', '【公路路网-首页-固定资产投资】-统计固定资产汇总信息', '/getYztsomething', 'POST', 'QUERY', 'db_yzt', 'system_yzt', 'SINGLE', 'PUBLISHED', NULL, NULL, NULL, NULL, NULL, NULL, NULL, '2026-04-12 23:42:43', '2026-04-12 23:42:43');
INSERT INTO `sys_api_definition` VALUES (9, 'getUserInfo', '测试查询', '/getUserInfo', 'POST', 'QUERY', 'db_sjzl', 'system_sjzl', 'SINGLE', 'PUBLISHED', NULL, NULL, NULL, NULL, NULL, NULL, NULL, '2026-04-12 23:42:43', '2026-04-12 23:42:43');
INSERT INTO `sys_api_definition` VALUES (10, 'getBanner', '查询banner列表', '/getBanner', 'POST', 'QUERY', 'db_127_mysql', 'system_guanwang', 'SINGLE', 'PUBLISHED', NULL, NULL, NULL, NULL, NULL, NULL, NULL, '2026-04-12 23:42:43', '2026-04-12 23:42:43');
INSERT INTO `sys_api_definition` VALUES (11, 'insertTestLxl', '计划养护系统-插入测试表', '/insertTestLxl', 'POST', 'INSERT', 'db_jhyh', 'system_jhyh', 'SINGLE', 'PUBLISHED', NULL, NULL, NULL, NULL, NULL, NULL, NULL, '2026-04-12 23:42:43', '2026-04-12 23:42:43');
INSERT INTO `sys_api_definition` VALUES (12, 'updateZjdw', '更新资金到位', '/updateZjdw', 'POST', 'UPDATE', 'db_csxt', 'system_csxt', 'SINGLE', 'PUBLISHED', NULL, NULL, NULL, NULL, NULL, NULL, NULL, '2026-04-12 23:42:43', '2026-04-12 23:42:43');
INSERT INTO `sys_api_definition` VALUES (13, 'getJhyhXzqh', '计划养护-获取行政区划接口', '/getJhyhXzqh', 'POST', 'QUERY', 'db_jhyh', 'system_jhyh', 'SINGLE', 'PUBLISHED', NULL, NULL, NULL, NULL, NULL, NULL, NULL, '2026-04-12 23:42:43', '2026-04-12 23:42:43');
INSERT INTO `sys_api_definition` VALUES (14, 'deleteTestLxl', '计划养护系统删除测试', '/deleteTestLxl', 'POST', 'DELETE', 'db_jhyh', 'system_jhyh', 'SINGLE', 'PUBLISHED', NULL, NULL, NULL, NULL, NULL, NULL, NULL, '2026-04-12 23:42:43', '2026-04-12 23:42:43');
INSERT INTO `sys_api_definition` VALUES (15, 'gettarget_order_item', 'gettarget_order_item', '/gettarget_order_item', 'GET', 'QUERY', 'target_db', 'target_db', 'SINGLE', 'PUBLISHED', NULL, NULL, NULL, NULL, NULL, NULL, NULL, '2026-04-16 12:52:03', '2026-04-16 12:52:40');

-- ----------------------------
-- Table structure for sys_api_param_definition
-- ----------------------------
DROP TABLE IF EXISTS `sys_api_param_definition`;
CREATE TABLE `sys_api_param_definition`  (
  `id` bigint NOT NULL AUTO_INCREMENT,
  `api_code` varchar(64) CHARACTER SET utf8mb4 COLLATE utf8mb4_0900_ai_ci NOT NULL,
  `param_code` varchar(64) CHARACTER SET utf8mb4 COLLATE utf8mb4_0900_ai_ci NOT NULL,
  `param_name` varchar(128) CHARACTER SET utf8mb4 COLLATE utf8mb4_0900_ai_ci NULL DEFAULT NULL,
  `source_type` varchar(32) CHARACTER SET utf8mb4 COLLATE utf8mb4_0900_ai_ci NULL DEFAULT NULL,
  `data_type` varchar(32) CHARACTER SET utf8mb4 COLLATE utf8mb4_0900_ai_ci NULL DEFAULT NULL,
  `required_flag` tinyint(1) NULL DEFAULT NULL,
  `default_value` varchar(256) CHARACTER SET utf8mb4 COLLATE utf8mb4_0900_ai_ci NULL DEFAULT NULL,
  `regex_rule` varchar(256) CHARACTER SET utf8mb4 COLLATE utf8mb4_0900_ai_ci NULL DEFAULT NULL,
  `sort_no` int NULL DEFAULT NULL,
  PRIMARY KEY (`id`) USING BTREE
) ENGINE = InnoDB AUTO_INCREMENT = 30 CHARACTER SET = utf8mb4 COLLATE = utf8mb4_0900_ai_ci ROW_FORMAT = Dynamic;

-- ----------------------------
-- Records of sys_api_param_definition
-- ----------------------------
INSERT INTO `sys_api_param_definition` VALUES (1, 'getUserPage', 'pageNo', '页码', NULL, NULL, 0, '1', NULL, NULL);
INSERT INTO `sys_api_param_definition` VALUES (2, 'getUserPage', 'pageSize', '每页条数', NULL, NULL, 0, '10', NULL, NULL);
INSERT INTO `sys_api_param_definition` VALUES (3, 'addUser', 'id', NULL, NULL, NULL, 1, NULL, NULL, NULL);
INSERT INTO `sys_api_param_definition` VALUES (4, 'addUser', 'name', NULL, NULL, NULL, 1, NULL, NULL, NULL);
INSERT INTO `sys_api_param_definition` VALUES (5, 'addUser', 'age', NULL, NULL, NULL, 1, NULL, NULL, NULL);
INSERT INTO `sys_api_param_definition` VALUES (6, 'updateUser', 'id', NULL, NULL, NULL, 1, NULL, NULL, NULL);
INSERT INTO `sys_api_param_definition` VALUES (7, 'deleteUser', 'id', NULL, NULL, NULL, 1, NULL, NULL, NULL);
INSERT INTO `sys_api_param_definition` VALUES (14, 'getUserList', 'minAge', 'minAge', NULL, 'String', 0, '', NULL, NULL);
INSERT INTO `sys_api_param_definition` VALUES (15, 'batchAddUser', 'id', 'id', NULL, 'String', 0, '', NULL, NULL);
INSERT INTO `sys_api_param_definition` VALUES (16, 'batchAddUser', 'name', 'name', NULL, 'String', 0, '', NULL, NULL);
INSERT INTO `sys_api_param_definition` VALUES (17, 'batchAddUser', 'age', 'age', NULL, 'String', 0, '', NULL, NULL);
INSERT INTO `sys_api_param_definition` VALUES (24, 'createOrder', 'id', 'id', NULL, 'String', 0, '', NULL, NULL);
INSERT INTO `sys_api_param_definition` VALUES (25, 'createOrder', 'orderNo', 'orderNo', NULL, 'String', 0, '', NULL, NULL);
INSERT INTO `sys_api_param_definition` VALUES (26, 'createOrder', 'totalAmount', 'totalAmount', NULL, 'String', 0, '', NULL, NULL);
INSERT INTO `sys_api_param_definition` VALUES (27, 'createOrder', 'item_id', 'item_id', NULL, 'String', 0, '', NULL, NULL);
INSERT INTO `sys_api_param_definition` VALUES (28, 'createOrder', 'item_itemName', 'item_itemName', NULL, 'String', 0, '', NULL, NULL);
INSERT INTO `sys_api_param_definition` VALUES (29, 'createOrder', 'item_price', 'item_price', NULL, 'String', 0, '', NULL, NULL);

-- ----------------------------
-- Table structure for sys_api_sql_definition
-- ----------------------------
DROP TABLE IF EXISTS `sys_api_sql_definition`;
CREATE TABLE `sys_api_sql_definition`  (
  `id` bigint NOT NULL AUTO_INCREMENT,
  `api_code` varchar(64) CHARACTER SET utf8mb4 COLLATE utf8mb4_0900_ai_ci NOT NULL,
  `version` varchar(32) CHARACTER SET utf8mb4 COLLATE utf8mb4_0900_ai_ci NULL DEFAULT NULL,
  `sql_text` text CHARACTER SET utf8mb4 COLLATE utf8mb4_0900_ai_ci NULL,
  `sql_type` varchar(32) CHARACTER SET utf8mb4 COLLATE utf8mb4_0900_ai_ci NULL DEFAULT NULL,
  `result_mapping_json` text CHARACTER SET utf8mb4 COLLATE utf8mb4_0900_ai_ci NULL,
  `safe_level` int NULL DEFAULT NULL,
  `enabled_flag` tinyint(1) NULL DEFAULT NULL,
  `created_at` timestamp NULL DEFAULT CURRENT_TIMESTAMP,
  `updated_at` timestamp NULL DEFAULT CURRENT_TIMESTAMP,
  PRIMARY KEY (`id`) USING BTREE
) ENGINE = InnoDB AUTO_INCREMENT = 16 CHARACTER SET = utf8mb4 COLLATE = utf8mb4_0900_ai_ci ROW_FORMAT = Dynamic;

-- ----------------------------
-- Records of sys_api_sql_definition
-- ----------------------------
INSERT INTO `sys_api_sql_definition` VALUES (1, 'getUserList', NULL, 'select * from target_user where 1=1 #[and age >= :minAge]', 'QUERY', NULL, NULL, 1, '2026-04-12 23:42:43', '2026-04-13 12:52:42');
INSERT INTO `sys_api_sql_definition` VALUES (2, 'getUserPage', NULL, 'select * from target_user where 1=1 #[and name like :name]', 'SELECT', NULL, NULL, 1, '2026-04-12 23:42:43', '2026-04-12 23:42:43');
INSERT INTO `sys_api_sql_definition` VALUES (3, 'addUser', NULL, 'insert into target_user(id, name, age) values(:id, :name, :age)', 'INSERT', NULL, NULL, 1, '2026-04-12 23:42:43', '2026-04-12 23:42:43');
INSERT INTO `sys_api_sql_definition` VALUES (4, 'updateUser', NULL, 'update target_user set name=:name, age=:age where id=:id', 'UPDATE', NULL, NULL, 1, '2026-04-12 23:42:43', '2026-04-12 23:42:43');
INSERT INTO `sys_api_sql_definition` VALUES (5, 'deleteUser', NULL, 'delete from target_user where id=:id', 'DELETE', NULL, NULL, 1, '2026-04-12 23:42:43', '2026-04-12 23:42:43');
INSERT INTO `sys_api_sql_definition` VALUES (6, 'batchAddUser', NULL, 'insert into target_user(id, name, age) values(:id, :name, :age)', 'BATCH_INSERT', NULL, NULL, 1, '2026-04-12 23:42:43', '2026-04-14 21:11:27');
INSERT INTO `sys_api_sql_definition` VALUES (7, 'createOrder', NULL, '[\r\n  {\"type\": \"SINGLE\", \"sql\": \"insert into target_order(id, order_no, total_amount) values(:id, :orderNo, :totalAmount)\"},\r\n  {\"type\": \"BATCH\", \"loopVar\": \"item\", \"sql\": \"insert into target_order_item(id, order_id, item_name, price) values(:item_id, :id, :item_itemName, :item_price)\"}\r\n]', 'INSERT', NULL, NULL, 1, '2026-04-12 23:42:43', '2026-04-16 12:54:42');
INSERT INTO `sys_api_sql_definition` VALUES (8, 'getYztsomething', NULL, 'with curent as  (SELECT\r\n	sum( ndmb ) ndmb,\r\n	sum( bnljwc ) bnljwc,\r\n	:sjnf as sjnf,\r\n	round( sum( bnljwc ) / sum( ndmb ), 4 ) * 100 wcl \r\nFROM\r\n	dws_gl_jcxx_gdzctz \r\nWHERE\r\n	1 = 1 \r\n	AND gdlx IN ( \'高速公路\', \'农村公路\', \'国省干线\' ) #[ \r\n	AND sjnf =: sjnf ] #[ \r\n	AND nvl( xzqhdm, \'36\' ) LIKE : xzqhdm ] #[@\r\nIF\r\n	( : sjlx == \'GS\' ) \r\n	AND xzdjlx = \'1\' ] #[@\r\nIF\r\n	( : sjlx == \'GSD\' ) \r\n	AND xzdjlx = \'2\' ] #[@\r\nIF\r\n	( : sjlx == \'NCGL\' ) \r\n	AND xzdjlx = \'3\']\r\n),\r\n	last as (\r\nSELECT\r\n	sum( ndmb ) ndmb,\r\n	sum( bnljwc ) bnljwc,\r\n	:sjnf-1 as sjnf,\r\n	round( sum( bnljwc ) / sum( ndmb ), 4 ) * 100 wcl \r\nFROM\r\n	dws_gl_jcxx_gdzctz \r\nWHERE\r\n	1 = 1 \r\n	AND gdlx IN ( \'高速公路\', \'农村公路\', \'国省干线\' ) #[ \r\n	AND sjnf =: sjnf-1 ] #[ \r\n	AND nvl( xzqhdm, \'36\' ) LIKE : xzqhdm ] #[@\r\nIF\r\n	( : sjlx == \'GS\' ) \r\n	AND xzdjlx = \'1\' ] #[@\r\nIF\r\n	( : sjlx == \'GSD\' ) \r\n	AND xzdjlx = \'2\' ] #[@\r\nIF\r\n	( : sjlx == \'NCGL\' ) \r\n	AND xzdjlx = \'3\']\r\n)\r\nselect aa.*,aa.bnljwc,bb.bnljwc, round((aa.bnljwc-bb.bnljwc)/bb.bnljwc,4)*100 as tbzzl  from curent aa LEFT JOIN last bb on aa.sjnf=bb.sjnf+1', 'SELECT', NULL, NULL, 1, '2026-04-12 23:42:43', '2026-04-12 23:42:43');
INSERT INTO `sys_api_sql_definition` VALUES (9, 'getUserInfo', NULL, 'select * from user_info where 1=1 #[and user_name like :user_name]  #[and user_code=:user_code]', 'SELECT', NULL, NULL, 1, '2026-04-12 23:42:43', '2026-04-12 23:42:43');
INSERT INTO `sys_api_sql_definition` VALUES (10, 'getBanner', NULL, 'select * from banner where 1=1 #[ and title like :title]', 'SELECT', NULL, NULL, 1, '2026-04-12 23:42:43', '2026-04-12 23:42:43');
INSERT INTO `sys_api_sql_definition` VALUES (11, 'insertTestLxl', NULL, 'INSERT INTO test_lxl (\r\n    id\r\n    #[@if(:name!=null)  , name ]\r\n    #[@if(:sex!=null) , sex]  \r\n)\r\nVALUES (\r\n    sys_guid()\r\n    #[@if(:name!=null)  , :name]   \r\n    #[@if(:sex!=null)  , :sex] \r\n);', 'INSERT', NULL, NULL, 1, '2026-04-12 23:42:43', '2026-04-12 23:42:43');
INSERT INTO `sys_api_sql_definition` VALUES (12, 'updateZjdw', NULL, 'UPDATE \r\n#[@if(:type==\'资金到位\') XM_ZJDW]\r\n#[@if(:type==\'资金拨付\') XM_ZJBF]\r\n set SBTHCD = 11, XSBZT = \'未上报\', SSBZT = \'未上报\', SFTH = \'是\', SHZT = \'未审核\'\r\nWHERE \r\nXMBM  in (\r\nSELECT\r\n	xmbm \r\nFROM\r\n	XMJBXX \r\nWHERE 1=1\r\n	and xmmc = :xmmc\r\n	AND （gcfl = :jsxz or jsxz =:jsxz)\r\n)', 'UPDATE', NULL, NULL, 1, '2026-04-12 23:42:43', '2026-04-12 23:42:43');
INSERT INTO `sys_api_sql_definition` VALUES (13, 'getJhyhXzqh', NULL, 'select * from xtgl_xzqh where 1=1 #[and name like :name] #[and id=:id]', 'SELECT', NULL, NULL, 1, '2026-04-12 23:42:43', '2026-04-12 23:42:43');
INSERT INTO `sys_api_sql_definition` VALUES (14, 'deleteTestLxl', NULL, 'delete from test_lxl where id in (:id)', 'DELETE', NULL, NULL, 1, '2026-04-12 23:42:43', '2026-04-12 23:42:43');
INSERT INTO `sys_api_sql_definition` VALUES (15, 'gettarget_order_item', NULL, 'select * from target_order_item', 'QUERY', NULL, NULL, 1, '2026-04-16 12:52:03', '2026-04-16 12:52:40');

-- ----------------------------
-- Table structure for sys_api_system
-- ----------------------------
DROP TABLE IF EXISTS `sys_api_system`;
CREATE TABLE `sys_api_system`  (
  `id` bigint NOT NULL AUTO_INCREMENT,
  `system_code` varchar(64) CHARACTER SET utf8mb4 COLLATE utf8mb4_0900_ai_ci NOT NULL,
  `system_name` varchar(128) CHARACTER SET utf8mb4 COLLATE utf8mb4_0900_ai_ci NOT NULL,
  `dev_engineer` varchar(64) CHARACTER SET utf8mb4 COLLATE utf8mb4_0900_ai_ci NULL DEFAULT NULL,
  `ss_engineer` varchar(64) CHARACTER SET utf8mb4 COLLATE utf8mb4_0900_ai_ci NULL DEFAULT NULL,
  `remark` varchar(256) CHARACTER SET utf8mb4 COLLATE utf8mb4_0900_ai_ci NULL DEFAULT NULL,
  `created_at` timestamp NULL DEFAULT CURRENT_TIMESTAMP,
  `updated_at` timestamp NULL DEFAULT CURRENT_TIMESTAMP,
  PRIMARY KEY (`id`) USING BTREE,
  UNIQUE INDEX `system_code`(`system_code` ASC) USING BTREE
) ENGINE = InnoDB AUTO_INCREMENT = 7 CHARACTER SET = utf8mb4 COLLATE = utf8mb4_0900_ai_ci ROW_FORMAT = Dynamic;

-- ----------------------------
-- Records of sys_api_system
-- ----------------------------
INSERT INTO `sys_api_system` VALUES (1, 'system_csxt', '财审项目2', '占贤银2', '李秀2', '2', '2026-04-12 23:42:43', '2026-04-12 23:42:43');
INSERT INTO `sys_api_system` VALUES (2, 'system_guanwang', '本地Mysql测试', '刘小龙', '刘小龙', NULL, '2026-04-12 23:42:43', '2026-04-12 23:42:43');
INSERT INTO `sys_api_system` VALUES (3, 'system_jhyh', '计划养护系统', '刘小龙', '李秀', NULL, '2026-04-12 23:42:43', '2026-04-12 23:42:43');
INSERT INTO `sys_api_system` VALUES (4, 'system_sjzl', '数据治理与决策分析', '刘小龙', '李秀', NULL, '2026-04-12 23:42:43', '2026-04-12 23:42:43');
INSERT INTO `sys_api_system` VALUES (5, 'system_yzt', '一张图', '刘小龙', '刘小龙', NULL, '2026-04-12 23:42:43', '2026-04-12 23:42:43');
INSERT INTO `sys_api_system` VALUES (6, 'target_db', 'target_db', 'lxl', 'lxl', 'lxl', '2026-04-12 23:54:58', '2026-04-12 23:54:58');

-- ----------------------------
-- Table structure for sys_api_whitelist
-- ----------------------------
DROP TABLE IF EXISTS `sys_api_whitelist`;
CREATE TABLE `sys_api_whitelist`  (
  `id` bigint NOT NULL AUTO_INCREMENT,
  `url_pattern` varchar(256) CHARACTER SET utf8mb4 COLLATE utf8mb4_0900_ai_ci NOT NULL,
  `remark` varchar(256) CHARACTER SET utf8mb4 COLLATE utf8mb4_0900_ai_ci NULL DEFAULT NULL,
  PRIMARY KEY (`id`) USING BTREE
) ENGINE = InnoDB AUTO_INCREMENT = 4 CHARACTER SET = utf8mb4 COLLATE = utf8mb4_0900_ai_ci ROW_FORMAT = Dynamic;

-- ----------------------------
-- Records of sys_api_whitelist
-- ----------------------------
INSERT INTO `sys_api_whitelist` VALUES (1, '/admin/auth/login', '登录接口');
INSERT INTO `sys_api_whitelist` VALUES (2, '/admin/report/execute/preview', '报表预览');
INSERT INTO `sys_api_whitelist` VALUES (3, '/admin/report/execute/instance/*', '报表实例');

-- ----------------------------
-- Table structure for sys_dept
-- ----------------------------
DROP TABLE IF EXISTS `sys_dept`;
CREATE TABLE `sys_dept`  (
  `id` bigint NOT NULL AUTO_INCREMENT,
  `parent_id` bigint NULL DEFAULT NULL,
  `name` varchar(128) CHARACTER SET utf8mb4 COLLATE utf8mb4_0900_ai_ci NOT NULL,
  `sort_no` int NULL DEFAULT NULL,
  `status` varchar(32) CHARACTER SET utf8mb4 COLLATE utf8mb4_0900_ai_ci NULL DEFAULT 'ACTIVE',
  `created_at` timestamp NULL DEFAULT CURRENT_TIMESTAMP,
  PRIMARY KEY (`id`) USING BTREE
) ENGINE = InnoDB AUTO_INCREMENT = 4 CHARACTER SET = utf8mb4 COLLATE = utf8mb4_0900_ai_ci ROW_FORMAT = Dynamic;

-- ----------------------------
-- Records of sys_dept
-- ----------------------------
INSERT INTO `sys_dept` VALUES (1, NULL, '总公司', 1, 'ACTIVE', '2026-04-19 21:33:49');
INSERT INTO `sys_dept` VALUES (2, 1, '研发部', 1, 'ACTIVE', '2026-04-19 21:33:49');
INSERT INTO `sys_dept` VALUES (3, 1, '开发部', 1, 'ACTIVE', '2026-04-19 23:16:01');

-- ----------------------------
-- Table structure for sys_leave_request
-- ----------------------------
DROP TABLE IF EXISTS `sys_leave_request`;
CREATE TABLE `sys_leave_request`  (
  `id` int NOT NULL AUTO_INCREMENT,
  `user_id` bigint NOT NULL,
  `reason` varchar(255) CHARACTER SET utf8mb4 COLLATE utf8mb4_0900_ai_ci NOT NULL,
  `days` int NOT NULL,
  `status` varchar(20) CHARACTER SET utf8mb4 COLLATE utf8mb4_0900_ai_ci NULL DEFAULT 'DRAFT',
  `created_at` datetime NULL DEFAULT CURRENT_TIMESTAMP,
  PRIMARY KEY (`id`) USING BTREE
) ENGINE = InnoDB AUTO_INCREMENT = 14 CHARACTER SET = utf8mb4 COLLATE = utf8mb4_0900_ai_ci ROW_FORMAT = Dynamic;

-- ----------------------------
-- Records of sys_leave_request
-- ----------------------------
INSERT INTO `sys_leave_request` VALUES (1, 1, '1111', 2, 'PENDING', '2026-04-18 21:23:04');
INSERT INTO `sys_leave_request` VALUES (2, 1, '1111', 2, 'PENDING', '2026-04-18 21:23:08');
INSERT INTO `sys_leave_request` VALUES (3, 1, '1111', 2, 'PENDING', '2026-04-18 21:23:21');
INSERT INTO `sys_leave_request` VALUES (4, 1, '1111', 2, 'PENDING', '2026-04-18 21:23:40');
INSERT INTO `sys_leave_request` VALUES (5, 1, '1111', 2, 'PENDING', '2026-04-18 21:23:45');
INSERT INTO `sys_leave_request` VALUES (6, 1, '1111', 2, 'PENDING', '2026-04-18 21:23:59');
INSERT INTO `sys_leave_request` VALUES (7, 1, '1111', 2, 'PENDING', '2026-04-18 21:24:58');
INSERT INTO `sys_leave_request` VALUES (8, 1, '1111', 2, 'PENDING', '2026-04-18 21:27:23');
INSERT INTO `sys_leave_request` VALUES (9, 1, '1111', 2, 'PENDING', '2026-04-18 21:27:39');
INSERT INTO `sys_leave_request` VALUES (10, 1, '1111', 2, 'PENDING', '2026-04-18 21:28:12');
INSERT INTO `sys_leave_request` VALUES (11, 1, '1111', 2, 'PENDING', '2026-04-18 21:29:51');
INSERT INTO `sys_leave_request` VALUES (12, 1, '1111', 2, 'REJECTED', '2026-04-18 21:31:38');
INSERT INTO `sys_leave_request` VALUES (13, 1, '请假22', 3, 'APPROVED', '2026-04-18 21:33:05');

-- ----------------------------
-- Table structure for sys_menu
-- ----------------------------
DROP TABLE IF EXISTS `sys_menu`;
CREATE TABLE `sys_menu`  (
  `id` bigint NOT NULL AUTO_INCREMENT,
  `parent_id` bigint NULL DEFAULT NULL,
  `name` varchar(128) CHARACTER SET utf8mb4 COLLATE utf8mb4_0900_ai_ci NOT NULL,
  `path` varchar(256) CHARACTER SET utf8mb4 COLLATE utf8mb4_0900_ai_ci NULL DEFAULT NULL,
  `component` varchar(256) CHARACTER SET utf8mb4 COLLATE utf8mb4_0900_ai_ci NULL DEFAULT NULL,
  `icon` varchar(64) CHARACTER SET utf8mb4 COLLATE utf8mb4_0900_ai_ci NULL DEFAULT NULL,
  `sort_no` int NULL DEFAULT NULL,
  `visible_flag` tinyint(1) NULL DEFAULT 1,
  `keep_alive_flag` tinyint(1) NULL DEFAULT 0,
  `type_flag` varchar(32) CHARACTER SET utf8mb4 COLLATE utf8mb4_0900_ai_ci NULL DEFAULT 'MENU',
  `permission_code` varchar(128) CHARACTER SET utf8mb4 COLLATE utf8mb4_0900_ai_ci NULL DEFAULT NULL,
  `iframe_url` varchar(512) CHARACTER SET utf8mb4 COLLATE utf8mb4_0900_ai_ci NULL DEFAULT NULL,
  PRIMARY KEY (`id`) USING BTREE
) ENGINE = InnoDB AUTO_INCREMENT = 137 CHARACTER SET = utf8mb4 COLLATE = utf8mb4_0900_ai_ci ROW_FORMAT = Dynamic;

-- ----------------------------
-- Records of sys_menu
-- ----------------------------
INSERT INTO `sys_menu` VALUES (1, NULL, '系统管理', '', NULL, 'Ship', 10, 1, 0, 'MENU', '', '');
INSERT INTO `sys_menu` VALUES (2, 1, '数据源管理', '/data-source-manage', NULL, 'Coin', 5, 1, 0, 'MENU', '', NULL);
INSERT INTO `sys_menu` VALUES (3, 1, '系统管理', '/system-manage', NULL, 'Tools', 4, 1, 0, 'MENU', '', NULL);
INSERT INTO `sys_menu` VALUES (4, 1, '代码生成', '/code-gen', NULL, 'MagicStick', 6, 1, 0, 'MENU', '', NULL);
INSERT INTO `sys_menu` VALUES (5, 1, '调用日志', '/call-log', NULL, 'Document', 7, 1, 0, 'MENU', '', NULL);
INSERT INTO `sys_menu` VALUES (6, 1, '用户管理', '/sys-user', NULL, 'User', 1, 1, 0, 'MENU', '', NULL);
INSERT INTO `sys_menu` VALUES (7, 1, '角色管理', '/sys-role', NULL, 'Avatar', 2, 1, 0, 'MENU', '', NULL);
INSERT INTO `sys_menu` VALUES (8, 1, '菜单管理', '/sys-menu', NULL, 'Menu', 3, 1, 0, 'MENU', '', NULL);
INSERT INTO `sys_menu` VALUES (9, 1, '部门管理', '/sys-dept', NULL, 'Location', 4, 1, 0, 'MENU', NULL, NULL);
INSERT INTO `sys_menu` VALUES (10, NULL, 'API开放平台', '', NULL, 'Monitor', 20, 1, 0, 'MENU', NULL, NULL);
INSERT INTO `sys_menu` VALUES (11, 10, 'SQL工作台', '/sql-workbench', NULL, 'DataBoard', 1, 1, 0, 'MENU', NULL, NULL);
INSERT INTO `sys_menu` VALUES (12, 10, '接口管理', '/api-manage', NULL, 'Monitor', 2, 1, 0, 'MENU', NULL, NULL);
INSERT INTO `sys_menu` VALUES (20, NULL, '报表生成器', '', NULL, 'PieChart', 30, 1, 0, 'MENU', NULL, NULL);
INSERT INTO `sys_menu` VALUES (21, 20, '报表模板管理', '/report-template', NULL, 'Tickets', 1, 1, 0, 'MENU', NULL, NULL);
INSERT INTO `sys_menu` VALUES (22, 20, '报表实例管理', '/report-instance', NULL, 'DataAnalysis', 2, 1, 0, 'MENU', NULL, NULL);
INSERT INTO `sys_menu` VALUES (23, 2, '新增', '', NULL, '', 1, 1, 0, 'BUTTON', 'sys:db:add', NULL);
INSERT INTO `sys_menu` VALUES (24, 2, '导出', '', NULL, '', 1, 1, 0, 'BUTTON', 'sys:db:export', NULL);
INSERT INTO `sys_menu` VALUES (30, NULL, '流程管理', '', NULL, 'Connection', 40, 1, 0, 'MENU', NULL, NULL);
INSERT INTO `sys_menu` VALUES (34, 30, '流程定义管理', '/workflow/def', NULL, 'EditPen', 1, 1, 0, 'MENU', NULL, NULL);
INSERT INTO `sys_menu` VALUES (35, 30, '发起流程', '/workflow/start', NULL, 'Position', 2, 1, 0, 'MENU', NULL, NULL);
INSERT INTO `sys_menu` VALUES (36, 30, '我的待办', '/workflow/tasks', NULL, 'List', 3, 1, 0, 'MENU', NULL, NULL);
INSERT INTO `sys_menu` VALUES (37, 30, '表单表设计', '/workflow/form', NULL, 'Document', 4, 1, 0, 'MENU', NULL, NULL);
INSERT INTO `sys_menu` VALUES (101, 6, '新增用户', '', NULL, '', 1, 1, 0, 'BUTTON', 'sys:user:add', NULL);
INSERT INTO `sys_menu` VALUES (102, 6, '编辑用户', '', NULL, '', 2, 1, 0, 'BUTTON', 'sys:user:update', NULL);
INSERT INTO `sys_menu` VALUES (103, 6, '删除用户', '', NULL, '', 3, 1, 0, 'BUTTON', 'sys:user:delete', NULL);
INSERT INTO `sys_menu` VALUES (104, 6, '分配角色', '', NULL, '', 4, 1, 0, 'BUTTON', 'sys:user:assign_role', NULL);
INSERT INTO `sys_menu` VALUES (105, 6, '导出Excel', '', NULL, '', 5, 1, 0, 'BUTTON', 'sys:user:export', NULL);
INSERT INTO `sys_menu` VALUES (111, 7, '新增角色', '', NULL, '', 1, 1, 0, 'BUTTON', 'sys:role:add', NULL);
INSERT INTO `sys_menu` VALUES (112, 7, '编辑角色', '', NULL, '', 2, 1, 0, 'BUTTON', 'sys:role:update', NULL);
INSERT INTO `sys_menu` VALUES (113, 7, '删除角色', '', NULL, '', 3, 1, 0, 'BUTTON', 'sys:role:delete', NULL);
INSERT INTO `sys_menu` VALUES (114, 7, '分配菜单', '', NULL, '', 4, 1, 0, 'BUTTON', 'sys:role:assign_menu', NULL);
INSERT INTO `sys_menu` VALUES (115, 7, '导出Excel', '', NULL, '', 5, 1, 0, 'BUTTON', 'sys:role:export', NULL);
INSERT INTO `sys_menu` VALUES (121, 8, '新增菜单', '', NULL, '', 1, 1, 0, 'BUTTON', 'sys:menu:add', NULL);
INSERT INTO `sys_menu` VALUES (122, 8, '编辑菜单', '', NULL, '', 2, 1, 0, 'BUTTON', 'sys:menu:update', NULL);
INSERT INTO `sys_menu` VALUES (123, 8, '删除菜单', '', NULL, '', 3, 1, 0, 'BUTTON', 'sys:menu:delete', NULL);
INSERT INTO `sys_menu` VALUES (131, 3, '新增系统', '', NULL, '', 1, 1, 0, 'BUTTON', 'sys:dict:add', NULL);
INSERT INTO `sys_menu` VALUES (132, 3, '编辑系统', '', NULL, '', 2, 1, 0, 'BUTTON', 'sys:dict:update', NULL);
INSERT INTO `sys_menu` VALUES (133, 3, '删除系统', '', NULL, '', 3, 1, 0, 'BUTTON', 'sys:dict:delete', NULL);
INSERT INTO `sys_menu` VALUES (134, 3, '导出Excel', '', NULL, '', 4, 1, 0, 'BUTTON', 'sys:dict:export', NULL);
INSERT INTO `sys_menu` VALUES (135, NULL, 'Iframe嵌入页面', '', NULL, 'Coffee', 40, 1, 0, 'MENU', '', '');
INSERT INTO `sys_menu` VALUES (136, 135, '流程中心', '', NULL, 'FirstAidKit', 1, 1, 0, 'IFRAME', '', 'https://coflxl.ccwu.cc/');

-- ----------------------------
-- Table structure for sys_report_definition
-- ----------------------------
DROP TABLE IF EXISTS `sys_report_definition`;
CREATE TABLE `sys_report_definition`  (
  `id` bigint NOT NULL AUTO_INCREMENT COMMENT '主键',
  `name` varchar(100) CHARACTER SET utf8mb4 COLLATE utf8mb4_0900_ai_ci NOT NULL COMMENT '模板名称',
  `description` varchar(255) CHARACTER SET utf8mb4 COLLATE utf8mb4_0900_ai_ci NULL DEFAULT NULL COMMENT '描述',
  `category` varchar(50) CHARACTER SET utf8mb4 COLLATE utf8mb4_0900_ai_ci NULL DEFAULT NULL COMMENT '分类',
  `data_source_code` varchar(50) CHARACTER SET utf8mb4 COLLATE utf8mb4_0900_ai_ci NULL DEFAULT NULL COMMENT '分类',
  `sql_query` text CHARACTER SET utf8mb4 COLLATE utf8mb4_0900_ai_ci NOT NULL COMMENT 'SQL查询语句',
  `parameters_json` text CHARACTER SET utf8mb4 COLLATE utf8mb4_0900_ai_ci NULL COMMENT '参数定义JSON',
  `visualization_config_json` text CHARACTER SET utf8mb4 COLLATE utf8mb4_0900_ai_ci NULL COMMENT '可视化配置JSON',
  `layout_config_json` text CHARACTER SET utf8mb4 COLLATE utf8mb4_0900_ai_ci NULL COMMENT '布局配置JSON',
  `status` varchar(20) CHARACTER SET utf8mb4 COLLATE utf8mb4_0900_ai_ci NULL DEFAULT NULL COMMENT '状态',
  `created_at` datetime NULL DEFAULT CURRENT_TIMESTAMP COMMENT '创建时间',
  `updated_at` datetime NULL DEFAULT CURRENT_TIMESTAMP ON UPDATE CURRENT_TIMESTAMP COMMENT '更新时间',
  PRIMARY KEY (`id`) USING BTREE
) ENGINE = InnoDB AUTO_INCREMENT = 3 CHARACTER SET = utf8mb4 COLLATE = utf8mb4_0900_ai_ci COMMENT = '报表模板定义表' ROW_FORMAT = Dynamic;

-- ----------------------------
-- Records of sys_report_definition
-- ----------------------------
INSERT INTO `sys_report_definition` VALUES (1, 'user', 'user', 'user', 'target_db', 'select \r\n    id as id,\r\n    name as name,\r\n    age as age,\r\n    name as name1,\r\n    name as name2,\r\n    name as name3,\r\n    name as name4,\r\n    name as name5,\r\n    name as name6,\r\n    name as name7\r\nfrom target_user \r\nwhere 1=1 \r\n    #[and id = :id] \r\n    #[and name like :name] \r\n    #[and age > :age]', '[{\"name\":\"id\",\"type\":\"string\",\"defaultValue\":\"\",\"label\":\"id\",\"componentType\":\"input\",\"options\":\"\",\"visible\":false},{\"name\":\"name\",\"type\":\"string\",\"defaultValue\":\"\",\"label\":\"姓名\",\"componentType\":\"select\",\"options\":\"Alice:Alice,Bob:Bob\",\"visible\":true},{\"name\":\"age\",\"type\":\"number\",\"defaultValue\":\"\",\"label\":\"年龄>\",\"componentType\":\"input\",\"options\":\"\",\"visible\":true}]', '{\n  \"type\": \"table\",\n  \"columns\": [\n    {\n      \"label\": \"基础信息\",\n      \"align\": \"center\",\n      \"children\": [\n        {\n          \"label\": \"ID\",\n          \"prop\": \"id\",\n          \"width\": \"100\"\n        },\n        {\n          \"label\": \"用户名\",\n          \"prop\": \"name\"\n        },\n        {\n          \"label\": \"年龄\",\n          \"prop\": \"age\"\n        },\n        {\n          \"label\": \"用户名1\",\n          \"prop\": \"name1\"\n        },\n        {\n          \"label\": \"用户名2\",\n          \"prop\": \"name2\"\n        }\n      ]\n    },\n    {\n      \"label\": \"创建时间\",\n      \"prop\": \"created_at\",\n      \"align\": \"center\"\n    }\n  ]\n}', '{}', NULL, '2026-04-15 13:12:30', '2026-04-15 23:11:48');
INSERT INTO `sys_report_definition` VALUES (2, '用户统计', '', '用户', 'target_db', 'select \r\n    name as name,\r\n    max(age) age,\r\n    count(1) num\r\nfrom target_user \r\nwhere 1=1\r\n#[name like :name]\r\ngroup by name', '[{\"name\":\"name\",\"type\":\"string\",\"defaultValue\":\"\",\"label\":\"姓名\",\"componentType\":\"input\",\"options\":\"\",\"visible\":true}]', '{\n  \"widgets\": [\n    {\n      \"id\": \"chart1\",\n      \"type\": \"chart\",\n      \"title\": \"柱状图\",\n      \"chartConfig\": {\n        \"chartType\": \"bar\",\n        \"xAxis\": \"name\",\n        \"yAxis\": [\"age\",\"num\"],\n        \"seriesNames\": [\"年龄\",\"数量\"]\n      }\n    }, {\n      \"id\": \"chart2\",\n      \"type\": \"chart\",\n      \"title\": \"折线图\",\n      \"chartConfig\": {\n        \"chartType\": \"line\",\n        \"xAxis\": \"name\",\n        \"yAxis\": [\"age\",\"num\"],\n        \"seriesNames\": [\"年龄\",\"数量\"]\n      }\n    },\n    {\n      \"id\": \"table1\",\n      \"type\": \"table\",\n      \"title\": \"明细数据\",\n      \"tableConfig\": { \"columns\": [\n          {\n            \"label\": \"基础信息\",\n            \"children\": [\n              {\n                \"label\": \"姓名\",\n                \"prop\": \"name\"\n              },\n              {\n                \"label\": \"年龄\",\n                \"prop\": \"age\"\n              },\n              {\n                \"label\": \"数量\",\n                \"prop\": \"num\"\n              }\n            ]\n          }\n        ] }\n    }\n  ]\n}', '{\r\n  \"layout\": \"grid\",\r\n  \"items\": [\r\n    {\r\n      \"widgetId\": \"chart1\",\r\n      \"span\": 6,\r\n      \"height\": 300\r\n    },\r\n    {\r\n      \"widgetId\": \"chart2\",\r\n      \"span\": 6,\r\n      \"height\": 300\r\n    },\r\n    {\r\n      \"widgetId\": \"table1\",\r\n      \"span\": 12,\r\n      \"height\": 500\r\n    }\r\n  ]\r\n}', NULL, '2026-04-15 22:13:49', '2026-04-15 23:30:23');

-- ----------------------------
-- Table structure for sys_report_instance
-- ----------------------------
DROP TABLE IF EXISTS `sys_report_instance`;
CREATE TABLE `sys_report_instance`  (
  `id` bigint NOT NULL AUTO_INCREMENT COMMENT '主键',
  `definition_id` bigint NOT NULL COMMENT '模板ID',
  `name` varchar(100) CHARACTER SET utf8mb4 COLLATE utf8mb4_0900_ai_ci NOT NULL COMMENT '实例名称',
  `description` varchar(255) CHARACTER SET utf8mb4 COLLATE utf8mb4_0900_ai_ci NULL DEFAULT NULL COMMENT '描述',
  `data_source_code` varchar(50) CHARACTER SET utf8mb4 COLLATE utf8mb4_0900_ai_ci NOT NULL COMMENT '数据源编码',
  `actual_parameters_json` text CHARACTER SET utf8mb4 COLLATE utf8mb4_0900_ai_ci NULL COMMENT '实际参数JSON',
  `publish_status` varchar(20) CHARACTER SET utf8mb4 COLLATE utf8mb4_0900_ai_ci NULL DEFAULT 'DRAFT' COMMENT '发布状态(DRAFT,PUBLISHED,OFFLINE)',
  `access_url` varchar(255) CHARACTER SET utf8mb4 COLLATE utf8mb4_0900_ai_ci NULL DEFAULT NULL COMMENT '访问URL',
  `visibility` varchar(20) CHARACTER SET utf8mb4 COLLATE utf8mb4_0900_ai_ci NULL DEFAULT NULL COMMENT '可见性',
  `created_at` datetime NULL DEFAULT CURRENT_TIMESTAMP COMMENT '创建时间',
  `updated_at` datetime NULL DEFAULT CURRENT_TIMESTAMP ON UPDATE CURRENT_TIMESTAMP COMMENT '更新时间',
  PRIMARY KEY (`id`) USING BTREE
) ENGINE = InnoDB AUTO_INCREMENT = 5 CHARACTER SET = utf8mb4 COLLATE = utf8mb4_0900_ai_ci COMMENT = '报表实例表' ROW_FORMAT = Dynamic;

-- ----------------------------
-- Records of sys_report_instance
-- ----------------------------
INSERT INTO `sys_report_instance` VALUES (3, 1, '用户表', '展示用户基本信息', 'target_db', '{\"id\":\"\",\"name\":\"\",\"age\":\"\"}', 'PUBLISHED', NULL, NULL, '2026-04-15 14:11:55', '2026-04-15 20:59:24');
INSERT INTO `sys_report_instance` VALUES (4, 2, '用户表统计', '用户表统计用户表统计用户表统计用户表统计', 'target_db', '{}', 'PUBLISHED', NULL, NULL, '2026-04-15 22:14:05', '2026-04-15 23:40:54');

-- ----------------------------
-- Table structure for sys_role
-- ----------------------------
DROP TABLE IF EXISTS `sys_role`;
CREATE TABLE `sys_role`  (
  `id` bigint NOT NULL AUTO_INCREMENT,
  `code` varchar(64) CHARACTER SET utf8mb4 COLLATE utf8mb4_0900_ai_ci NOT NULL,
  `name` varchar(128) CHARACTER SET utf8mb4 COLLATE utf8mb4_0900_ai_ci NOT NULL,
  `status` varchar(32) CHARACTER SET utf8mb4 COLLATE utf8mb4_0900_ai_ci NULL DEFAULT 'ACTIVE',
  PRIMARY KEY (`id`) USING BTREE,
  UNIQUE INDEX `code`(`code` ASC) USING BTREE
) ENGINE = InnoDB AUTO_INCREMENT = 7 CHARACTER SET = utf8mb4 COLLATE = utf8mb4_0900_ai_ci ROW_FORMAT = Dynamic;

-- ----------------------------
-- Records of sys_role
-- ----------------------------
INSERT INTO `sys_role` VALUES (1, 'ADMIN', '超级管理员', 'ACTIVE');
INSERT INTO `sys_role` VALUES (2, 'role001', '报表用户', 'ACTIVE');
INSERT INTO `sys_role` VALUES (6, '221', '222', 'ACTIVE');

-- ----------------------------
-- Table structure for sys_role_menu
-- ----------------------------
DROP TABLE IF EXISTS `sys_role_menu`;
CREATE TABLE `sys_role_menu`  (
  `role_id` bigint NOT NULL,
  `menu_id` bigint NOT NULL,
  PRIMARY KEY (`role_id`, `menu_id`) USING BTREE
) ENGINE = InnoDB CHARACTER SET = utf8mb4 COLLATE = utf8mb4_0900_ai_ci ROW_FORMAT = Dynamic;

-- ----------------------------
-- Records of sys_role_menu
-- ----------------------------
INSERT INTO `sys_role_menu` VALUES (1, 1);
INSERT INTO `sys_role_menu` VALUES (1, 2);
INSERT INTO `sys_role_menu` VALUES (1, 3);
INSERT INTO `sys_role_menu` VALUES (1, 4);
INSERT INTO `sys_role_menu` VALUES (1, 5);
INSERT INTO `sys_role_menu` VALUES (1, 6);
INSERT INTO `sys_role_menu` VALUES (1, 7);
INSERT INTO `sys_role_menu` VALUES (1, 8);
INSERT INTO `sys_role_menu` VALUES (1, 9);
INSERT INTO `sys_role_menu` VALUES (1, 10);
INSERT INTO `sys_role_menu` VALUES (1, 11);
INSERT INTO `sys_role_menu` VALUES (1, 12);
INSERT INTO `sys_role_menu` VALUES (1, 20);
INSERT INTO `sys_role_menu` VALUES (1, 21);
INSERT INTO `sys_role_menu` VALUES (1, 22);
INSERT INTO `sys_role_menu` VALUES (1, 23);
INSERT INTO `sys_role_menu` VALUES (1, 24);
INSERT INTO `sys_role_menu` VALUES (1, 30);
INSERT INTO `sys_role_menu` VALUES (1, 34);
INSERT INTO `sys_role_menu` VALUES (1, 35);
INSERT INTO `sys_role_menu` VALUES (1, 36);
INSERT INTO `sys_role_menu` VALUES (1, 37);
INSERT INTO `sys_role_menu` VALUES (1, 101);
INSERT INTO `sys_role_menu` VALUES (1, 102);
INSERT INTO `sys_role_menu` VALUES (1, 103);
INSERT INTO `sys_role_menu` VALUES (1, 104);
INSERT INTO `sys_role_menu` VALUES (1, 105);
INSERT INTO `sys_role_menu` VALUES (1, 111);
INSERT INTO `sys_role_menu` VALUES (1, 112);
INSERT INTO `sys_role_menu` VALUES (1, 113);
INSERT INTO `sys_role_menu` VALUES (1, 114);
INSERT INTO `sys_role_menu` VALUES (1, 115);
INSERT INTO `sys_role_menu` VALUES (1, 121);
INSERT INTO `sys_role_menu` VALUES (1, 122);
INSERT INTO `sys_role_menu` VALUES (1, 123);
INSERT INTO `sys_role_menu` VALUES (1, 131);
INSERT INTO `sys_role_menu` VALUES (1, 132);
INSERT INTO `sys_role_menu` VALUES (1, 133);
INSERT INTO `sys_role_menu` VALUES (1, 134);
INSERT INTO `sys_role_menu` VALUES (1, 135);
INSERT INTO `sys_role_menu` VALUES (1, 136);
INSERT INTO `sys_role_menu` VALUES (2, 1);
INSERT INTO `sys_role_menu` VALUES (2, 2);
INSERT INTO `sys_role_menu` VALUES (2, 3);
INSERT INTO `sys_role_menu` VALUES (2, 4);
INSERT INTO `sys_role_menu` VALUES (2, 5);
INSERT INTO `sys_role_menu` VALUES (2, 6);
INSERT INTO `sys_role_menu` VALUES (2, 7);
INSERT INTO `sys_role_menu` VALUES (2, 8);
INSERT INTO `sys_role_menu` VALUES (2, 20);
INSERT INTO `sys_role_menu` VALUES (2, 21);
INSERT INTO `sys_role_menu` VALUES (2, 22);
INSERT INTO `sys_role_menu` VALUES (2, 23);
INSERT INTO `sys_role_menu` VALUES (2, 24);
INSERT INTO `sys_role_menu` VALUES (2, 30);
INSERT INTO `sys_role_menu` VALUES (2, 35);
INSERT INTO `sys_role_menu` VALUES (2, 36);
INSERT INTO `sys_role_menu` VALUES (2, 101);
INSERT INTO `sys_role_menu` VALUES (2, 102);
INSERT INTO `sys_role_menu` VALUES (2, 103);
INSERT INTO `sys_role_menu` VALUES (2, 104);
INSERT INTO `sys_role_menu` VALUES (2, 105);
INSERT INTO `sys_role_menu` VALUES (2, 111);
INSERT INTO `sys_role_menu` VALUES (2, 112);
INSERT INTO `sys_role_menu` VALUES (2, 113);
INSERT INTO `sys_role_menu` VALUES (2, 114);
INSERT INTO `sys_role_menu` VALUES (2, 115);
INSERT INTO `sys_role_menu` VALUES (2, 121);
INSERT INTO `sys_role_menu` VALUES (2, 122);
INSERT INTO `sys_role_menu` VALUES (2, 123);
INSERT INTO `sys_role_menu` VALUES (2, 131);
INSERT INTO `sys_role_menu` VALUES (2, 132);
INSERT INTO `sys_role_menu` VALUES (2, 133);
INSERT INTO `sys_role_menu` VALUES (2, 134);

-- ----------------------------
-- Table structure for sys_user
-- ----------------------------
DROP TABLE IF EXISTS `sys_user`;
CREATE TABLE `sys_user`  (
  `id` bigint NOT NULL AUTO_INCREMENT,
  `username` varchar(64) CHARACTER SET utf8mb4 COLLATE utf8mb4_0900_ai_ci NOT NULL,
  `password` varchar(256) CHARACTER SET utf8mb4 COLLATE utf8mb4_0900_ai_ci NOT NULL,
  `nickname` varchar(64) CHARACTER SET utf8mb4 COLLATE utf8mb4_0900_ai_ci NULL DEFAULT NULL,
  `status` varchar(32) CHARACTER SET utf8mb4 COLLATE utf8mb4_0900_ai_ci NULL DEFAULT 'ACTIVE',
  `created_at` timestamp NULL DEFAULT CURRENT_TIMESTAMP,
  `dept_id` bigint NULL DEFAULT NULL,
  PRIMARY KEY (`id`) USING BTREE,
  UNIQUE INDEX `username`(`username` ASC) USING BTREE
) ENGINE = InnoDB AUTO_INCREMENT = 18 CHARACTER SET = utf8mb4 COLLATE = utf8mb4_0900_ai_ci ROW_FORMAT = Dynamic;

-- ----------------------------
-- Records of sys_user
-- ----------------------------
INSERT INTO `sys_user` VALUES (1, 'admin', 'e10adc3949ba59abbe56e057f20f883e', '系统管理员', 'ACTIVE', '2026-04-16 22:00:56', 1);
INSERT INTO `sys_user` VALUES (2, 'report', 'e10adc3949ba59abbe56e057f20f883e', '报表2', 'ACTIVE', '2026-04-17 00:25:15', NULL);
INSERT INTO `sys_user` VALUES (3, 'user01', 'e10adc3949ba59abbe56e057f20f883e', '小明', 'ACTIVE', '2026-04-17 20:49:36', NULL);
INSERT INTO `sys_user` VALUES (4, 'user02', 'e10adc3949ba59abbe56e057f20f883e', '小红', 'ACTIVE', '2026-04-17 20:49:36', NULL);
INSERT INTO `sys_user` VALUES (5, 'user03', 'e10adc3949ba59abbe56e057f20f883e', '小刚', 'DISABLED', '2026-04-17 20:49:36', NULL);
INSERT INTO `sys_user` VALUES (6, 'user04', 'e10adc3949ba59abbe56e057f20f883e', '小丽', 'ACTIVE', '2026-04-17 20:49:36', NULL);
INSERT INTO `sys_user` VALUES (7, 'user05', 'e10adc3949ba59abbe56e057f20f883e', '小华', 'ACTIVE', '2026-04-17 20:49:36', NULL);
INSERT INTO `sys_user` VALUES (8, 'user06', 'e10adc3949ba59abbe56e057f20f883e', '小强', 'LOCKED', '2026-04-17 20:49:36', NULL);
INSERT INTO `sys_user` VALUES (9, 'user07', 'e10adc3949ba59abbe56e057f20f883e', '小美', 'ACTIVE', '2026-04-17 20:49:36', NULL);
INSERT INTO `sys_user` VALUES (10, 'user08', 'e10adc3949ba59abbe56e057f20f883e', '小龙', 'ACTIVE', '2026-04-17 20:49:36', NULL);
INSERT INTO `sys_user` VALUES (11, 'user09', 'e10adc3949ba59abbe56e057f20f883e', '小雪', 'DISABLED', '2026-04-17 20:49:36', NULL);
INSERT INTO `sys_user` VALUES (12, 'user10', 'e10adc3949ba59abbe56e057f20f883e', '小鹏', 'ACTIVE', '2026-04-17 20:49:36', NULL);

-- ----------------------------
-- Table structure for sys_user_role
-- ----------------------------
DROP TABLE IF EXISTS `sys_user_role`;
CREATE TABLE `sys_user_role`  (
  `user_id` bigint NOT NULL,
  `role_id` bigint NOT NULL,
  PRIMARY KEY (`user_id`, `role_id`) USING BTREE
) ENGINE = InnoDB CHARACTER SET = utf8mb4 COLLATE = utf8mb4_0900_ai_ci ROW_FORMAT = Dynamic;

-- ----------------------------
-- Records of sys_user_role
-- ----------------------------
INSERT INTO `sys_user_role` VALUES (1, 1);
INSERT INTO `sys_user_role` VALUES (2, 2);

-- ----------------------------
-- Table structure for sys_wf_def
-- ----------------------------
DROP TABLE IF EXISTS `sys_wf_def`;
CREATE TABLE `sys_wf_def`  (
  `id` bigint NOT NULL AUTO_INCREMENT,
  `name` varchar(100) CHARACTER SET utf8mb4 COLLATE utf8mb4_0900_ai_ci NOT NULL,
  `type_code` varchar(50) CHARACTER SET utf8mb4 COLLATE utf8mb4_0900_ai_ci NULL DEFAULT 'GENERAL',
  `xml_data` text CHARACTER SET utf8mb4 COLLATE utf8mb4_0900_ai_ci NOT NULL,
  `status` varchar(20) CHARACTER SET utf8mb4 COLLATE utf8mb4_0900_ai_ci NULL DEFAULT 'ACTIVE',
  `created_at` datetime NULL DEFAULT CURRENT_TIMESTAMP,
  PRIMARY KEY (`id`) USING BTREE
) ENGINE = InnoDB AUTO_INCREMENT = 6 CHARACTER SET = utf8mb4 COLLATE = utf8mb4_0900_ai_ci ROW_FORMAT = Dynamic;

-- ----------------------------
-- Records of sys_wf_def
-- ----------------------------
INSERT INTO `sys_wf_def` VALUES (4, '请假流程', '适用于总部', '<?xml version=\"1.0\" encoding=\"UTF-8\"?>\n<definitions xmlns=\"http://www.omg.org/spec/BPMN/20100524/MODEL\" xmlns:xsi=\"http://www.w3.org/2001/XMLSchema-instance\" xmlns:bpmndi=\"http://www.omg.org/spec/BPMN/20100524/DI\" xmlns:omgdc=\"http://www.omg.org/spec/DD/20100524/DC\" xmlns:bioc=\"http://bpmn.io/schema/bpmn/biocolor/1.0\" xmlns:di=\"http://www.omg.org/spec/DD/20100524/DI\" xmlns:flowable=\"http://flowable.org/bpmn\" xmlns:xsd=\"http://www.w3.org/2001/XMLSchema\" targetNamespace=\"http://www.flowable.org/processdef\">\n  <process id=\"process_fyjyprgp\" name=\"name_ibi3u0lg\" flowable:processCategory=\"form_1001\">\n    <startEvent id=\"startNode1\" name=\"开始\">\n      <outgoing>Flow_0wz9lm7</outgoing>\n    </startEvent>\n    <sequenceFlow id=\"Flow_0wz9lm7\" sourceRef=\"startNode1\" targetRef=\"Activity_0coshjn\" />\n    <exclusiveGateway id=\"Gateway_0fuds0f\">\n      <incoming>Flow_03t0pxd</incoming>\n      <outgoing>Flow_1ihuixz</outgoing>\n      <outgoing>Flow_0mjhzuw</outgoing>\n    </exclusiveGateway>\n    <sequenceFlow id=\"Flow_03t0pxd\" sourceRef=\"Activity_0coshjn\" targetRef=\"Gateway_0fuds0f\" />\n    <sequenceFlow id=\"Flow_1ihuixz\" sourceRef=\"Gateway_0fuds0f\" targetRef=\"Activity_19j66xd\">\n      <conditionExpression xsi:type=\"tFormalExpression\">${outcome== \'APPROVE\'}</conditionExpression>\n    </sequenceFlow>\n    <exclusiveGateway id=\"Gateway_0doo7tw\">\n      <incoming>Flow_13nqowp</incoming>\n      <outgoing>Flow_0t8yylh</outgoing>\n      <outgoing>Flow_0f0mviv</outgoing>\n    </exclusiveGateway>\n    <sequenceFlow id=\"Flow_13nqowp\" sourceRef=\"Activity_19j66xd\" targetRef=\"Gateway_0doo7tw\" />\n    <sequenceFlow id=\"Flow_0mjhzuw\" sourceRef=\"Gateway_0fuds0f\" targetRef=\"Activity_0rc8cli\">\n      <conditionExpression xsi:type=\"tFormalExpression\">${outcome== \'REJECT\'}</conditionExpression>\n    </sequenceFlow>\n    <sequenceFlow id=\"Flow_1q40gxc\" sourceRef=\"Activity_0rc8cli\" targetRef=\"Activity_0coshjn\" />\n    <sequenceFlow id=\"Flow_0t8yylh\" sourceRef=\"Gateway_0doo7tw\" targetRef=\"Activity_0rc8cli\">\n      <conditionExpression xsi:type=\"tFormalExpression\">${outcome== \'REJECT\'}</conditionExpression>\n    </sequenceFlow>\n    <endEvent id=\"Event_1yieqph\">\n      <incoming>Flow_0f0mviv</incoming>\n    </endEvent>\n    <sequenceFlow id=\"Flow_0f0mviv\" sourceRef=\"Gateway_0doo7tw\" targetRef=\"Event_1yieqph\">\n      <conditionExpression xsi:type=\"tFormalExpression\">${outcome== \'APPROVE\'}</conditionExpression>\n    </sequenceFlow>\n    <userTask id=\"Activity_0coshjn\" name=\"一级审批\" flowable:formKey=\"Approve:Level1\" flowable:candidateGroups=\"\" flowable:assignee=\"2\">\n      <documentation>一级审批</documentation>\n      <incoming>Flow_0wz9lm7</incoming>\n      <incoming>Flow_1q40gxc</incoming>\n      <outgoing>Flow_03t0pxd</outgoing>\n    </userTask>\n    <userTask id=\"Activity_19j66xd\" name=\"二级审批\" flowable:formKey=\"Approve:Level2\" flowable:candidateUsers=\"1,2\">\n      <incoming>Flow_1ihuixz</incoming>\n      <outgoing>Flow_13nqowp</outgoing>\n    </userTask>\n    <userTask id=\"Activity_0rc8cli\" name=\"返回填写\">\n      <incoming>Flow_0mjhzuw</incoming>\n      <incoming>Flow_0t8yylh</incoming>\n      <outgoing>Flow_1q40gxc</outgoing>\n    </userTask>\n  </process>\n  <bpmndi:BPMNDiagram id=\"BPMNDiagram_flow\">\n    <bpmndi:BPMNPlane id=\"BPMNPlane_flow\" bpmnElement=\"process_fyjyprgp\">\n      <bpmndi:BPMNEdge id=\"Flow_0f0mviv_di\" bpmnElement=\"Flow_0f0mviv\">\n        <di:waypoint x=\"735\" y=\"210\" />\n        <di:waypoint x=\"809\" y=\"210\" />\n        <di:waypoint x=\"809\" y=\"220\" />\n        <di:waypoint x=\"902\" y=\"220\" />\n      </bpmndi:BPMNEdge>\n      <bpmndi:BPMNEdge id=\"Flow_0t8yylh_di\" bpmnElement=\"Flow_0t8yylh\">\n        <di:waypoint x=\"710\" y=\"235\" />\n        <di:waypoint x=\"710\" y=\"460\" />\n        <di:waypoint x=\"400\" y=\"460\" />\n      </bpmndi:BPMNEdge>\n      <bpmndi:BPMNEdge id=\"Flow_1q40gxc_di\" bpmnElement=\"Flow_1q40gxc\">\n        <di:waypoint x=\"300\" y=\"460\" />\n        <di:waypoint x=\"170\" y=\"460\" />\n        <di:waypoint x=\"170\" y=\"270\" />\n      </bpmndi:BPMNEdge>\n      <bpmndi:BPMNEdge id=\"Flow_0mjhzuw_di\" bpmnElement=\"Flow_0mjhzuw\">\n        <di:waypoint x=\"350\" y=\"225\" />\n        <di:waypoint x=\"350\" y=\"420\" />\n      </bpmndi:BPMNEdge>\n      <bpmndi:BPMNEdge id=\"Flow_13nqowp_di\" bpmnElement=\"Flow_13nqowp\">\n        <di:waypoint x=\"570\" y=\"210\" />\n        <di:waypoint x=\"685\" y=\"210\" />\n      </bpmndi:BPMNEdge>\n      <bpmndi:BPMNEdge id=\"Flow_1ihuixz_di\" bpmnElement=\"Flow_1ihuixz\">\n        <di:waypoint x=\"375\" y=\"200\" />\n        <di:waypoint x=\"423\" y=\"200\" />\n        <di:waypoint x=\"423\" y=\"210\" />\n        <di:waypoint x=\"470\" y=\"210\" />\n      </bpmndi:BPMNEdge>\n      <bpmndi:BPMNEdge id=\"Flow_03t0pxd_di\" bpmnElement=\"Flow_03t0pxd\">\n        <di:waypoint x=\"240\" y=\"230\" />\n        <di:waypoint x=\"283\" y=\"230\" />\n        <di:waypoint x=\"283\" y=\"200\" />\n        <di:waypoint x=\"325\" y=\"200\" />\n      </bpmndi:BPMNEdge>\n      <bpmndi:BPMNEdge id=\"Flow_0wz9lm7_di\" bpmnElement=\"Flow_0wz9lm7\">\n        <di:waypoint x=\"35\" y=\"220\" />\n        <di:waypoint x=\"83\" y=\"220\" />\n        <di:waypoint x=\"83\" y=\"230\" />\n        <di:waypoint x=\"140\" y=\"230\" />\n      </bpmndi:BPMNEdge>\n      <bpmndi:BPMNShape id=\"BPMNShape_startNode1\" bpmnElement=\"startNode1\" bioc:stroke=\"\">\n        <omgdc:Bounds x=\"5\" y=\"205\" width=\"30\" height=\"30\" />\n        <bpmndi:BPMNLabel>\n          <omgdc:Bounds x=\"8\" y=\"242\" width=\"22\" height=\"14\" />\n        </bpmndi:BPMNLabel>\n      </bpmndi:BPMNShape>\n      <bpmndi:BPMNShape id=\"Gateway_0fuds0f_di\" bpmnElement=\"Gateway_0fuds0f\" isMarkerVisible=\"true\">\n        <omgdc:Bounds x=\"325\" y=\"175\" width=\"50\" height=\"50\" />\n      </bpmndi:BPMNShape>\n      <bpmndi:BPMNShape id=\"Gateway_0doo7tw_di\" bpmnElement=\"Gateway_0doo7tw\" isMarkerVisible=\"true\">\n        <omgdc:Bounds x=\"685\" y=\"185\" width=\"50\" height=\"50\" />\n      </bpmndi:BPMNShape>\n      <bpmndi:BPMNShape id=\"Event_1yieqph_di\" bpmnElement=\"Event_1yieqph\">\n        <omgdc:Bounds x=\"902\" y=\"202\" width=\"36\" height=\"36\" />\n      </bpmndi:BPMNShape>\n      <bpmndi:BPMNShape id=\"Activity_1wrt4md_di\" bpmnElement=\"Activity_0coshjn\">\n        <omgdc:Bounds x=\"140\" y=\"190\" width=\"100\" height=\"80\" />\n      </bpmndi:BPMNShape>\n      <bpmndi:BPMNShape id=\"Activity_1k2csxh_di\" bpmnElement=\"Activity_19j66xd\">\n        <omgdc:Bounds x=\"470\" y=\"170\" width=\"100\" height=\"80\" />\n      </bpmndi:BPMNShape>\n      <bpmndi:BPMNShape id=\"Activity_0apsvq4_di\" bpmnElement=\"Activity_0rc8cli\">\n        <omgdc:Bounds x=\"300\" y=\"420\" width=\"100\" height=\"80\" />\n      </bpmndi:BPMNShape>\n    </bpmndi:BPMNPlane>\n  </bpmndi:BPMNDiagram>\n</definitions>\n', 'ACTIVE', '2026-04-20 22:40:21');
INSERT INTO `sys_wf_def` VALUES (5, '辞职流程', '适用于总部', '<?xml version=\"1.0\" encoding=\"UTF-8\"?>\n<definitions xmlns=\"http://www.omg.org/spec/BPMN/20100524/MODEL\" xmlns:xsi=\"http://www.w3.org/2001/XMLSchema-instance\" xmlns:bpmndi=\"http://www.omg.org/spec/BPMN/20100524/DI\" xmlns:omgdc=\"http://www.omg.org/spec/DD/20100524/DC\" xmlns:bioc=\"http://bpmn.io/schema/bpmn/biocolor/1.0\" xmlns:di=\"http://www.omg.org/spec/DD/20100524/DI\" xmlns:flowable=\"http://flowable.org/bpmn\" xmlns:xsd=\"http://www.w3.org/2001/XMLSchema\" targetNamespace=\"http://www.flowable.org/processdef\">\n  <process id=\"process_9iy341pn\" name=\"name_04h89xzd\" flowable:processCategory=\"LEAVE\">\n    <startEvent id=\"startNode1\" name=\"开始\">\n      <outgoing>Flow_0oee6et</outgoing>\n    </startEvent>\n    <sequenceFlow id=\"Flow_0oee6et\" sourceRef=\"startNode1\" targetRef=\"Activity_13c76fj\" />\n    <userTask id=\"Activity_13c76fj\" name=\"一级审批\" flowable:assignee=\"1\">\n      <incoming>Flow_0oee6et</incoming>\n      <outgoing>Flow_1a36zh8</outgoing>\n    </userTask>\n    <sequenceFlow id=\"Flow_1a36zh8\" sourceRef=\"Activity_13c76fj\" targetRef=\"Gateway_1mto3cv\" />\n    <parallelGateway id=\"Gateway_1mto3cv\">\n      <incoming>Flow_1a36zh8</incoming>\n      <outgoing>Flow_0j9s728</outgoing>\n      <outgoing>Flow_1n1lq8n</outgoing>\n    </parallelGateway>\n    <sequenceFlow id=\"Flow_0j9s728\" sourceRef=\"Gateway_1mto3cv\" targetRef=\"Activity_00t8617\" />\n    <sequenceFlow id=\"Flow_1n1lq8n\" sourceRef=\"Gateway_1mto3cv\" targetRef=\"Activity_1sijfpb\" />\n    <exclusiveGateway id=\"Gateway_1r4nkwd\">\n      <incoming>Flow_06nggud</incoming>\n      <outgoing>Flow_0w4qv6t</outgoing>\n      <outgoing>Flow_01xo9lm</outgoing>\n    </exclusiveGateway>\n    <sequenceFlow id=\"Flow_06nggud\" sourceRef=\"Activity_00t8617\" targetRef=\"Gateway_1r4nkwd\" />\n    <exclusiveGateway id=\"Gateway_19fxte5\">\n      <incoming>Flow_0kdi6ch</incoming>\n      <outgoing>Flow_10f7i6e</outgoing>\n      <outgoing>Flow_0ls8uw3</outgoing>\n    </exclusiveGateway>\n    <sequenceFlow id=\"Flow_0kdi6ch\" sourceRef=\"Activity_1sijfpb\" targetRef=\"Gateway_19fxte5\" />\n    <endEvent id=\"Event_12tga4l\">\n      <incoming>Flow_10f7i6e</incoming>\n      <incoming>Flow_0w4qv6t</incoming>\n    </endEvent>\n    <sequenceFlow id=\"Flow_10f7i6e\" sourceRef=\"Gateway_19fxte5\" targetRef=\"Event_12tga4l\">\n      <conditionExpression xsi:type=\"tFormalExpression\">${outcome== \'APPROVE\'}</conditionExpression>\n    </sequenceFlow>\n    <sequenceFlow id=\"Flow_0w4qv6t\" sourceRef=\"Gateway_1r4nkwd\" targetRef=\"Event_12tga4l\">\n      <conditionExpression xsi:type=\"tFormalExpression\">${outcome== \'APPROVE\'}</conditionExpression>\n    </sequenceFlow>\n    <userTask id=\"Activity_00t8617\" name=\"二级审批-会签1\" flowable:assignee=\"1\">\n      <incoming>Flow_0j9s728</incoming>\n      <outgoing>Flow_06nggud</outgoing>\n    </userTask>\n    <userTask id=\"Activity_1sijfpb\" name=\"二级审批-会签2\" flowable:assignee=\"2\">\n      <incoming>Flow_1n1lq8n</incoming>\n      <outgoing>Flow_0kdi6ch</outgoing>\n    </userTask>\n    <sequenceFlow id=\"Flow_01xo9lm\" sourceRef=\"Gateway_1r4nkwd\" targetRef=\"Activity_1ceecnp\">\n      <conditionExpression xsi:type=\"tFormalExpression\">${outcome== \'REJECT\'}</conditionExpression>\n    </sequenceFlow>\n    <userTask id=\"Activity_1ceecnp\">\n      <incoming>Flow_01xo9lm</incoming>\n      <incoming>Flow_0ls8uw3</incoming>\n    </userTask>\n    <sequenceFlow id=\"Flow_0ls8uw3\" sourceRef=\"Gateway_19fxte5\" targetRef=\"Activity_1ceecnp\">\n      <conditionExpression xsi:type=\"tFormalExpression\">${outcome== \'REJECT\'}</conditionExpression>\n    </sequenceFlow>\n  </process>\n  <bpmndi:BPMNDiagram id=\"BPMNDiagram_flow\">\n    <bpmndi:BPMNPlane id=\"BPMNPlane_flow\" bpmnElement=\"process_9iy341pn\">\n      <bpmndi:BPMNEdge id=\"Flow_0ls8uw3_di\" bpmnElement=\"Flow_0ls8uw3\">\n        <di:waypoint x=\"730\" y=\"275\" />\n        <di:waypoint x=\"730\" y=\"500\" />\n        <di:waypoint x=\"1030\" y=\"500\" />\n        <di:waypoint x=\"1030\" y=\"-170\" />\n        <di:waypoint x=\"430\" y=\"-170\" />\n      </bpmndi:BPMNEdge>\n      <bpmndi:BPMNEdge id=\"Flow_01xo9lm_di\" bpmnElement=\"Flow_01xo9lm\">\n        <di:waypoint x=\"710\" y=\"-105\" />\n        <di:waypoint x=\"710\" y=\"-140\" />\n        <di:waypoint x=\"430\" y=\"-140\" />\n      </bpmndi:BPMNEdge>\n      <bpmndi:BPMNEdge id=\"Flow_0w4qv6t_di\" bpmnElement=\"Flow_0w4qv6t\">\n        <di:waypoint x=\"735\" y=\"-80\" />\n        <di:waypoint x=\"820\" y=\"-80\" />\n        <di:waypoint x=\"820\" y=\"250\" />\n        <di:waypoint x=\"862\" y=\"250\" />\n      </bpmndi:BPMNEdge>\n      <bpmndi:BPMNEdge id=\"Flow_10f7i6e_di\" bpmnElement=\"Flow_10f7i6e\">\n        <di:waypoint x=\"755\" y=\"250\" />\n        <di:waypoint x=\"862\" y=\"250\" />\n      </bpmndi:BPMNEdge>\n      <bpmndi:BPMNEdge id=\"Flow_0kdi6ch_di\" bpmnElement=\"Flow_0kdi6ch\">\n        <di:waypoint x=\"620\" y=\"250\" />\n        <di:waypoint x=\"705\" y=\"250\" />\n      </bpmndi:BPMNEdge>\n      <bpmndi:BPMNEdge id=\"Flow_06nggud_di\" bpmnElement=\"Flow_06nggud\">\n        <di:waypoint x=\"620\" y=\"40\" />\n        <di:waypoint x=\"710\" y=\"40\" />\n        <di:waypoint x=\"710\" y=\"-55\" />\n      </bpmndi:BPMNEdge>\n      <bpmndi:BPMNEdge id=\"Flow_1n1lq8n_di\" bpmnElement=\"Flow_1n1lq8n\">\n        <di:waypoint x=\"460\" y=\"165\" />\n        <di:waypoint x=\"460\" y=\"250\" />\n        <di:waypoint x=\"520\" y=\"250\" />\n      </bpmndi:BPMNEdge>\n      <bpmndi:BPMNEdge id=\"Flow_0j9s728_di\" bpmnElement=\"Flow_0j9s728\">\n        <di:waypoint x=\"460\" y=\"115\" />\n        <di:waypoint x=\"460\" y=\"40\" />\n        <di:waypoint x=\"520\" y=\"40\" />\n      </bpmndi:BPMNEdge>\n      <bpmndi:BPMNEdge id=\"Flow_1a36zh8_di\" bpmnElement=\"Flow_1a36zh8\">\n        <di:waypoint x=\"310\" y=\"140\" />\n        <di:waypoint x=\"435\" y=\"140\" />\n      </bpmndi:BPMNEdge>\n      <bpmndi:BPMNEdge id=\"Flow_0oee6et_di\" bpmnElement=\"Flow_0oee6et\">\n        <di:waypoint x=\"145\" y=\"230\" />\n        <di:waypoint x=\"260\" y=\"230\" />\n        <di:waypoint x=\"260\" y=\"180\" />\n      </bpmndi:BPMNEdge>\n      <bpmndi:BPMNShape id=\"BPMNShape_startNode1\" bpmnElement=\"startNode1\" bioc:stroke=\"\">\n        <omgdc:Bounds x=\"115\" y=\"215\" width=\"30\" height=\"30\" />\n        <bpmndi:BPMNLabel>\n          <omgdc:Bounds x=\"118\" y=\"252\" width=\"22\" height=\"14\" />\n        </bpmndi:BPMNLabel>\n      </bpmndi:BPMNShape>\n      <bpmndi:BPMNShape id=\"Activity_0joj16k_di\" bpmnElement=\"Activity_13c76fj\">\n        <omgdc:Bounds x=\"210\" y=\"100\" width=\"100\" height=\"80\" />\n      </bpmndi:BPMNShape>\n      <bpmndi:BPMNShape id=\"Gateway_13qorle_di\" bpmnElement=\"Gateway_1mto3cv\">\n        <omgdc:Bounds x=\"435\" y=\"115\" width=\"50\" height=\"50\" />\n      </bpmndi:BPMNShape>\n      <bpmndi:BPMNShape id=\"Gateway_1r4nkwd_di\" bpmnElement=\"Gateway_1r4nkwd\" isMarkerVisible=\"true\">\n        <omgdc:Bounds x=\"685\" y=\"-105\" width=\"50\" height=\"50\" />\n      </bpmndi:BPMNShape>\n      <bpmndi:BPMNShape id=\"Gateway_19fxte5_di\" bpmnElement=\"Gateway_19fxte5\" isMarkerVisible=\"true\">\n        <omgdc:Bounds x=\"705\" y=\"225\" width=\"50\" height=\"50\" />\n      </bpmndi:BPMNShape>\n      <bpmndi:BPMNShape id=\"Event_12tga4l_di\" bpmnElement=\"Event_12tga4l\">\n        <omgdc:Bounds x=\"862\" y=\"232\" width=\"36\" height=\"36\" />\n      </bpmndi:BPMNShape>\n      <bpmndi:BPMNShape id=\"Activity_07b7i20_di\" bpmnElement=\"Activity_00t8617\">\n        <omgdc:Bounds x=\"520\" y=\"0\" width=\"100\" height=\"80\" />\n      </bpmndi:BPMNShape>\n      <bpmndi:BPMNShape id=\"Activity_1u3flf3_di\" bpmnElement=\"Activity_1sijfpb\">\n        <omgdc:Bounds x=\"520\" y=\"210\" width=\"100\" height=\"80\" />\n      </bpmndi:BPMNShape>\n      <bpmndi:BPMNShape id=\"Activity_1dnqqan_di\" bpmnElement=\"Activity_1ceecnp\">\n        <omgdc:Bounds x=\"330\" y=\"-180\" width=\"100\" height=\"80\" />\n      </bpmndi:BPMNShape>\n    </bpmndi:BPMNPlane>\n  </bpmndi:BPMNDiagram>\n</definitions>\n', 'ACTIVE', '2026-04-20 22:40:11');

-- ----------------------------
-- Table structure for sys_wf_form
-- ----------------------------
DROP TABLE IF EXISTS `sys_wf_form`;
CREATE TABLE `sys_wf_form`  (
  `id` bigint NOT NULL AUTO_INCREMENT,
  `user_id` bigint NOT NULL,
  `def_id` bigint NOT NULL,
  `title` varchar(255) CHARACTER SET utf8mb4 COLLATE utf8mb4_0900_ai_ci NOT NULL,
  `content` text CHARACTER SET utf8mb4 COLLATE utf8mb4_0900_ai_ci NULL,
  `status` varchar(20) CHARACTER SET utf8mb4 COLLATE utf8mb4_0900_ai_ci NULL DEFAULT 'DRAFT',
  `created_at` datetime NULL DEFAULT CURRENT_TIMESTAMP,
  PRIMARY KEY (`id`) USING BTREE
) ENGINE = InnoDB AUTO_INCREMENT = 26 CHARACTER SET = utf8mb4 COLLATE = utf8mb4_0900_ai_ci ROW_FORMAT = Dynamic;

-- ----------------------------
-- Records of sys_wf_form
-- ----------------------------
INSERT INTO `sys_wf_form` VALUES (1, 1, 5, '333', '3333', 'APPROVED', '2026-04-18 22:27:15');
INSERT INTO `sys_wf_form` VALUES (2, 1, 4, '44', '4444444', 'APPROVED', '2026-04-18 22:44:58');
INSERT INTO `sys_wf_form` VALUES (3, 1, 4, '张三请假三天', '请审批', 'APPROVED', '2026-04-18 22:58:36');
INSERT INTO `sys_wf_form` VALUES (4, 1, 4, '121', '1212', 'APPROVED', '2026-04-18 23:00:25');
INSERT INTO `sys_wf_form` VALUES (5, 1, 4, '33', '22', 'APPROVED', '2026-04-18 23:01:36');
INSERT INTO `sys_wf_form` VALUES (6, 1, 4, '22', '333', 'REJECTED', '2026-04-18 23:03:29');
INSERT INTO `sys_wf_form` VALUES (7, 1, 4, '44', '55', 'REJECTED', '2026-04-18 23:03:54');
INSERT INTO `sys_wf_form` VALUES (8, 1, 4, '33', '444', 'APPROVED', '2026-04-18 23:05:07');
INSERT INTO `sys_wf_form` VALUES (9, 1, 4, '444', '555', 'APPROVED', '2026-04-18 23:05:35');
INSERT INTO `sys_wf_form` VALUES (10, 1, 4, '33', '444', 'REJECTED', '2026-04-18 23:07:04');
INSERT INTO `sys_wf_form` VALUES (11, 1, 4, '232', '23233', 'REJECTED', '2026-04-18 23:09:30');
INSERT INTO `sys_wf_form` VALUES (12, 1, 4, '333', '444', 'APPROVED', '2026-04-18 23:10:06');
INSERT INTO `sys_wf_form` VALUES (13, 1, 4, '4', '4', 'APPROVED', '2026-04-18 23:12:15');
INSERT INTO `sys_wf_form` VALUES (14, 1, 4, '333', '444', 'APPROVED', '2026-04-18 23:14:15');
INSERT INTO `sys_wf_form` VALUES (15, 1, 4, '45', '66', 'APPROVED', '2026-04-18 23:15:26');
INSERT INTO `sys_wf_form` VALUES (16, 1, 4, '333', '444', 'RUNNING', '2026-04-18 23:28:04');
INSERT INTO `sys_wf_form` VALUES (17, 1, 4, '333', '444', 'RUNNING', '2026-04-18 23:28:06');
INSERT INTO `sys_wf_form` VALUES (18, 1, 4, '333', '444', 'RUNNING', '2026-04-18 23:28:06');
INSERT INTO `sys_wf_form` VALUES (19, 1, 4, '333', '444', 'RUNNING', '2026-04-18 23:28:07');
INSERT INTO `sys_wf_form` VALUES (20, 1, 4, '333', '444', 'RUNNING', '2026-04-18 23:28:07');
INSERT INTO `sys_wf_form` VALUES (21, 1, 4, '333', '444', 'RUNNING', '2026-04-18 23:28:11');
INSERT INTO `sys_wf_form` VALUES (22, 1, 4, '333', '444', 'RUNNING', '2026-04-18 23:28:18');
INSERT INTO `sys_wf_form` VALUES (23, 1, 4, '333', '444', 'RUNNING', '2026-04-18 23:28:35');
INSERT INTO `sys_wf_form` VALUES (24, 1, 4, '333', '444', 'RUNNING', '2026-04-18 23:28:35');
INSERT INTO `sys_wf_form` VALUES (25, 1, 4, '333', '444', 'RUNNING', '2026-04-18 23:28:55');

SET FOREIGN_KEY_CHECKS = 1;
